Arrival_Date,Commodity,Market,Min_Price,Max_Price,Modal_Price,State,District
2002-10-09,Groundnut,Sendhwa,1031.0,1111.0,1071.0,Madhya Pradesh,Badwani
2002-10-10,Groundnut,Sendhwa,1100.0,1230.0,1165.0,Madhya Pradesh,Badwani
2002-10-11,Groundnut,Sendhwa,1051.0,1200.0,1126.0,Madhya Pradesh,Badwani
2002-10-12,Groundnut,Sendhwa,990.0,1071.0,1031.0,Madhya Pradesh,Badwani
2002-10-14,Groundnut,Sendhwa,900.0,1051.0,976.0,Madhya Pradesh,Badwani
2002-10-16,Groundnut,Sendhwa,951.0,1111.0,1031.0,Madhya Pradesh,Badwani
2002-10-17,Groundnut,Sendhwa,975.0,1011.0,993.0,Madhya Pradesh,Badwani
2002-10-18,Groundnut,Sendhwa,1035.0,1100.0,1068.0,Madhya Pradesh,Badwani
2002-10-19,Groundnut,Sendhwa,1091.0,1225.0,1158.0,Madhya Pradesh,Badwani
2002-10-21,Groundnut,Sendhwa,1250.0,1460.0,1355.0,Madhya Pradesh,Badwani
2002-10-22,Groundnut,Sendhwa,1245.0,1572.0,1409.0,Madhya Pradesh,Badwani
2002-10-23,Groundnut,Sendhwa,1301.0,1751.0,1526.0,Madhya Pradesh,Badwani
2002-10-24,Groundnut,Sendhwa,1351.0,1671.0,1511.0,Madhya Pradesh,Badwani
2002-10-25,Groundnut,Sendhwa,1300.0,1550.0,1425.0,Madhya Pradesh,Badwani
2002-10-26,Groundnut,Sendhwa,1121.0,1551.0,1336.0,Madhya Pradesh,Badwani
2002-10-28,Groundnut,Sendhwa,1460.0,1562.0,1511.0,Madhya Pradesh,Badwani
2002-10-29,Groundnut,Sendhwa,1316.0,1555.0,1436.0,Madhya Pradesh,Badwani
2002-10-30,Groundnut,Sendhwa,1476.0,1551.0,1514.0,Madhya Pradesh,Badwani
2002-10-31,Groundnut,Sendhwa,1381.0,1550.0,1466.0,Madhya Pradesh,Badwani
2002-11-01,Groundnut,Sendhwa,1422.0,1575.0,1498.0,Madhya Pradesh,Badwani
2002-11-02,Groundnut,Sendhwa,1375.0,1551.0,1463.0,Madhya Pradesh,Badwani
2002-11-09,Groundnut,Sendhwa,1656.0,1701.0,1679.0,Madhya Pradesh,Badwani
2002-11-11,Groundnut,Sendhwa,1675.0,1801.0,1738.0,Madhya Pradesh,Badwani
2002-11-12,Groundnut,Sendhwa,1750.0,1900.0,1825.0,Madhya Pradesh,Badwani
2002-11-13,Groundnut,Sendhwa,1700.0,1851.0,1776.0,Madhya Pradesh,Badwani
2002-11-14,Groundnut,Sendhwa,1708.0,1775.0,1717.0,Madhya Pradesh,Badwani
2002-11-15,Groundnut,Sendhwa,1675.0,1785.0,1730.0,Madhya Pradesh,Badwani
2002-11-16,Groundnut,Sendhwa,1694.0,1732.0,1713.0,Madhya Pradesh,Badwani
2002-11-18,Groundnut,Sendhwa,1661.0,1751.0,1706.0,Madhya Pradesh,Badwani
2002-11-19,Groundnut,Sendhwa,1662.0,1685.0,1674.0,Madhya Pradesh,Badwani
2002-11-20,Groundnut,Sendhwa,1200.0,1721.0,1461.0,Madhya Pradesh,Badwani
2002-11-21,Groundnut,Sendhwa,1650.0,1715.0,1683.0,Madhya Pradesh,Badwani
2002-11-22,Groundnut,Sendhwa,1671.0,1711.0,1691.0,Madhya Pradesh,Badwani
2002-11-23,Groundnut,Sendhwa,1641.0,1701.0,1671.0,Madhya Pradesh,Badwani
2002-11-25,Groundnut,Sendhwa,1641.0,1701.0,1671.0,Madhya Pradesh,Badwani
2002-11-26,Groundnut,Sendhwa,1575.0,1653.0,1614.0,Madhya Pradesh,Badwani
2002-11-27,Groundnut,Sendhwa,1575.0,1642.0,1609.0,Madhya Pradesh,Badwani
2002-11-28,Groundnut,Sendhwa,1615.0,1632.0,1624.0,Madhya Pradesh,Badwani
2002-11-29,Groundnut,Sendhwa,1575.0,1653.0,1614.0,Madhya Pradesh,Badwani
2002-11-30,Groundnut,Sendhwa,1601.0,1655.0,1628.0,Madhya Pradesh,Badwani
2002-12-02,Groundnut,Sendhwa,1501.0,1621.0,1561.0,Madhya Pradesh,Badwani
2002-12-03,Groundnut,Sendhwa,1600.0,1670.0,1635.0,Madhya Pradesh,Badwani
2002-12-04,Groundnut,Sendhwa,1600.0,1670.0,1635.0,Madhya Pradesh,Badwani
2002-12-05,Groundnut,Sendhwa,1550.0,1600.0,1575.0,Madhya Pradesh,Badwani
2002-12-06,Groundnut,Sendhwa,1600.0,1654.0,1627.0,Madhya Pradesh,Badwani
2002-12-07,Groundnut,Sendhwa,1551.0,1675.0,1613.0,Madhya Pradesh,Badwani
2002-12-09,Groundnut,Sendhwa,1572.0,1690.0,1631.0,Madhya Pradesh,Badwani
2002-12-10,Groundnut,Sendhwa,1600.0,1655.0,1629.0,Madhya Pradesh,Badwani
2002-12-11,Groundnut,Sendhwa,1587.0,1650.0,1619.0,Madhya Pradesh,Badwani
2002-12-12,Groundnut,Sendhwa,1600.0,1676.0,1638.0,Madhya Pradesh,Badwani
2002-12-13,Groundnut,Sendhwa,1625.0,1685.0,1655.0,Madhya Pradesh,Badwani
2002-12-14,Groundnut,Sendhwa,1576.0,1651.0,1614.0,Madhya Pradesh,Badwani
2002-12-16,Groundnut,Sendhwa,1627.0,1665.0,1646.0,Madhya Pradesh,Badwani
2002-12-17,Groundnut,Sendhwa,1642.0,1715.0,1679.0,Madhya Pradesh,Badwani
2002-12-18,Groundnut,Sendhwa,1600.0,1706.0,1653.0,Madhya Pradesh,Badwani
2002-12-19,Groundnut,Sendhwa,1611.0,1728.0,1670.0,Madhya Pradesh,Badwani
2002-12-20,Groundnut,Sendhwa,1642.0,1745.0,1693.0,Madhya Pradesh,Badwani
2002-12-21,Groundnut,Sendhwa,1661.0,1711.0,1668.0,Madhya Pradesh,Badwani
2002-12-23,Groundnut,Sendhwa,1671.0,1755.0,1731.0,Madhya Pradesh,Badwani
2002-12-24,Groundnut,Sendhwa,1700.0,1836.0,1768.0,Madhya Pradesh,Badwani
2002-12-25,Groundnut,Sendhwa,1771.0,1875.0,1823.0,Madhya Pradesh,Badwani
2002-12-26,Groundnut,Sendhwa,1751.0,1860.0,1806.0,Madhya Pradesh,Badwani
2002-12-27,Groundnut,Sendhwa,1742.0,1835.0,1789.0,Madhya Pradesh,Badwani
2002-12-28,Groundnut,Sendhwa,1650.0,1801.0,1726.0,Madhya Pradesh,Badwani
2002-12-30,Groundnut,Sendhwa,1771.0,1837.0,1804.0,Madhya Pradesh,Badwani
2002-12-31,Groundnut,Sendhwa,1813.0,1911.0,1862.0,Madhya Pradesh,Badwani
2003-01-01,Groundnut,Sendhwa,1805.0,1911.0,1858.0,Madhya Pradesh,Badwani
2003-01-02,Groundnut,Sendhwa,1828.0,1881.0,1854.0,Madhya Pradesh,Badwani
2003-01-03,Groundnut,Sendhwa,1785.0,1860.0,1823.0,Madhya Pradesh,Badwani
2003-01-04,Groundnut,Sendhwa,1790.0,1865.0,1828.0,Madhya Pradesh,Badwani
2003-01-06,Groundnut,Sendhwa,1800.0,1899.0,1850.0,Madhya Pradesh,Badwani
2003-01-07,Groundnut,Sendhwa,1811.0,1851.0,1831.0,Madhya Pradesh,Badwani
2003-01-09,Groundnut,Sendhwa,1827.0,1925.0,1876.0,Madhya Pradesh,Badwani
2003-01-10,Groundnut,Sendhwa,1854.0,1932.0,1893.0,Madhya Pradesh,Badwani
2003-01-11,Groundnut,Sendhwa,1850.0,1930.0,1890.0,Madhya Pradesh,Badwani
2003-01-13,Groundnut,Sendhwa,1850.0,1900.0,1875.0,Madhya Pradesh,Badwani
2003-01-16,Groundnut,Sendhwa,1911.0,1917.0,1914.0,Madhya Pradesh,Badwani
2003-01-20,Groundnut,Sendhwa,1901.0,1953.0,1927.0,Madhya Pradesh,Badwani
2003-01-21,Groundnut,Sendhwa,1970.0,2015.0,1993.0,Madhya Pradesh,Badwani
2003-01-22,Groundnut,Sendhwa,2024.0,2076.0,2050.0,Madhya Pradesh,Badwani
2003-01-23,Groundnut,Sendhwa,2051.0,2151.0,2101.0,Madhya Pradesh,Badwani
2003-01-24,Groundnut,Sendhwa,2105.0,2200.0,2153.0,Madhya Pradesh,Badwani
2003-01-25,Groundnut,Sendhwa,2151.0,2202.0,2177.0,Madhya Pradesh,Badwani
2003-01-27,Groundnut,Sendhwa,2137.0,2180.0,2159.0,Madhya Pradesh,Badwani
2003-01-28,Groundnut,Sendhwa,2150.0,2200.0,2175.0,Madhya Pradesh,Badwani
2003-01-29,Groundnut,Sendhwa,2150.0,2200.0,2175.0,Madhya Pradesh,Badwani
2003-01-30,Groundnut,Sendhwa,2075.0,2095.0,2085.0,Madhya Pradesh,Badwani
2003-01-31,Groundnut,Sendhwa,2101.0,2154.0,2128.0,Madhya Pradesh,Badwani
2003-02-01,Groundnut,Sendhwa,2081.0,2100.0,2091.0,Madhya Pradesh,Badwani
2003-02-04,Groundnut,Sendhwa,2101.0,2158.0,2130.0,Madhya Pradesh,Badwani
2003-02-05,Groundnut,Sendhwa,2100.0,2139.0,2120.0,Madhya Pradesh,Badwani
2003-02-07,Groundnut,Sendhwa,2100.0,2175.0,2137.0,Madhya Pradesh,Badwani
2003-02-08,Groundnut,Sendhwa,2086.0,2125.0,2105.0,Madhya Pradesh,Badwani
2003-02-10,Groundnut,Sendhwa,2140.0,2141.0,2140.0,Madhya Pradesh,Badwani
2003-02-11,Groundnut,Sendhwa,2122.0,2151.0,2137.0,Madhya Pradesh,Badwani
2003-10-10,Groundnut,Sendhwa,825.0,951.0,888.0,Madhya Pradesh,Badwani
2003-10-11,Groundnut,Sendhwa,825.0,851.0,838.0,Madhya Pradesh,Badwani
2003-10-14,Groundnut,Sendhwa,925.0,925.0,925.0,Madhya Pradesh,Badwani
2003-10-15,Groundnut,Sendhwa,900.0,1600.0,1250.0,Madhya Pradesh,Badwani
2003-10-16,Groundnut,Sendhwa,900.0,1500.0,1200.0,Madhya Pradesh,Badwani
2003-10-17,Groundnut,Sendhwa,975.0,975.0,975.0,Madhya Pradesh,Badwani
2003-10-18,Groundnut,Sendhwa,951.0,1575.0,1263.0,Madhya Pradesh,Badwani
2003-10-20,Groundnut,Sendhwa,1011.0,1550.0,1281.0,Madhya Pradesh,Badwani
2003-10-21,Groundnut,Sendhwa,1011.0,1550.0,1280.0,Madhya Pradesh,Badwani
2003-10-22,Groundnut,Sendhwa,961.0,1562.0,1262.0,Madhya Pradesh,Badwani
2003-10-28,Groundnut,Sendhwa,1201.0,1531.0,1366.0,Madhya Pradesh,Badwani
2003-10-29,Groundnut,Sendhwa,1511.0,1511.0,1511.0,Madhya Pradesh,Badwani
2003-11-01,Groundnut,Sendhwa,1450.0,1521.0,1511.0,Madhya Pradesh,Badwani
2003-11-03,Groundnut,Sendhwa,1500.0,1525.0,1513.0,Madhya Pradesh,Badwani
2003-11-04,Groundnut,Sendhwa,1481.0,1550.0,1516.0,Madhya Pradesh,Badwani
2003-11-05,Groundnut,Sendhwa,1500.0,1550.0,1512.0,Madhya Pradesh,Badwani
2003-11-06,Groundnut,Sendhwa,1470.0,1521.0,1495.0,Madhya Pradesh,Badwani
2003-11-07,Groundnut,Sendhwa,1411.0,1501.0,1451.0,Madhya Pradesh,Badwani
2003-11-13,Groundnut,Sendhwa,1500.0,1550.0,1525.0,Madhya Pradesh,Badwani
2003-11-14,Groundnut,Sendhwa,1525.0,1525.0,1525.0,Madhya Pradesh,Badwani
2003-11-15,Groundnut,Sendhwa,1400.0,1531.0,1466.0,Madhya Pradesh,Badwani
2003-11-17,Groundnut,Sendhwa,1525.0,1531.0,1528.0,Madhya Pradesh,Badwani
2003-11-18,Groundnut,Sendhwa,1480.0,1531.0,1506.0,Madhya Pradesh,Badwani
2003-11-19,Groundnut,Sendhwa,1525.0,1525.0,1525.0,Madhya Pradesh,Badwani
2003-11-20,Groundnut,Sendhwa,1450.0,1541.0,1496.0,Madhya Pradesh,Badwani
2003-11-21,Groundnut,Sendhwa,1545.0,1551.0,1551.0,Madhya Pradesh,Badwani
2003-11-22,Groundnut,Sendhwa,1450.0,1550.0,1500.0,Madhya Pradesh,Badwani
2003-11-24,Groundnut,Sendhwa,1475.0,1580.0,1528.0,Madhya Pradesh,Badwani
2003-11-25,Groundnut,Sendhwa,1551.0,1580.0,1571.0,Madhya Pradesh,Badwani
2003-11-26,Groundnut,Sendhwa,1525.0,1601.0,1563.0,Madhya Pradesh,Badwani
2003-11-27,Groundnut,Sendhwa,1581.0,1627.0,1604.0,Madhya Pradesh,Badwani
2003-11-28,Groundnut,Sendhwa,1505.0,1653.0,1621.0,Madhya Pradesh,Badwani
2003-11-29,Groundnut,Sendhwa,1450.0,1625.0,1538.0,Madhya Pradesh,Badwani
2003-12-02,Groundnut,Sendhwa,1575.0,1575.0,1575.0,Madhya Pradesh,Badwani
2003-12-03,Groundnut,Sendhwa,1580.0,1671.0,1625.0,Madhya Pradesh,Badwani
2003-12-04,Groundnut,Sendhwa,1590.0,1701.0,1646.0,Madhya Pradesh,Badwani
2003-12-05,Groundnut,Sendhwa,1621.0,1725.0,1673.0,Madhya Pradesh,Badwani
2003-12-06,Groundnut,Sendhwa,1660.0,1730.0,1695.0,Madhya Pradesh,Badwani
2003-12-08,Groundnut,Sendhwa,1675.0,1700.0,1680.0,Madhya Pradesh,Badwani
2003-12-09,Groundnut,Sendhwa,1645.0,1740.0,1695.0,Madhya Pradesh,Badwani
2003-12-10,Groundnut,Sendhwa,1707.0,1768.0,1738.0,Madhya Pradesh,Badwani
2003-12-11,Groundnut,Sendhwa,1707.0,1768.0,1738.0,Madhya Pradesh,Badwani
2003-12-12,Groundnut,Sendhwa,1650.0,1786.0,1750.0,Madhya Pradesh,Badwani
2003-12-13,Groundnut,Sendhwa,1650.0,1829.0,1739.0,Madhya Pradesh,Badwani
2003-12-15,Groundnut,Sendhwa,1712.0,1839.0,1776.0,Madhya Pradesh,Badwani
2003-12-16,Groundnut,Sendhwa,1715.0,1859.0,1787.0,Madhya Pradesh,Badwani
2003-12-17,Groundnut,Sendhwa,1766.0,1867.0,1851.0,Madhya Pradesh,Badwani
2003-12-18,Groundnut,Sendhwa,1726.0,1871.0,1799.0,Madhya Pradesh,Badwani
2003-12-19,Groundnut,Sendhwa,1755.0,1859.0,1807.0,Madhya Pradesh,Badwani
2003-12-20,Groundnut,Sendhwa,1725.0,1870.0,1798.0,Madhya Pradesh,Badwani
2003-12-22,Groundnut,Sendhwa,1751.0,1859.0,1805.0,Madhya Pradesh,Badwani
2003-12-23,Groundnut,Sendhwa,1775.0,1850.0,1813.0,Madhya Pradesh,Badwani
2003-12-24,Groundnut,Sendhwa,1752.0,1825.0,1789.0,Madhya Pradesh,Badwani
2003-12-25,Groundnut,Sendhwa,1750.0,1830.0,1790.0,Madhya Pradesh,Badwani
2003-12-26,Groundnut,Sendhwa,1771.0,1833.0,1802.0,Madhya Pradesh,Badwani
2003-12-27,Groundnut,Sendhwa,1715.0,1843.0,1801.0,Madhya Pradesh,Badwani
2003-12-29,Groundnut,Sendhwa,1750.0,1850.0,1800.0,Madhya Pradesh,Badwani
2003-12-30,Groundnut,Sendhwa,1700.0,1831.0,1766.0,Madhya Pradesh,Badwani
2003-12-31,Groundnut,Sendhwa,1770.0,1831.0,1801.0,Madhya Pradesh,Badwani
2004-01-01,Groundnut,Sendhwa,1725.0,1811.0,1768.0,Madhya Pradesh,Badwani
2004-01-02,Groundnut,Sendhwa,1775.0,1815.0,1800.0,Madhya Pradesh,Badwani
2004-01-03,Groundnut,Sendhwa,1700.0,1783.0,1741.0,Madhya Pradesh,Badwani
2004-01-05,Groundnut,Sendhwa,1700.0,1790.0,1775.0,Madhya Pradesh,Badwani
2004-01-06,Groundnut,Sendhwa,1700.0,1800.0,1750.0,Madhya Pradesh,Badwani
2004-01-07,Groundnut,Sendhwa,1740.0,1770.0,1755.0,Madhya Pradesh,Badwani
2004-01-08,Groundnut,Sendhwa,1725.0,1771.0,1748.0,Madhya Pradesh,Badwani
2004-01-09,Groundnut,Sendhwa,1700.0,1741.0,1721.0,Madhya Pradesh,Badwani
2004-01-10,Groundnut,Sendhwa,1630.0,1750.0,1690.0,Madhya Pradesh,Badwani
2004-01-12,Groundnut,Sendhwa,1711.0,1737.0,1724.0,Madhya Pradesh,Badwani
2004-01-13,Groundnut,Sendhwa,1711.0,1748.0,1730.0,Madhya Pradesh,Badwani
2004-01-14,Groundnut,Sendhwa,1800.0,1800.0,1800.0,Madhya Pradesh,Badwani
2004-01-15,Groundnut,Sendhwa,1700.0,1735.0,1718.0,Madhya Pradesh,Badwani
2004-01-16,Groundnut,Sendhwa,1681.0,1739.0,1729.0,Madhya Pradesh,Badwani
2004-01-17,Groundnut,Sendhwa,1710.0,1750.0,1725.0,Madhya Pradesh,Badwani
2004-01-19,Groundnut,Sendhwa,1740.0,1750.0,1750.0,Madhya Pradesh,Badwani
2004-01-20,Groundnut,Sendhwa,1670.0,1770.0,1760.0,Madhya Pradesh,Badwani
2004-01-21,Groundnut,Sendhwa,1755.0,1770.0,1756.0,Madhya Pradesh,Badwani
2004-01-22,Groundnut,Sendhwa,1725.0,1793.0,1759.0,Madhya Pradesh,Badwani
2004-01-23,Groundnut,Sendhwa,1800.0,1816.0,1808.0,Madhya Pradesh,Badwani
2004-01-24,Groundnut,Sendhwa,1766.0,1825.0,1796.0,Madhya Pradesh,Badwani
2004-01-27,Groundnut,Sendhwa,1775.0,1825.0,1800.0,Madhya Pradesh,Badwani
2004-01-28,Groundnut,Sendhwa,1739.0,1813.0,1770.0,Madhya Pradesh,Badwani
2004-01-29,Groundnut,Sendhwa,1750.0,1813.0,1775.0,Madhya Pradesh,Badwani
2004-01-30,Groundnut,Sendhwa,1725.0,1822.0,1775.0,Madhya Pradesh,Badwani
2004-01-31,Groundnut,Sendhwa,1707.0,1779.0,1753.0,Madhya Pradesh,Badwani
2004-02-02,Groundnut,Sendhwa,1700.0,1780.0,1740.0,Madhya Pradesh,Badwani
2004-02-04,Groundnut,Sendhwa,1732.0,1800.0,1766.0,Madhya Pradesh,Badwani
2004-02-06,Groundnut,Sendhwa,1775.0,1830.0,1821.0,Madhya Pradesh,Badwani
2004-02-07,Groundnut,Sendhwa,1800.0,1837.0,1821.0,Madhya Pradesh,Badwani
2004-02-09,Groundnut,Sendhwa,1778.0,1835.0,1807.0,Madhya Pradesh,Badwani
2004-02-10,Groundnut,Sendhwa,1767.0,1858.0,1831.0,Madhya Pradesh,Badwani
2004-02-11,Groundnut,Sendhwa,1785.0,1842.0,1814.0,Madhya Pradesh,Badwani
2004-02-12,Groundnut,Sendhwa,1800.0,1876.0,1838.0,Madhya Pradesh,Badwani
2004-02-13,Groundnut,Sendhwa,1851.0,1872.0,1866.0,Madhya Pradesh,Badwani
2004-02-14,Groundnut,Sendhwa,1831.0,1880.0,1856.0,Madhya Pradesh,Badwani
2004-02-17,Groundnut,Sendhwa,1801.0,1841.0,1820.0,Madhya Pradesh,Badwani
2004-02-19,Groundnut,Sendhwa,1800.0,1860.0,1830.0,Madhya Pradesh,Badwani
2004-02-20,Groundnut,Sendhwa,1820.0,1865.0,1840.0,Madhya Pradesh,Badwani
2004-02-21,Groundnut,Sendhwa,1823.0,1872.0,1850.0,Madhya Pradesh,Badwani
2004-02-23,Groundnut,Sendhwa,1811.0,1881.0,1846.0,Madhya Pradesh,Badwani
2004-02-24,Groundnut,Sendhwa,1825.0,1875.0,1850.0,Madhya Pradesh,Badwani
2004-02-25,Groundnut,Sendhwa,1800.0,1869.0,1830.0,Madhya Pradesh,Badwani
2004-02-26,Groundnut,Sendhwa,1830.0,1841.0,1836.0,Madhya Pradesh,Badwani
2004-02-27,Groundnut,Sendhwa,1765.0,1800.0,1777.0,Madhya Pradesh,Badwani
2004-02-28,Groundnut,Sendhwa,1711.0,1820.0,1766.0,Madhya Pradesh,Badwani
2004-10-20,Groundnut,Sendhwa,1100.0,1121.0,1110.0,Madhya Pradesh,Badwani
2004-10-21,Groundnut,Sendhwa,1100.0,1121.0,1111.0,Madhya Pradesh,Badwani
2004-10-25,Groundnut,Sendhwa,1160.0,1160.0,1160.0,Madhya Pradesh,Badwani
2004-10-26,Groundnut,Sendhwa,1125.0,1725.0,1225.0,Madhya Pradesh,Badwani
2004-10-27,Groundnut,Sendhwa,1101.0,1680.0,1102.0,Madhya Pradesh,Badwani
2004-10-30,Groundnut,Sendhwa,1601.0,1753.0,1677.0,Madhya Pradesh,Badwani
2004-11-03,Groundnut,Sendhwa,1222.0,1832.0,1527.0,Madhya Pradesh,Badwani
2004-11-05,Groundnut,Sendhwa,1725.0,1861.0,1793.0,Madhya Pradesh,Badwani
2004-11-06,Groundnut,Sendhwa,1700.0,1850.0,1775.0,Madhya Pradesh,Badwani
2004-11-09,Groundnut,Sendhwa,1750.0,1825.0,1787.0,Madhya Pradesh,Badwani
2004-11-15,Groundnut,Sendhwa,1700.0,1751.0,1725.0,Madhya Pradesh,Badwani
2004-11-16,Groundnut,Sendhwa,1675.0,1751.0,1713.0,Madhya Pradesh,Badwani
2004-11-17,Groundnut,Sendhwa,1600.0,1700.0,1650.0,Madhya Pradesh,Badwani
2004-11-18,Groundnut,Sendhwa,1675.0,1700.0,1687.0,Madhya Pradesh,Badwani
2004-11-25,Groundnut,Sendhwa,1651.0,1700.0,1675.0,Madhya Pradesh,Badwani
2004-11-26,Groundnut,Sendhwa,1650.0,1700.0,1675.0,Madhya Pradesh,Badwani
2004-11-27,Groundnut,Sendhwa,1500.0,1741.0,1620.0,Madhya Pradesh,Badwani
2004-11-29,Groundnut,Sendhwa,1653.0,1722.0,1675.0,Madhya Pradesh,Badwani
2004-11-30,Groundnut,Sendhwa,1640.0,1690.0,1680.0,Madhya Pradesh,Badwani
2004-12-02,Groundnut,Sendhwa,1642.0,1675.0,1660.0,Madhya Pradesh,Badwani
2004-12-03,Groundnut,Sendhwa,1616.0,1676.0,1658.0,Madhya Pradesh,Badwani
2004-12-04,Groundnut,Sendhwa,1600.0,1671.0,1661.0,Madhya Pradesh,Badwani
2004-12-06,Groundnut,Sendhwa,1600.0,1630.0,1615.0,Madhya Pradesh,Badwani
2004-12-07,Groundnut,Sendhwa,1613.0,1675.0,1641.0,Madhya Pradesh,Badwani
2004-12-08,Groundnut,Sendhwa,1627.0,1694.0,1651.0,Madhya Pradesh,Badwani
2004-12-09,Groundnut,Sendhwa,1641.0,1675.0,1660.0,Madhya Pradesh,Badwani
2004-12-10,Groundnut,Sendhwa,1200.0,1251.0,1245.0,Madhya Pradesh,Badwani
2004-12-11,Groundnut,Sendhwa,1611.0,1701.0,1660.0,Madhya Pradesh,Badwani
2004-12-13,Groundnut,Sendhwa,1641.0,1681.0,1661.0,Madhya Pradesh,Badwani
2004-12-14,Groundnut,Sendhwa,1650.0,1725.0,1688.0,Madhya Pradesh,Badwani
2004-12-15,Groundnut,Sendhwa,1626.0,1730.0,1680.0,Madhya Pradesh,Badwani
2004-12-16,Groundnut,Sendhwa,1622.0,1665.0,1641.0,Madhya Pradesh,Badwani
2004-12-17,Groundnut,Sendhwa,1605.0,1666.0,1651.0,Madhya Pradesh,Badwani
2004-12-18,Groundnut,Sendhwa,1616.0,1651.0,1631.0,Madhya Pradesh,Badwani
2004-12-20,Groundnut,Sendhwa,1611.0,1651.0,1641.0,Madhya Pradesh,Badwani
2004-12-21,Groundnut,Sendhwa,1611.0,1671.0,1651.0,Madhya Pradesh,Badwani
2004-12-22,Groundnut,Sendhwa,1615.0,1645.0,1621.0,Madhya Pradesh,Badwani
2004-12-23,Groundnut,Sendhwa,1591.0,1635.0,1621.0,Madhya Pradesh,Badwani
2004-12-24,Groundnut,Sendhwa,1575.0,1615.0,1600.0,Madhya Pradesh,Badwani
2004-12-25,Groundnut,Sendhwa,1585.0,1600.0,1600.0,Madhya Pradesh,Badwani
2004-12-27,Groundnut,Sendhwa,1600.0,1602.0,1601.0,Madhya Pradesh,Badwani
2004-12-28,Groundnut,Sendhwa,1600.0,1601.0,1601.0,Madhya Pradesh,Badwani
2004-12-29,Groundnut,Sendhwa,1600.0,1600.0,1600.0,Madhya Pradesh,Badwani
2004-12-30,Groundnut,Sendhwa,1590.0,1600.0,1600.0,Madhya Pradesh,Badwani
2004-12-31,Groundnut,Sendhwa,1575.0,1603.0,1600.0,Madhya Pradesh,Badwani
2005-01-01,Groundnut,Sendhwa,1600.0,1601.0,1600.0,Madhya Pradesh,Badwani
2005-01-03,Groundnut,Sendhwa,1580.0,1600.0,1600.0,Madhya Pradesh,Badwani
2005-01-04,Groundnut,Sendhwa,1590.0,1600.0,1591.0,Madhya Pradesh,Badwani
2005-01-05,Groundnut,Sendhwa,1590.0,1611.0,1600.0,Madhya Pradesh,Badwani
2005-01-06,Groundnut,Sendhwa,1550.0,1625.0,1611.0,Madhya Pradesh,Badwani
2005-01-07,Groundnut,Sendhwa,1561.0,1600.0,1581.0,Madhya Pradesh,Badwani
2005-01-08,Groundnut,Sendhwa,1561.0,1600.0,1581.0,Madhya Pradesh,Badwani
2005-01-10,Groundnut,Sendhwa,1551.0,1611.0,1575.0,Madhya Pradesh,Badwani
2005-01-11,Groundnut,Sendhwa,1570.0,1606.0,1575.0,Madhya Pradesh,Badwani
2005-01-12,Groundnut,Sendhwa,1561.0,1605.0,1601.0,Madhya Pradesh,Badwani
2005-01-13,Groundnut,Sendhwa,1580.0,1605.0,1600.0,Madhya Pradesh,Badwani
2005-01-14,Groundnut,Sendhwa,1580.0,1623.0,1600.0,Madhya Pradesh,Badwani
2005-01-15,Groundnut,Sendhwa,1580.0,1605.0,1600.0,Madhya Pradesh,Badwani
2005-01-18,Groundnut,Sendhwa,1550.0,1600.0,1575.0,Madhya Pradesh,Badwani
2005-01-19,Groundnut,Sendhwa,1550.0,1600.0,1575.0,Madhya Pradesh,Badwani
2005-01-20,Groundnut,Sendhwa,1550.0,1550.0,1550.0,Madhya Pradesh,Badwani
2005-01-21,Groundnut,Sendhwa,1581.0,1610.0,1600.0,Madhya Pradesh,Badwani
2005-01-22,Groundnut,Sendhwa,1595.0,1611.0,1605.0,Madhya Pradesh,Badwani
2005-01-25,Groundnut,Sendhwa,1556.0,1600.0,1591.0,Madhya Pradesh,Badwani
2005-01-27,Groundnut,Sendhwa,1530.0,1561.0,1561.0,Madhya Pradesh,Badwani
2005-01-28,Groundnut,Sendhwa,1512.0,1550.0,1521.0,Madhya Pradesh,Badwani
2005-01-29,Groundnut,Sendhwa,1511.0,1515.0,1511.0,Madhya Pradesh,Badwani
2005-01-31,Groundnut,Sendhwa,1500.0,1500.0,1500.0,Madhya Pradesh,Badwani
2005-02-01,Groundnut,Sendhwa,1505.0,1511.0,1505.0,Madhya Pradesh,Badwani
2005-02-02,Groundnut,Sendhwa,1500.0,1500.0,1500.0,Madhya Pradesh,Badwani
2005-02-03,Groundnut,Sendhwa,1500.0,1525.0,1511.0,Madhya Pradesh,Badwani
2005-02-04,Groundnut,Sendhwa,1521.0,1585.0,1553.0,Madhya Pradesh,Badwani
2005-02-05,Groundnut,Sendhwa,1601.0,1622.0,1611.0,Madhya Pradesh,Badwani
2005-02-07,Groundnut,Sendhwa,1550.0,1551.0,1550.0,Madhya Pradesh,Badwani
2005-02-08,Groundnut,Sendhwa,1570.0,1614.0,1605.0,Madhya Pradesh,Badwani
2005-02-09,Groundnut,Sendhwa,1590.0,1600.0,1600.0,Madhya Pradesh,Badwani
2005-02-10,Groundnut,Sendhwa,1551.0,1556.0,1555.0,Madhya Pradesh,Badwani
2005-02-11,Groundnut,Sendhwa,1575.0,1616.0,1600.0,Madhya Pradesh,Badwani
2005-02-12,Groundnut,Sendhwa,1551.0,1575.0,1571.0,Madhya Pradesh,Badwani
2005-02-14,Groundnut,Sendhwa,1575.0,1575.0,1575.0,Madhya Pradesh,Badwani
2005-02-15,Groundnut,Sendhwa,1611.0,1635.0,1625.0,Madhya Pradesh,Badwani
2005-02-16,Groundnut,Sendhwa,1611.0,1622.0,1615.0,Madhya Pradesh,Badwani
2005-02-17,Groundnut,Sendhwa,1580.0,1645.0,1625.0,Madhya Pradesh,Badwani
2005-02-18,Groundnut,Sendhwa,1601.0,1625.0,1621.0,Madhya Pradesh,Badwani
2005-02-19,Groundnut,Sendhwa,1600.0,1605.0,1600.0,Madhya Pradesh,Badwani
2005-02-21,Groundnut,Sendhwa,1641.0,1641.0,1641.0,Madhya Pradesh,Badwani
2005-02-22,Groundnut,Sendhwa,1646.0,1646.0,1646.0,Madhya Pradesh,Badwani
2005-02-23,Groundnut,Sendhwa,1611.0,1621.0,1611.0,Madhya Pradesh,Badwani
2005-02-24,Groundnut,Sendhwa,1600.0,1601.0,1600.0,Madhya Pradesh,Badwani
2005-02-25,Groundnut,Sendhwa,1590.0,1615.0,1611.0,Madhya Pradesh,Badwani
2005-02-26,Groundnut,Sendhwa,1651.0,1675.0,1671.0,Madhya Pradesh,Badwani
2005-02-28,Groundnut,Sendhwa,1675.0,1686.0,1681.0,Madhya Pradesh,Badwani
2005-03-01,Groundnut,Sendhwa,1666.0,1679.0,1674.0,Madhya Pradesh,Badwani
2005-03-02,Groundnut,Sendhwa,1670.0,1670.0,1670.0,Madhya Pradesh,Badwani
2005-03-03,Groundnut,Sendhwa,1650.0,1675.0,1670.0,Madhya Pradesh,Badwani
2005-03-04,Groundnut,Sendhwa,1641.0,1651.0,1645.0,Madhya Pradesh,Badwani
2005-03-05,Groundnut,Sendhwa,1621.0,1651.0,1651.0,Madhya Pradesh,Badwani
2005-03-07,Groundnut,Sendhwa,1651.0,1680.0,1669.0,Madhya Pradesh,Badwani
2005-03-09,Groundnut,Sendhwa,1645.0,1655.0,1646.0,Madhya Pradesh,Badwani
2005-03-10,Groundnut,Sendhwa,1642.0,1700.0,1700.0,Madhya Pradesh,Badwani
2005-03-11,Groundnut,Sendhwa,1654.0,1675.0,1660.0,Madhya Pradesh,Badwani
2005-03-12,Groundnut,Sendhwa,1635.0,1651.0,1641.0,Madhya Pradesh,Badwani
2005-03-15,Groundnut,Sendhwa,1601.0,1601.0,1601.0,Madhya Pradesh,Badwani
2005-03-16,Groundnut,Sendhwa,1600.0,1601.0,1600.0,Madhya Pradesh,Badwani
2005-03-17,Groundnut,Sendhwa,1581.0,1581.0,1581.0,Madhya Pradesh,Badwani
2005-03-18,Groundnut,Sendhwa,1576.0,1600.0,1600.0,Madhya Pradesh,Badwani
2005-03-19,Groundnut,Sendhwa,1600.0,1657.0,1657.0,Madhya Pradesh,Badwani
2005-03-23,Groundnut,Sendhwa,1550.0,1550.0,1550.0,Madhya Pradesh,Badwani
2005-04-12,Groundnut,Sendhwa,1651.0,1700.0,1651.0,Madhya Pradesh,Badwani
2005-04-15,Groundnut,Sendhwa,1675.0,1700.0,1700.0,Madhya Pradesh,Badwani
2005-05-09,Groundnut,Sendhwa,1580.0,1580.0,1580.0,Madhya Pradesh,Badwani
2005-05-16,Groundnut,Sendhwa,1550.0,1550.0,1550.0,Madhya Pradesh,Badwani
2005-10-10,Groundnut,Sendhwa,1100.0,1165.0,1123.0,Madhya Pradesh,Badwani
2005-10-11,Groundnut,Sendhwa,1076.0,1126.0,1101.0,Madhya Pradesh,Badwani
2005-10-13,Groundnut,Sendhwa,1165.0,1175.0,1165.0,Madhya Pradesh,Badwani
2005-10-14,Groundnut,Sendhwa,1100.0,1200.0,1150.0,Madhya Pradesh,Badwani
2005-10-15,Groundnut,Sendhwa,1050.0,1200.0,1125.0,Madhya Pradesh,Badwani
2005-10-17,Groundnut,Sendhwa,1156.0,1261.0,1156.0,Madhya Pradesh,Badwani
2005-10-18,Groundnut,Sendhwa,1201.0,1550.0,1340.0,Madhya Pradesh,Badwani
2005-10-19,Groundnut,Sendhwa,1225.0,1661.0,1275.0,Madhya Pradesh,Badwani
2005-10-20,Groundnut,Sendhwa,1300.0,1568.0,1564.0,Madhya Pradesh,Badwani
2005-10-21,Groundnut,Sendhwa,1353.0,1436.0,1401.0,Madhya Pradesh,Badwani
2005-10-22,Groundnut,Sendhwa,1301.0,1841.0,1650.0,Madhya Pradesh,Badwani
2005-10-24,Groundnut,Sendhwa,1550.0,1550.0,1550.0,Madhya Pradesh,Badwani
2005-10-25,Groundnut,Sendhwa,1598.0,1598.0,1598.0,Madhya Pradesh,Badwani
2005-10-26,Groundnut,Sendhwa,1405.0,1801.0,1517.0,Madhya Pradesh,Badwani
2005-10-27,Groundnut,Sendhwa,1400.0,1676.0,1430.0,Madhya Pradesh,Badwani
2005-10-28,Groundnut,Sendhwa,1351.0,1700.0,1655.0,Madhya Pradesh,Badwani
2005-11-07,Groundnut,Sendhwa,1651.0,1651.0,1651.0,Madhya Pradesh,Badwani
2005-11-10,Groundnut,Sendhwa,1651.0,1681.0,1675.0,Madhya Pradesh,Badwani
2005-11-11,Groundnut,Sendhwa,1640.0,1671.0,1661.0,Madhya Pradesh,Badwani
2005-11-12,Groundnut,Sendhwa,1625.0,1651.0,1641.0,Madhya Pradesh,Badwani
2005-11-14,Groundnut,Sendhwa,1611.0,1651.0,1631.0,Madhya Pradesh,Badwani
2005-11-15,Groundnut,Sendhwa,1634.0,1692.0,1651.0,Madhya Pradesh,Badwani
2005-11-16,Groundnut,Sendhwa,1631.0,1651.0,1631.0,Madhya Pradesh,Badwani
2005-11-17,Groundnut,Sendhwa,1666.0,1697.0,1675.0,Madhya Pradesh,Badwani
2005-11-18,Groundnut,Sendhwa,1651.0,1690.0,1675.0,Madhya Pradesh,Badwani
2005-11-19,Groundnut,Sendhwa,1615.0,1641.0,1631.0,Madhya Pradesh,Badwani
2005-11-21,Groundnut,Sendhwa,1641.0,1660.0,1651.0,Madhya Pradesh,Badwani
2005-11-22,Groundnut,Sendhwa,1626.0,1661.0,1641.0,Madhya Pradesh,Badwani
2005-11-23,Groundnut,Sendhwa,1631.0,1655.0,1641.0,Madhya Pradesh,Badwani
2005-11-24,Groundnut,Sendhwa,1625.0,1631.0,1627.0,Madhya Pradesh,Badwani
2005-11-25,Groundnut,Sendhwa,1631.0,1651.0,1641.0,Madhya Pradesh,Badwani
2005-11-26,Groundnut,Sendhwa,1631.0,1651.0,1641.0,Madhya Pradesh,Badwani
2005-11-28,Groundnut,Sendhwa,1631.0,1640.0,1631.0,Madhya Pradesh,Badwani
2005-11-29,Groundnut,Sendhwa,1641.0,1661.0,1651.0,Madhya Pradesh,Badwani
2005-11-30,Groundnut,Sendhwa,1640.0,1651.0,1641.0,Madhya Pradesh,Badwani
2005-12-01,Groundnut,Sendhwa,1651.0,1661.0,1655.0,Madhya Pradesh,Badwani
2005-12-02,Groundnut,Sendhwa,1650.0,1670.0,1655.0,Madhya Pradesh,Badwani
2005-12-03,Groundnut,Sendhwa,1650.0,1661.0,1651.0,Madhya Pradesh,Badwani
2005-12-05,Groundnut,Sendhwa,1631.0,1651.0,1641.0,Madhya Pradesh,Badwani
2005-12-06,Groundnut,Sendhwa,1650.0,1660.0,1655.0,Madhya Pradesh,Badwani
2005-12-07,Groundnut,Sendhwa,1640.0,1651.0,1645.0,Madhya Pradesh,Badwani
2005-12-08,Groundnut,Sendhwa,1640.0,1651.0,1645.0,Madhya Pradesh,Badwani
2005-12-09,Groundnut,Sendhwa,1625.0,1651.0,1625.0,Madhya Pradesh,Badwani
2005-12-10,Groundnut,Sendhwa,1640.0,1650.0,1645.0,Madhya Pradesh,Badwani
2005-12-12,Groundnut,Sendhwa,1630.0,1640.0,1635.0,Madhya Pradesh,Badwani
2005-12-13,Groundnut,Sendhwa,1646.0,1661.0,1653.0,Madhya Pradesh,Badwani
2005-12-14,Groundnut,Sendhwa,1632.0,1650.0,1645.0,Madhya Pradesh,Badwani
2005-12-15,Groundnut,Sendhwa,1635.0,1640.0,1635.0,Madhya Pradesh,Badwani
2005-12-16,Groundnut,Sendhwa,1630.0,1665.0,1645.0,Madhya Pradesh,Badwani
2005-12-17,Groundnut,Sendhwa,1650.0,1651.0,1650.0,Madhya Pradesh,Badwani
2005-12-19,Groundnut,Sendhwa,1641.0,1651.0,1646.0,Madhya Pradesh,Badwani
2005-12-20,Groundnut,Sendhwa,1630.0,1631.0,1630.0,Madhya Pradesh,Badwani
2005-12-21,Groundnut,Sendhwa,1630.0,1630.0,1630.0,Madhya Pradesh,Badwani
2005-12-22,Groundnut,Sendhwa,1625.0,1625.0,1625.0,Madhya Pradesh,Badwani
2005-12-23,Groundnut,Sendhwa,1625.0,1625.0,1625.0,Madhya Pradesh,Badwani
2005-12-24,Groundnut,Sendhwa,1625.0,1640.0,1630.0,Madhya Pradesh,Badwani
2005-12-27,Groundnut,Sendhwa,1635.0,1635.0,1635.0,Madhya Pradesh,Badwani
2005-12-28,Groundnut,Sendhwa,1650.0,1655.0,1650.0,Madhya Pradesh,Badwani
2005-12-29,Groundnut,Sendhwa,1665.0,1665.0,1665.0,Madhya Pradesh,Badwani
2005-12-30,Groundnut,Sendhwa,1675.0,1675.0,1675.0,Madhya Pradesh,Badwani
2005-12-31,Groundnut,Sendhwa,1680.0,1680.0,1680.0,Madhya Pradesh,Badwani
2006-01-02,Groundnut,Sendhwa,1680.0,1680.0,1680.0,Madhya Pradesh,Badwani
2006-01-03,Groundnut,Sendhwa,1690.0,1690.0,1690.0,Madhya Pradesh,Badwani
2006-01-04,Groundnut,Sendhwa,1690.0,1690.0,1690.0,Madhya Pradesh,Badwani
2006-01-05,Groundnut,Sendhwa,1690.0,1690.0,1690.0,Madhya Pradesh,Badwani
2006-01-06,Groundnut,Sendhwa,1690.0,1690.0,1690.0,Madhya Pradesh,Badwani
2006-01-07,Groundnut,Sendhwa,1690.0,1690.0,1690.0,Madhya Pradesh,Badwani
2006-01-09,Groundnut,Sendhwa,1710.0,1710.0,1710.0,Madhya Pradesh,Badwani
2006-01-10,Groundnut,Sendhwa,1700.0,1700.0,1700.0,Madhya Pradesh,Badwani
2006-01-11,Groundnut,Sendhwa,1711.0,1739.0,1739.0,Madhya Pradesh,Badwani
2006-01-12,Groundnut,Sendhwa,1700.0,1711.0,1700.0,Madhya Pradesh,Badwani
2006-01-13,Groundnut,Sendhwa,1700.0,1700.0,1700.0,Madhya Pradesh,Badwani
2006-01-14,Groundnut,Sendhwa,1700.0,1700.0,1700.0,Madhya Pradesh,Badwani
2006-01-17,Groundnut,Sendhwa,1690.0,1690.0,1690.0,Madhya Pradesh,Badwani
2006-01-18,Groundnut,Sendhwa,1690.0,1690.0,1690.0,Madhya Pradesh,Badwani
2006-01-19,Groundnut,Sendhwa,1690.0,1690.0,1690.0,Madhya Pradesh,Badwani
2006-01-24,Groundnut,Sendhwa,1650.0,1650.0,1650.0,Madhya Pradesh,Badwani
2006-01-28,Groundnut,Sendhwa,1685.0,1685.0,1685.0,Madhya Pradesh,Badwani
2006-01-30,Groundnut,Sendhwa,1685.0,1685.0,1685.0,Madhya Pradesh,Badwani
2006-01-31,Groundnut,Sendhwa,1685.0,1685.0,1685.0,Madhya Pradesh,Badwani
2006-02-01,Groundnut,Sendhwa,1685.0,1685.0,1685.0,Madhya Pradesh,Badwani
2006-02-03,Groundnut,Sendhwa,1700.0,1700.0,1700.0,Madhya Pradesh,Badwani
2006-02-06,Groundnut,Sendhwa,1700.0,1700.0,1700.0,Madhya Pradesh,Badwani
2006-02-07,Groundnut,Sendhwa,1690.0,1690.0,1690.0,Madhya Pradesh,Badwani
2006-04-29,Groundnut,Sendhwa,1601.0,1601.0,1601.0,Madhya Pradesh,Badwani
2006-05-06,Groundnut,Sendhwa,1031.0,1031.0,1031.0,Madhya Pradesh,Badwani
2006-05-09,Groundnut,Sendhwa,1700.0,1867.0,1867.0,Madhya Pradesh,Badwani
2006-05-10,Groundnut,Sendhwa,1782.0,1782.0,1782.0,Madhya Pradesh,Badwani
2006-05-11,Groundnut,Sendhwa,1771.0,1815.0,1815.0,Madhya Pradesh,Badwani
2006-05-12,Groundnut,Sendhwa,1080.0,1816.0,1816.0,Madhya Pradesh,Badwani
2006-05-15,Groundnut,Sendhwa,1200.0,1775.0,1775.0,Madhya Pradesh,Badwani
2006-05-17,Groundnut,Sendhwa,1517.0,1660.0,1660.0,Madhya Pradesh,Badwani
2006-05-18,Groundnut,Sendhwa,1500.0,1701.0,1701.0,Madhya Pradesh,Badwani
2006-05-20,Groundnut,Sendhwa,1681.0,1700.0,1700.0,Madhya Pradesh,Badwani
2006-05-24,Groundnut,Sendhwa,1490.0,1625.0,1625.0,Madhya Pradesh,Badwani
2006-05-25,Groundnut,Sendhwa,1100.0,2901.0,2901.0,Madhya Pradesh,Badwani
2006-05-26,Groundnut,Sendhwa,1030.0,1929.0,1929.0,Madhya Pradesh,Badwani
2006-05-27,Groundnut,Sendhwa,1451.0,1650.0,1650.0,Madhya Pradesh,Badwani
2006-05-29,Groundnut,Sendhwa,1576.0,1671.0,1671.0,Madhya Pradesh,Badwani
2006-05-30,Groundnut,Sendhwa,1641.0,1641.0,1641.0,Madhya Pradesh,Badwani
2006-05-31,Groundnut,Sendhwa,1561.0,1710.0,1710.0,Madhya Pradesh,Badwani
2006-06-01,Groundnut,Sendhwa,1861.0,1895.0,1895.0,Madhya Pradesh,Badwani
2006-06-02,Groundnut,Sendhwa,1601.0,1901.0,1901.0,Madhya Pradesh,Badwani
2006-06-03,Groundnut,Sendhwa,1720.0,1952.0,1952.0,Madhya Pradesh,Badwani
2006-06-05,Groundnut,Sendhwa,1361.0,1953.0,1948.0,Madhya Pradesh,Badwani
2006-06-06,Groundnut,Sendhwa,1675.0,1675.0,1675.0,Madhya Pradesh,Badwani
2006-06-07,Groundnut,Sendhwa,1678.0,1845.0,1845.0,Madhya Pradesh,Badwani
2006-06-08,Groundnut,Sendhwa,1800.0,1939.0,1939.0,Madhya Pradesh,Badwani
2006-06-10,Groundnut,Sendhwa,1600.0,1725.0,1725.0,Madhya Pradesh,Badwani
2006-06-13,Groundnut,Sendhwa,1568.0,1868.0,1868.0,Madhya Pradesh,Badwani
2006-06-15,Groundnut,Sendhwa,1611.0,1825.0,1825.0,Madhya Pradesh,Badwani
2006-06-16,Groundnut,Sendhwa,1874.0,1905.0,1905.0,Madhya Pradesh,Badwani
2006-06-19,Groundnut,Sendhwa,1832.0,1890.0,1890.0,Madhya Pradesh,Badwani
2006-06-20,Groundnut,Sendhwa,1855.0,1911.0,1911.0,Madhya Pradesh,Badwani
2006-06-21,Groundnut,Sendhwa,1927.0,1927.0,1927.0,Madhya Pradesh,Badwani
2006-06-22,Groundnut,Sendhwa,1800.0,1800.0,1800.0,Madhya Pradesh,Badwani
2006-06-23,Groundnut,Sendhwa,1900.0,1901.0,1901.0,Madhya Pradesh,Badwani
2006-06-26,Groundnut,Sendhwa,1526.0,1915.0,1915.0,Madhya Pradesh,Badwani
2006-06-27,Groundnut,Sendhwa,1875.0,1900.0,1890.0,Madhya Pradesh,Badwani
2006-07-04,Groundnut,Sendhwa,1903.0,1903.0,1903.0,Madhya Pradesh,Badwani
2006-07-05,Groundnut,Sendhwa,1650.0,1650.0,1650.0,Madhya Pradesh,Badwani
2006-07-14,Groundnut,Sendhwa,1931.0,1931.0,1931.0,Madhya Pradesh,Badwani
2006-07-15,Groundnut,Sendhwa,1815.0,1926.0,1926.0,Madhya Pradesh,Badwani
2006-07-19,Groundnut,Sendhwa,1861.0,1861.0,1861.0,Madhya Pradesh,Badwani
2006-07-20,Groundnut,Sendhwa,1000.0,1250.0,1000.0,Madhya Pradesh,Badwani
2006-07-21,Groundnut,Sendhwa,1250.0,1250.0,1250.0,Madhya Pradesh,Badwani
2006-07-24,Groundnut,Sendhwa,1841.0,1841.0,1841.0,Madhya Pradesh,Badwani
2006-07-27,Groundnut,Sendhwa,1000.0,1000.0,1000.0,Madhya Pradesh,Badwani
2006-07-29,Groundnut,Sendhwa,1250.0,1250.0,1250.0,Madhya Pradesh,Badwani
2006-08-04,Groundnut,Sendhwa,1000.0,1000.0,1000.0,Madhya Pradesh,Badwani
2006-08-05,Groundnut,Sendhwa,1000.0,1200.0,1200.0,Madhya Pradesh,Badwani
2006-08-24,Groundnut,Sendhwa,1526.0,1861.0,1861.0,Madhya Pradesh,Badwani
2006-09-28,Groundnut,Sendhwa,1175.0,1175.0,1175.0,Madhya Pradesh,Badwani
2006-09-29,Groundnut,Sendhwa,1125.0,1125.0,1125.0,Madhya Pradesh,Badwani
2006-10-04,Groundnut,Sendhwa,1071.0,1401.0,1401.0,Madhya Pradesh,Badwani
2006-10-11,Groundnut,Sendhwa,1091.0,1091.0,1091.0,Madhya Pradesh,Badwani
2006-10-13,Groundnut,Sendhwa,1000.0,1040.0,1020.0,Madhya Pradesh,Badwani
2006-10-16,Groundnut,Sendhwa,1021.0,1061.0,1041.0,Madhya Pradesh,Badwani
2006-10-17,Groundnut,Sendhwa,1000.0,1128.0,1064.0,Madhya Pradesh,Badwani
2006-10-18,Groundnut,Sendhwa,1000.0,1000.0,1000.0,Madhya Pradesh,Badwani
2006-10-19,Groundnut,Sendhwa,1076.0,1731.0,1500.0,Madhya Pradesh,Badwani
2006-10-19,Groundnut,Sendhwa,1000.0,1025.0,1012.0,Madhya Pradesh,Badwani
2006-10-20,Groundnut,Sendhwa,1041.0,1041.0,1041.0,Madhya Pradesh,Badwani
2006-10-23,Groundnut,Sendhwa,1041.0,1041.0,1041.0,Madhya Pradesh,Badwani
2006-10-24,Groundnut,Sendhwa,1500.0,1500.0,1500.0,Madhya Pradesh,Badwani
2006-10-25,Groundnut,Sendhwa,1500.0,1500.0,1500.0,Madhya Pradesh,Badwani
2006-10-26,Groundnut,Sendhwa,1125.0,1125.0,1125.0,Madhya Pradesh,Badwani
2006-10-26,Groundnut,Sendhwa,1535.0,1612.0,1596.0,Madhya Pradesh,Badwani
2006-10-27,Groundnut,Sendhwa,1525.0,1600.0,1562.0,Madhya Pradesh,Badwani
2006-10-27,Groundnut,Sendhwa,1525.0,1600.0,1600.0,Madhya Pradesh,Badwani
2006-10-28,Groundnut,Sendhwa,1125.0,1725.0,1400.0,Madhya Pradesh,Badwani
2006-10-30,Groundnut,Sendhwa,1551.0,1711.0,1696.0,Madhya Pradesh,Badwani
2006-10-31,Groundnut,Sendhwa,1400.0,1725.0,1725.0,Madhya Pradesh,Badwani
2006-11-01,Groundnut,Sendhwa,1775.0,1825.0,1825.0,Madhya Pradesh,Badwani
2006-11-02,Groundnut,Sendhwa,1490.0,1725.0,1550.0,Madhya Pradesh,Badwani
2006-11-03,Groundnut,Sendhwa,1225.0,1799.0,1700.0,Madhya Pradesh,Badwani
2006-11-06,Groundnut,Sendhwa,1535.0,1890.0,1851.0,Madhya Pradesh,Badwani
2006-11-08,Groundnut,Sendhwa,1812.0,1901.0,1901.0,Madhya Pradesh,Badwani
2006-11-09,Groundnut,Sendhwa,2025.0,2025.0,2025.0,Madhya Pradesh,Badwani
2006-11-10,Groundnut,Sendhwa,2051.0,2070.0,2060.0,Madhya Pradesh,Badwani
2006-11-10,Groundnut,Sendhwa,1650.0,1900.0,1788.0,Madhya Pradesh,Badwani
2006-11-11,Groundnut,Sendhwa,2151.0,2170.0,2160.0,Madhya Pradesh,Badwani
2006-11-11,Groundnut,Sendhwa,1804.0,1901.0,1901.0,Madhya Pradesh,Badwani
2006-11-13,Groundnut,Sendhwa,1441.0,1744.0,1744.0,Madhya Pradesh,Badwani
2006-11-14,Groundnut,Sendhwa,2050.0,2051.0,2050.0,Madhya Pradesh,Badwani
2006-11-15,Groundnut,Sendhwa,1650.0,1677.0,1677.0,Madhya Pradesh,Badwani
2006-11-16,Groundnut,Sendhwa,1783.0,1783.0,1783.0,Madhya Pradesh,Badwani
2006-11-17,Groundnut,Sendhwa,1711.0,1711.0,1711.0,Madhya Pradesh,Badwani
2006-11-18,Groundnut,Sendhwa,1333.0,1727.0,1727.0,Madhya Pradesh,Badwani
2006-11-18,Groundnut,Sendhwa,2050.0,2051.0,2050.0,Madhya Pradesh,Badwani
2006-11-20,Groundnut,Sendhwa,2050.0,2050.0,2050.0,Madhya Pradesh,Badwani
2006-11-21,Groundnut,Sendhwa,2061.0,2061.0,2061.0,Madhya Pradesh,Badwani
2006-11-21,Groundnut,Sendhwa,1676.0,1712.0,1712.0,Madhya Pradesh,Badwani
2006-11-22,Groundnut,Sendhwa,2041.0,2041.0,2041.0,Madhya Pradesh,Badwani
2006-11-23,Groundnut,Sendhwa,1650.0,2130.0,2071.0,Madhya Pradesh,Badwani
2006-11-23,Groundnut,Sendhwa,2040.0,2040.0,2040.0,Madhya Pradesh,Badwani
2006-11-24,Groundnut,Sendhwa,1575.0,1575.0,1575.0,Madhya Pradesh,Badwani
2006-11-25,Groundnut,Sendhwa,1668.0,1818.0,1818.0,Madhya Pradesh,Badwani
2006-11-27,Groundnut,Sendhwa,1761.0,2101.0,2101.0,Madhya Pradesh,Badwani
2006-11-28,Groundnut,Sendhwa,1465.0,2109.0,2109.0,Madhya Pradesh,Badwani
2006-11-29,Groundnut,Sendhwa,1630.0,2011.0,2000.0,Madhya Pradesh,Badwani
2006-11-30,Groundnut,Sendhwa,2055.0,2055.0,2055.0,Madhya Pradesh,Badwani
2006-12-01,Groundnut,Sendhwa,2021.0,2025.0,2025.0,Madhya Pradesh,Badwani
2006-12-02,Groundnut,Sendhwa,2025.0,2025.0,2025.0,Madhya Pradesh,Badwani
2006-12-02,Groundnut,Sendhwa,1850.0,2002.0,1900.0,Madhya Pradesh,Badwani
2006-12-04,Groundnut,Sendhwa,2000.0,2010.0,2010.0,Madhya Pradesh,Badwani
2006-12-04,Groundnut,Sendhwa,2000.0,2010.0,2005.0,Madhya Pradesh,Badwani
2006-12-05,Groundnut,Sendhwa,1990.0,1990.0,1990.0,Madhya Pradesh,Badwani
2006-12-05,Groundnut,Sendhwa,2051.0,2200.0,2101.0,Madhya Pradesh,Badwani
2006-12-06,Groundnut,Sendhwa,1500.0,1915.0,1915.0,Madhya Pradesh,Badwani
2006-12-07,Groundnut,Sendhwa,1805.0,2161.0,2051.0,Madhya Pradesh,Badwani
2006-12-08,Groundnut,Sendhwa,1775.0,2110.0,2110.0,Madhya Pradesh,Badwani
2006-12-09,Groundnut,Sendhwa,1700.0,2151.0,1900.0,Madhya Pradesh,Badwani
2006-12-11,Groundnut,Sendhwa,2000.0,2195.0,2000.0,Madhya Pradesh,Badwani
2006-12-12,Groundnut,Sendhwa,1876.0,2035.0,2035.0,Madhya Pradesh,Badwani
2006-12-13,Groundnut,Sendhwa,1950.0,1950.0,1950.0,Madhya Pradesh,Badwani
2006-12-14,Groundnut,Sendhwa,2066.0,2066.0,2066.0,Madhya Pradesh,Badwani
2006-12-15,Groundnut,Sendhwa,1651.0,2001.0,2001.0,Madhya Pradesh,Badwani
2006-12-16,Groundnut,Sendhwa,1881.0,1885.0,1885.0,Madhya Pradesh,Badwani
2006-12-18,Groundnut,Sendhwa,1601.0,2000.0,2000.0,Madhya Pradesh,Badwani
2006-12-19,Groundnut,Sendhwa,1780.0,2014.0,1951.0,Madhya Pradesh,Badwani
2006-12-20,Groundnut,Sendhwa,1781.0,1936.0,1936.0,Madhya Pradesh,Badwani
2006-12-21,Groundnut,Sendhwa,1845.0,2026.0,1880.0,Madhya Pradesh,Badwani
2006-12-22,Groundnut,Sendhwa,1970.0,1971.0,1970.0,Madhya Pradesh,Badwani
2006-12-23,Groundnut,Sendhwa,1660.0,2072.0,2072.0,Madhya Pradesh,Badwani
2006-12-26,Groundnut,Sendhwa,1864.0,2130.0,2130.0,Madhya Pradesh,Badwani
2006-12-27,Groundnut,Sendhwa,2035.0,2047.0,2047.0,Madhya Pradesh,Badwani
2006-12-28,Groundnut,Sendhwa,1726.0,2000.0,2000.0,Madhya Pradesh,Badwani
2006-12-29,Groundnut,Sendhwa,1650.0,2051.0,2000.0,Madhya Pradesh,Badwani
2006-12-30,Groundnut,Sendhwa,1560.0,1560.0,1560.0,Madhya Pradesh,Badwani
2007-01-02,Groundnut,Sendhwa,2180.0,2212.0,2208.0,Madhya Pradesh,Badwani
2007-01-03,Groundnut,Sendhwa,1750.0,2176.0,2070.0,Madhya Pradesh,Badwani
2007-01-04,Groundnut,Sendhwa,1455.0,1555.0,1555.0,Madhya Pradesh,Badwani
2007-01-05,Groundnut,Sendhwa,1751.0,2184.0,2160.0,Madhya Pradesh,Badwani
2007-01-06,Groundnut,Sendhwa,1803.0,2132.0,2128.0,Madhya Pradesh,Badwani
2007-01-08,Groundnut,Sendhwa,1771.0,1929.0,1929.0,Madhya Pradesh,Badwani
2007-01-09,Groundnut,Sendhwa,1550.0,2255.0,2053.0,Madhya Pradesh,Badwani
2007-01-10,Groundnut,Sendhwa,1750.0,2074.0,2074.0,Madhya Pradesh,Badwani
2007-01-11,Groundnut,Sendhwa,1760.0,2097.0,2091.0,Madhya Pradesh,Badwani
2007-01-15,Groundnut,Sendhwa,2025.0,2025.0,2025.0,Madhya Pradesh,Badwani
2007-01-16,Groundnut,Sendhwa,1976.0,2016.0,2016.0,Madhya Pradesh,Badwani
2007-01-17,Groundnut,Sendhwa,1501.0,2100.0,2090.0,Madhya Pradesh,Badwani
2007-01-18,Groundnut,Sendhwa,1900.0,2239.0,1900.0,Madhya Pradesh,Badwani
2007-01-19,Groundnut,Sendhwa,1850.0,2220.0,2220.0,Madhya Pradesh,Badwani
2007-01-20,Groundnut,Sendhwa,1957.0,2291.0,2100.0,Madhya Pradesh,Badwani
2007-01-22,Groundnut,Sendhwa,1750.0,2176.0,2146.0,Madhya Pradesh,Badwani
2007-01-23,Groundnut,Sendhwa,1800.0,2030.0,2030.0,Madhya Pradesh,Badwani
2007-01-24,Groundnut,Sendhwa,1600.0,2282.0,2151.0,Madhya Pradesh,Badwani
2007-01-25,Groundnut,Sendhwa,1854.0,2186.0,2000.0,Madhya Pradesh,Badwani
2007-01-27,Groundnut,Sendhwa,1925.0,2131.0,2131.0,Madhya Pradesh,Badwani
2007-01-29,Groundnut,Sendhwa,1800.0,2280.0,2170.0,Madhya Pradesh,Badwani
2007-01-31,Groundnut,Sendhwa,1960.0,2276.0,2121.0,Madhya Pradesh,Badwani
2007-02-01,Groundnut,Sendhwa,1851.0,2281.0,2201.0,Madhya Pradesh,Badwani
2007-02-03,Groundnut,Sendhwa,1700.0,2311.0,2148.0,Madhya Pradesh,Badwani
2007-02-05,Groundnut,Sendhwa,1850.0,2266.0,2151.0,Madhya Pradesh,Badwani
2007-02-06,Groundnut,Sendhwa,1826.0,1927.0,1927.0,Madhya Pradesh,Badwani
2007-02-07,Groundnut,Sendhwa,1650.0,1650.0,1650.0,Madhya Pradesh,Badwani
2007-02-08,Groundnut,Sendhwa,1768.0,1768.0,1768.0,Madhya Pradesh,Badwani
2007-02-09,Groundnut,Sendhwa,1800.0,2360.0,2360.0,Madhya Pradesh,Badwani
2007-02-10,Groundnut,Sendhwa,2114.0,2351.0,2190.0,Madhya Pradesh,Badwani
2007-02-12,Groundnut,Sendhwa,1876.0,2340.0,2199.0,Madhya Pradesh,Badwani
2007-02-13,Groundnut,Sendhwa,1800.0,2296.0,2251.0,Madhya Pradesh,Badwani
2007-02-15,Groundnut,Sendhwa,1900.0,2226.0,2050.0,Madhya Pradesh,Badwani
2007-02-17,Groundnut,Sendhwa,1850.0,2130.0,2051.0,Madhya Pradesh,Badwani
2007-02-19,Groundnut,Sendhwa,1901.0,2235.0,2235.0,Madhya Pradesh,Badwani
2007-02-22,Groundnut,Sendhwa,1951.0,2271.0,2271.0,Madhya Pradesh,Badwani
2007-02-23,Groundnut,Sendhwa,1951.0,2421.0,2421.0,Madhya Pradesh,Badwani
2007-02-24,Groundnut,Sendhwa,1990.0,2360.0,2360.0,Madhya Pradesh,Badwani
2007-02-27,Groundnut,Sendhwa,2080.0,2350.0,2350.0,Madhya Pradesh,Badwani
2007-02-28,Groundnut,Sendhwa,1999.0,2438.0,2438.0,Madhya Pradesh,Badwani
2007-03-01,Groundnut,Sendhwa,2050.0,2466.0,2466.0,Madhya Pradesh,Badwani
2007-03-02,Groundnut,Sendhwa,2080.0,2299.0,2299.0,Madhya Pradesh,Badwani
2007-03-05,Groundnut,Sendhwa,1900.0,1975.0,1975.0,Madhya Pradesh,Badwani
2007-03-06,Groundnut,Sendhwa,1990.0,2351.0,2351.0,Madhya Pradesh,Badwani
2007-03-07,Groundnut,Sendhwa,2030.0,2330.0,2330.0,Madhya Pradesh,Badwani
2007-03-08,Groundnut,Sendhwa,2270.0,2270.0,2270.0,Madhya Pradesh,Badwani
2007-03-10,Groundnut,Sendhwa,1771.0,1771.0,1771.0,Madhya Pradesh,Badwani
2007-03-12,Groundnut,Sendhwa,1470.0,1470.0,1470.0,Madhya Pradesh,Badwani
2007-03-13,Groundnut,Sendhwa,1800.0,1966.0,1966.0,Madhya Pradesh,Badwani
2007-03-14,Groundnut,Sendhwa,1864.0,1876.0,1876.0,Madhya Pradesh,Badwani
2007-03-15,Groundnut,Sendhwa,1800.0,1950.0,1950.0,Madhya Pradesh,Badwani
2007-03-16,Groundnut,Sendhwa,1726.0,1861.0,1861.0,Madhya Pradesh,Badwani
2007-03-17,Groundnut,Sendhwa,1851.0,1851.0,1851.0,Madhya Pradesh,Badwani
2007-03-24,Groundnut,Sendhwa,1500.0,1800.0,1800.0,Madhya Pradesh,Badwani
2007-03-26,Groundnut,Sendhwa,1821.0,1914.0,1914.0,Madhya Pradesh,Badwani
2007-03-28,Groundnut,Sendhwa,2051.0,2051.0,2051.0,Madhya Pradesh,Badwani
2007-03-29,Groundnut,Sendhwa,1756.0,1756.0,1756.0,Madhya Pradesh,Badwani
2007-03-30,Groundnut,Sendhwa,1500.0,1951.0,1951.0,Madhya Pradesh,Badwani
2007-04-02,Groundnut,Sendhwa,1851.0,1970.0,1970.0,Madhya Pradesh,Badwani
2007-04-03,Groundnut,Sendhwa,2081.0,2081.0,2081.0,Madhya Pradesh,Badwani
2007-04-04,Groundnut,Sendhwa,2400.0,2445.0,2400.0,Madhya Pradesh,Badwani
2007-04-05,Groundnut,Sendhwa,1050.0,2477.0,2477.0,Madhya Pradesh,Badwani
2007-04-07,Groundnut,Sendhwa,1770.0,1881.0,1881.0,Madhya Pradesh,Badwani
2007-04-09,Groundnut,Sendhwa,1921.0,1921.0,1921.0,Madhya Pradesh,Badwani
2007-04-10,Groundnut,Sendhwa,1815.0,1960.0,1960.0,Madhya Pradesh,Badwani
2007-04-11,Groundnut,Sendhwa,1900.0,1930.0,1900.0,Madhya Pradesh,Badwani
2007-04-12,Groundnut,Sendhwa,1843.0,1843.0,1843.0,Madhya Pradesh,Badwani
2007-04-13,Groundnut,Sendhwa,1876.0,1876.0,1876.0,Madhya Pradesh,Badwani
2007-04-16,Groundnut,Sendhwa,2051.0,2301.0,2301.0,Madhya Pradesh,Badwani
2007-04-17,Groundnut,Sendhwa,2250.0,2325.0,2325.0,Madhya Pradesh,Badwani
2007-04-18,Groundnut,Sendhwa,1885.0,1885.0,1885.0,Madhya Pradesh,Badwani
2007-04-25,Groundnut,Sendhwa,1841.0,1945.0,1945.0,Madhya Pradesh,Badwani
2007-04-26,Groundnut,Sendhwa,1890.0,1890.0,1890.0,Madhya Pradesh,Badwani
2007-04-27,Groundnut,Sendhwa,2026.0,2026.0,2026.0,Madhya Pradesh,Badwani
2007-04-28,Groundnut,Sendhwa,1770.0,2049.0,2049.0,Madhya Pradesh,Badwani
2007-05-03,Groundnut,Sendhwa,2091.0,2270.0,2270.0,Madhya Pradesh,Badwani
2007-05-05,Groundnut,Sendhwa,1941.0,1996.0,1996.0,Madhya Pradesh,Badwani
2007-05-07,Groundnut,Sendhwa,1101.0,2420.0,2420.0,Madhya Pradesh,Badwani
2007-05-08,Groundnut,Sendhwa,1995.0,1995.0,1995.0,Madhya Pradesh,Badwani
2007-05-09,Groundnut,Sendhwa,2151.0,2371.0,2371.0,Madhya Pradesh,Badwani
2007-05-10,Groundnut,Sendhwa,1990.0,1990.0,1990.0,Madhya Pradesh,Badwani
2007-05-11,Groundnut,Sendhwa,1150.0,2400.0,2351.0,Madhya Pradesh,Badwani
2007-05-12,Groundnut,Sendhwa,1166.0,2441.0,1230.0,Madhya Pradesh,Badwani
2007-05-14,Groundnut,Sendhwa,1195.0,2471.0,2471.0,Madhya Pradesh,Badwani
2007-05-15,Groundnut,Sendhwa,2001.0,2001.0,2001.0,Madhya Pradesh,Badwani
2007-05-17,Groundnut,Sendhwa,1150.0,2470.0,2470.0,Madhya Pradesh,Badwani
2007-05-19,Groundnut,Sendhwa,1376.0,2500.0,2500.0,Madhya Pradesh,Badwani
2007-05-21,Groundnut,Sendhwa,1051.0,2425.0,2425.0,Madhya Pradesh,Badwani
2007-05-22,Groundnut,Sendhwa,1100.0,2351.0,2351.0,Madhya Pradesh,Badwani
2007-05-23,Groundnut,Sendhwa,1181.0,2462.0,2462.0,Madhya Pradesh,Badwani
2007-05-24,Groundnut,Sendhwa,1376.0,2451.0,2451.0,Madhya Pradesh,Badwani
2007-05-25,Groundnut,Sendhwa,2080.0,2239.0,2230.0,Madhya Pradesh,Badwani
2007-05-26,Groundnut,Sendhwa,1935.0,2254.0,2239.0,Madhya Pradesh,Badwani
2007-06-01,Groundnut,Sendhwa,2200.0,2245.0,2245.0,Madhya Pradesh,Badwani
2007-06-02,Groundnut,Sendhwa,2254.0,2263.0,2263.0,Madhya Pradesh,Badwani
2007-06-06,Groundnut,Sendhwa,2051.0,2260.0,2260.0,Madhya Pradesh,Badwani
2007-06-08,Groundnut,Sendhwa,2000.0,2241.0,2200.0,Madhya Pradesh,Badwani
2007-06-09,Groundnut,Sendhwa,2200.0,2303.0,2303.0,Madhya Pradesh,Badwani
2007-06-11,Groundnut,Sendhwa,2025.0,2236.0,2236.0,Madhya Pradesh,Badwani
2007-06-13,Groundnut,Sendhwa,2140.0,2231.0,2231.0,Madhya Pradesh,Badwani
2007-06-15,Groundnut,Sendhwa,2150.0,2289.0,2233.0,Madhya Pradesh,Badwani
2007-06-18,Groundnut,Sendhwa,2060.0,2421.0,2421.0,Madhya Pradesh,Badwani
2007-06-19,Groundnut,Sendhwa,2310.0,2310.0,2310.0,Madhya Pradesh,Badwani
2007-06-21,Groundnut,Sendhwa,2000.0,3871.0,3871.0,Madhya Pradesh,Badwani
2007-06-25,Groundnut,Sendhwa,2150.0,2150.0,2150.0,Madhya Pradesh,Badwani
2007-06-28,Groundnut,Sendhwa,2151.0,2503.0,2503.0,Madhya Pradesh,Badwani
2007-06-29,Groundnut,Sendhwa,2170.0,2170.0,2170.0,Madhya Pradesh,Badwani
2007-06-30,Groundnut,Sendhwa,2175.0,2175.0,2175.0,Madhya Pradesh,Badwani
2007-07-03,Groundnut,Sendhwa,2051.0,2051.0,2051.0,Madhya Pradesh,Badwani
2007-07-14,Groundnut,Sendhwa,2281.0,2300.0,2300.0,Madhya Pradesh,Badwani
2007-07-23,Groundnut,Sendhwa,2100.0,2421.0,2421.0,Madhya Pradesh,Badwani
2007-07-31,Groundnut,Sendhwa,2600.0,2600.0,2600.0,Madhya Pradesh,Badwani
2007-08-01,Groundnut,Sendhwa,2201.0,2201.0,2201.0,Madhya Pradesh,Badwani
2007-08-09,Groundnut,Sendhwa,2414.0,2414.0,2414.0,Madhya Pradesh,Badwani
2007-08-10,Groundnut,Sendhwa,2161.0,2161.0,2161.0,Madhya Pradesh,Badwani
2007-08-13,Groundnut,Sendhwa,2551.0,2551.0,2551.0,Madhya Pradesh,Badwani
2007-08-17,Groundnut,Sendhwa,2534.0,2534.0,2534.0,Madhya Pradesh,Badwani
2007-08-21,Groundnut,Sendhwa,2644.0,2644.0,2644.0,Madhya Pradesh,Badwani
2007-09-07,Groundnut,Sendhwa,2251.0,2326.0,2326.0,Madhya Pradesh,Badwani
2007-09-10,Groundnut,Sendhwa,2141.0,2141.0,2141.0,Madhya Pradesh,Badwani
2007-09-12,Groundnut,Sendhwa,1960.0,1960.0,1960.0,Madhya Pradesh,Badwani
2007-09-14,Groundnut,Sendhwa,1700.0,1700.0,1700.0,Madhya Pradesh,Badwani
2007-09-15,Groundnut,Sendhwa,2095.0,2095.0,2095.0,Madhya Pradesh,Badwani
2007-09-24,Groundnut,Sendhwa,1001.0,2085.0,2085.0,Madhya Pradesh,Badwani
2007-09-27,Groundnut,Sendhwa,1100.0,1200.0,1200.0,Madhya Pradesh,Badwani
2007-09-28,Groundnut,Sendhwa,1100.0,1100.0,1100.0,Madhya Pradesh,Badwani
2007-10-04,Groundnut,Sendhwa,1000.0,2030.0,1146.0,Madhya Pradesh,Badwani
2007-10-08,Groundnut,Sendhwa,1051.0,1851.0,1850.0,Madhya Pradesh,Badwani
2007-10-09,Groundnut,Sendhwa,1481.0,1911.0,1911.0,Madhya Pradesh,Badwani
2007-10-10,Groundnut,Sendhwa,1131.0,2115.0,2115.0,Madhya Pradesh,Badwani
2007-10-11,Groundnut,Sendhwa,1700.0,2050.0,2050.0,Madhya Pradesh,Badwani
2007-10-13,Groundnut,Sendhwa,1701.0,2280.0,2280.0,Madhya Pradesh,Badwani
2007-10-16,Groundnut,Sendhwa,1232.0,1942.0,1942.0,Madhya Pradesh,Badwani
2007-10-17,Groundnut,Sendhwa,1200.0,1890.0,1841.0,Madhya Pradesh,Badwani
2007-10-18,Groundnut,Sendhwa,1600.0,2300.0,2250.0,Madhya Pradesh,Badwani
2007-10-19,Groundnut,Sendhwa,1400.0,2401.0,2200.0,Madhya Pradesh,Badwani
2007-10-24,Groundnut,Sendhwa,1770.0,1861.0,1861.0,Madhya Pradesh,Badwani
2007-10-25,Groundnut,Sendhwa,1908.0,2400.0,2301.0,Madhya Pradesh,Badwani
2007-10-26,Groundnut,Sendhwa,1511.0,2248.0,2248.0,Madhya Pradesh,Badwani
2007-10-27,Groundnut,Sendhwa,1550.0,2386.0,2346.0,Madhya Pradesh,Badwani
2007-10-30,Groundnut,Sendhwa,1900.0,2140.0,2100.0,Madhya Pradesh,Badwani
2007-10-31,Groundnut,Sendhwa,2000.0,2351.0,2200.0,Madhya Pradesh,Badwani
2007-11-06,Groundnut,Sendhwa,2000.0,2320.0,2251.0,Madhya Pradesh,Badwani
2007-11-14,Groundnut,Sendhwa,2200.0,2200.0,2200.0,Madhya Pradesh,Badwani
2007-11-15,Groundnut,Sendhwa,2101.0,2352.0,2101.0,Madhya Pradesh,Badwani
2007-11-16,Groundnut,Sendhwa,2200.0,2376.0,2376.0,Madhya Pradesh,Badwani
2007-11-19,Groundnut,Sendhwa,1700.0,2340.0,1700.0,Madhya Pradesh,Badwani
2007-11-20,Groundnut,Sendhwa,2300.0,2371.0,2371.0,Madhya Pradesh,Badwani
2007-11-21,Groundnut,Sendhwa,2201.0,2331.0,2331.0,Madhya Pradesh,Badwani
2007-11-22,Groundnut,Sendhwa,2067.0,2100.0,2100.0,Madhya Pradesh,Badwani
2007-11-23,Groundnut,Sendhwa,2200.0,2200.0,2200.0,Madhya Pradesh,Badwani
2007-11-24,Groundnut,Sendhwa,2150.0,2150.0,2150.0,Madhya Pradesh,Badwani
2007-11-26,Groundnut,Sendhwa,2000.0,2325.0,2325.0,Madhya Pradesh,Badwani
2007-11-28,Groundnut,Sendhwa,2151.0,2151.0,2151.0,Madhya Pradesh,Badwani
2007-11-29,Groundnut,Sendhwa,2301.0,2301.0,2301.0,Madhya Pradesh,Badwani
2007-12-01,Groundnut,Sendhwa,2251.0,2420.0,2420.0,Madhya Pradesh,Badwani
2007-12-03,Groundnut,Sendhwa,2100.0,2445.0,2445.0,Madhya Pradesh,Badwani
2007-12-04,Groundnut,Sendhwa,2081.0,2121.0,2121.0,Madhya Pradesh,Badwani
2007-12-05,Groundnut,Sendhwa,1900.0,2300.0,2300.0,Madhya Pradesh,Badwani
2007-12-06,Groundnut,Sendhwa,2050.0,2415.0,2300.0,Madhya Pradesh,Badwani
2007-12-07,Groundnut,Sendhwa,2100.0,2400.0,2200.0,Madhya Pradesh,Badwani
2007-12-08,Groundnut,Sendhwa,1901.0,2380.0,2070.0,Madhya Pradesh,Badwani
2007-12-10,Groundnut,Sendhwa,2050.0,2280.0,2280.0,Madhya Pradesh,Badwani
2007-12-11,Groundnut,Sendhwa,2200.0,2275.0,2240.0,Madhya Pradesh,Badwani
2007-12-13,Groundnut,Sendhwa,1900.0,2221.0,2221.0,Madhya Pradesh,Badwani
2007-12-14,Groundnut,Sendhwa,2110.0,2150.0,2150.0,Madhya Pradesh,Badwani
2007-12-15,Groundnut,Sendhwa,2145.0,2145.0,2145.0,Madhya Pradesh,Badwani
2007-12-17,Groundnut,Sendhwa,1980.0,2351.0,2351.0,Madhya Pradesh,Badwani
2007-12-18,Groundnut,Sendhwa,2300.0,2325.0,2325.0,Madhya Pradesh,Badwani
2007-12-19,Groundnut,Sendhwa,2096.0,2217.0,2217.0,Madhya Pradesh,Badwani
2007-12-20,Groundnut,Sendhwa,2250.0,2250.0,2250.0,Madhya Pradesh,Badwani
2007-12-21,Groundnut,Sendhwa,2281.0,2281.0,2281.0,Madhya Pradesh,Badwani
2007-12-22,Groundnut,Sendhwa,1981.0,2373.0,2373.0,Madhya Pradesh,Badwani
2007-12-24,Groundnut,Sendhwa,2075.0,2326.0,2326.0,Madhya Pradesh,Badwani
2007-12-26,Groundnut,Sendhwa,1900.0,2327.0,2327.0,Madhya Pradesh,Badwani
2007-12-27,Groundnut,Sendhwa,1840.0,2325.0,2325.0,Madhya Pradesh,Badwani
2007-12-28,Groundnut,Sendhwa,1865.0,2350.0,2350.0,Madhya Pradesh,Badwani
2007-12-29,Groundnut,Sendhwa,2100.0,2325.0,2200.0,Madhya Pradesh,Badwani
2007-12-31,Groundnut,Sendhwa,2000.0,2351.0,2300.0,Madhya Pradesh,Badwani
2008-01-01,Groundnut,Sendhwa,2300.0,2300.0,2300.0,Madhya Pradesh,Badwani
2008-01-02,Groundnut,Sendhwa,2300.0,2300.0,2300.0,Madhya Pradesh,Badwani
2008-01-03,Groundnut,Sendhwa,1971.0,2311.0,2310.0,Madhya Pradesh,Badwani
2008-01-04,Groundnut,Sendhwa,2000.0,2361.0,2225.0,Madhya Pradesh,Badwani
2008-01-05,Groundnut,Sendhwa,2275.0,2275.0,2275.0,Madhya Pradesh,Badwani
2008-01-07,Groundnut,Sendhwa,2151.0,2379.0,2379.0,Madhya Pradesh,Badwani
2008-01-08,Groundnut,Sendhwa,2000.0,2450.0,2300.0,Madhya Pradesh,Badwani
2008-01-09,Groundnut,Sendhwa,2250.0,2250.0,2250.0,Madhya Pradesh,Badwani
2008-01-10,Groundnut,Sendhwa,1976.0,2395.0,2395.0,Madhya Pradesh,Badwani
2008-01-11,Groundnut,Sendhwa,1800.0,1800.0,1800.0,Madhya Pradesh,Badwani
2008-01-12,Groundnut,Sendhwa,2250.0,2250.0,2250.0,Madhya Pradesh,Badwani
2008-01-14,Groundnut,Sendhwa,2275.0,2275.0,2275.0,Madhya Pradesh,Badwani
2008-01-16,Groundnut,Sendhwa,1800.0,2381.0,2200.0,Madhya Pradesh,Badwani
2008-01-17,Groundnut,Sendhwa,2000.0,2451.0,2200.0,Madhya Pradesh,Badwani
2008-01-18,Groundnut,Sendhwa,2145.0,2500.0,2500.0,Madhya Pradesh,Badwani
2008-01-21,Groundnut,Sendhwa,1950.0,2452.0,2200.0,Madhya Pradesh,Badwani
2008-01-22,Groundnut,Sendhwa,2275.0,2275.0,2275.0,Madhya Pradesh,Badwani
2008-01-23,Groundnut,Sendhwa,2000.0,2441.0,2420.0,Madhya Pradesh,Badwani
2008-01-24,Groundnut,Sendhwa,2100.0,2476.0,2445.0,Madhya Pradesh,Badwani
2008-01-25,Groundnut,Sendhwa,2000.0,2500.0,2241.0,Madhya Pradesh,Badwani
2008-01-28,Groundnut,Sendhwa,2075.0,2441.0,2251.0,Madhya Pradesh,Badwani
2008-01-29,Groundnut,Sendhwa,2026.0,2506.0,2200.0,Madhya Pradesh,Badwani
2008-01-30,Groundnut,Sendhwa,2050.0,2456.0,2050.0,Madhya Pradesh,Badwani
2008-02-01,Groundnut,Sendhwa,1900.0,2451.0,2400.0,Madhya Pradesh,Badwani
2008-02-02,Groundnut,Sendhwa,1900.0,2450.0,2450.0,Madhya Pradesh,Badwani
2008-02-04,Groundnut,Sendhwa,1850.0,2335.0,2300.0,Madhya Pradesh,Badwani
2008-02-05,Groundnut,Sendhwa,2016.0,2600.0,2340.0,Madhya Pradesh,Badwani
2008-02-06,Groundnut,Sendhwa,2100.0,2502.0,2400.0,Madhya Pradesh,Badwani
2008-02-07,Groundnut,Sendhwa,2141.0,2496.0,2496.0,Madhya Pradesh,Badwani
2008-02-08,Groundnut,Sendhwa,1830.0,2550.0,2400.0,Madhya Pradesh,Badwani
2008-02-09,Groundnut,Sendhwa,1800.0,2440.0,2400.0,Madhya Pradesh,Badwani
2008-02-12,Groundnut,Sendhwa,2276.0,2440.0,2364.0,Madhya Pradesh,Badwani
2008-02-13,Groundnut,Sendhwa,2300.0,2300.0,2300.0,Madhya Pradesh,Badwani
2008-02-14,Groundnut,Sendhwa,2101.0,2524.0,2524.0,Madhya Pradesh,Badwani
2008-02-15,Groundnut,Sendhwa,2100.0,2501.0,2501.0,Madhya Pradesh,Badwani
2008-02-16,Groundnut,Sendhwa,2300.0,2300.0,2300.0,Madhya Pradesh,Badwani
2008-02-18,Groundnut,Sendhwa,2200.0,2450.0,2400.0,Madhya Pradesh,Badwani
2008-02-19,Groundnut,Sendhwa,2000.0,2466.0,2466.0,Madhya Pradesh,Badwani
2008-02-20,Groundnut,Sendhwa,2051.0,2419.0,2419.0,Madhya Pradesh,Badwani
2008-02-23,Groundnut,Sendhwa,1929.0,2426.0,2426.0,Madhya Pradesh,Badwani
2008-02-25,Groundnut,Sendhwa,2000.0,2385.0,2385.0,Madhya Pradesh,Badwani
2008-02-26,Groundnut,Sendhwa,2151.0,2411.0,2411.0,Madhya Pradesh,Badwani
2008-02-27,Groundnut,Sendhwa,2214.0,2424.0,2424.0,Madhya Pradesh,Badwani
2008-02-28,Groundnut,Sendhwa,2250.0,2425.0,2425.0,Madhya Pradesh,Badwani
2008-02-29,Groundnut,Sendhwa,2225.0,2431.0,2431.0,Madhya Pradesh,Badwani
2008-03-03,Groundnut,Sendhwa,2201.0,2651.0,2651.0,Madhya Pradesh,Badwani
2008-03-04,Groundnut,Sendhwa,2485.0,2485.0,2485.0,Madhya Pradesh,Badwani
2008-03-05,Groundnut,Sendhwa,2250.0,2550.0,2550.0,Madhya Pradesh,Badwani
2008-03-07,Groundnut,Sendhwa,2500.0,2500.0,2500.0,Madhya Pradesh,Badwani
2008-03-10,Groundnut,Sendhwa,2410.0,2460.0,2460.0,Madhya Pradesh,Badwani
2008-03-11,Groundnut,Sendhwa,2400.0,2551.0,2551.0,Madhya Pradesh,Badwani
2008-03-12,Groundnut,Sendhwa,2301.0,2576.0,2576.0,Madhya Pradesh,Badwani
2008-03-13,Groundnut,Sendhwa,2505.0,2505.0,2505.0,Madhya Pradesh,Badwani
2008-03-14,Groundnut,Sendhwa,2300.0,2600.0,2300.0,Madhya Pradesh,Badwani
2008-03-15,Groundnut,Sendhwa,2350.0,2500.0,2500.0,Madhya Pradesh,Badwani
2008-03-17,Groundnut,Sendhwa,2350.0,2500.0,2500.0,Madhya Pradesh,Badwani
2008-03-18,Groundnut,Sendhwa,2300.0,2441.0,2441.0,Madhya Pradesh,Badwani
2008-03-19,Groundnut,Sendhwa,2400.0,2400.0,2400.0,Madhya Pradesh,Badwani
2008-03-24,Groundnut,Sendhwa,2250.0,2391.0,2391.0,Madhya Pradesh,Badwani
2008-03-25,Groundnut,Sendhwa,2451.0,2451.0,2451.0,Madhya Pradesh,Badwani
2008-03-27,Groundnut,Sendhwa,2390.0,2395.0,2395.0,Madhya Pradesh,Badwani
2008-03-28,Groundnut,Sendhwa,2200.0,2311.0,2311.0,Madhya Pradesh,Badwani
2008-03-29,Groundnut,Sendhwa,2245.0,2245.0,2245.0,Madhya Pradesh,Badwani
2008-04-17,Groundnut,Sendhwa,2314.0,2366.0,2366.0,Madhya Pradesh,Badwani
2008-04-19,Groundnut,Sendhwa,2326.0,2368.0,2368.0,Madhya Pradesh,Badwani
2008-04-21,Groundnut,Sendhwa,2250.0,2250.0,2250.0,Madhya Pradesh,Badwani
2008-04-22,Groundnut,Sendhwa,2300.0,2303.0,2300.0,Madhya Pradesh,Badwani
2008-04-23,Groundnut,Sendhwa,2350.0,2350.0,2350.0,Madhya Pradesh,Badwani
2008-04-26,Groundnut,Sendhwa,2040.0,2040.0,2040.0,Madhya Pradesh,Badwani
2008-04-30,Groundnut,Sendhwa,2317.0,2317.0,2317.0,Madhya Pradesh,Badwani
2008-05-01,Groundnut,Sendhwa,2300.0,2338.0,2338.0,Madhya Pradesh,Badwani
2008-05-03,Groundnut,Sendhwa,2291.0,2291.0,2291.0,Madhya Pradesh,Badwani
2008-05-06,Groundnut,Sendhwa,2281.0,2281.0,2281.0,Madhya Pradesh,Badwani
2008-05-09,Groundnut,Sendhwa,2055.0,2250.0,2250.0,Madhya Pradesh,Badwani
2008-05-12,Groundnut,Sendhwa,2000.0,2350.0,2200.0,Madhya Pradesh,Badwani
2008-05-16,Groundnut,Sendhwa,2150.0,2150.0,2150.0,Madhya Pradesh,Badwani
2008-05-17,Groundnut,Sendhwa,2150.0,2150.0,2150.0,Madhya Pradesh,Badwani
2008-05-21,Groundnut,Sendhwa,1326.0,1326.0,1326.0,Madhya Pradesh,Badwani
2008-05-22,Groundnut,Sendhwa,1150.0,1500.0,1500.0,Madhya Pradesh,Badwani
2008-05-27,Groundnut,Sendhwa,2290.0,2621.0,2621.0,Madhya Pradesh,Badwani
2008-05-28,Groundnut,Sendhwa,1800.0,2590.0,2500.0,Madhya Pradesh,Badwani
2008-05-29,Groundnut,Sendhwa,2051.0,2601.0,2601.0,Madhya Pradesh,Badwani
2008-05-30,Groundnut,Sendhwa,2200.0,2201.0,2201.0,Madhya Pradesh,Badwani
2008-05-31,Groundnut,Sendhwa,1600.0,2511.0,2511.0,Madhya Pradesh,Badwani
2008-06-02,Groundnut,Sendhwa,2101.0,2601.0,2551.0,Madhya Pradesh,Badwani
2008-06-03,Groundnut,Sendhwa,2100.0,2581.0,2501.0,Madhya Pradesh,Badwani
2008-06-04,Groundnut,Sendhwa,2176.0,2626.0,2600.0,Madhya Pradesh,Badwani
2008-06-05,Groundnut,Sendhwa,2151.0,2151.0,2151.0,Madhya Pradesh,Badwani
2008-06-06,Groundnut,Sendhwa,2701.0,2799.0,2799.0,Madhya Pradesh,Badwani
2008-06-07,Groundnut,Sendhwa,2425.0,2525.0,2525.0,Madhya Pradesh,Badwani
2008-06-09,Groundnut,Sendhwa,1950.0,2570.0,2200.0,Madhya Pradesh,Badwani
2008-06-10,Groundnut,Sendhwa,2550.0,2550.0,2550.0,Madhya Pradesh,Badwani
2008-06-11,Groundnut,Sendhwa,2525.0,2750.0,2750.0,Madhya Pradesh,Badwani
2008-06-12,Groundnut,Sendhwa,2110.0,2550.0,2550.0,Madhya Pradesh,Badwani
2008-06-13,Groundnut,Sendhwa,2650.0,2784.0,2784.0,Madhya Pradesh,Badwani
2008-06-14,Groundnut,Sendhwa,2731.0,2815.0,2815.0,Madhya Pradesh,Badwani
2008-06-21,Groundnut,Sendhwa,2731.0,2815.0,2815.0,Madhya Pradesh,Badwani
2008-06-23,Groundnut,Sendhwa,2200.0,2200.0,2200.0,Madhya Pradesh,Badwani
2008-06-24,Groundnut,Sendhwa,2200.0,2200.0,2200.0,Madhya Pradesh,Badwani
2008-06-25,Groundnut,Sendhwa,2290.0,2621.0,2621.0,Madhya Pradesh,Badwani
2008-06-28,Groundnut,Sendhwa,1800.0,2590.0,2500.0,Madhya Pradesh,Badwani
2008-06-30,Groundnut,Sendhwa,2200.0,2201.0,2201.0,Madhya Pradesh,Badwani
2008-07-01,Groundnut,Sendhwa,2200.0,2201.0,2201.0,Madhya Pradesh,Badwani
2008-07-02,Groundnut,Sendhwa,2101.0,2601.0,2551.0,Madhya Pradesh,Badwani
2008-07-03,Groundnut,Sendhwa,2100.0,2581.0,2501.0,Madhya Pradesh,Badwani
2008-07-04,Groundnut,Sendhwa,2176.0,2626.0,2600.0,Madhya Pradesh,Badwani
2008-07-05,Groundnut,Sendhwa,2151.0,2151.0,2151.0,Madhya Pradesh,Badwani
2008-07-07,Groundnut,Sendhwa,1950.0,2570.0,2200.0,Madhya Pradesh,Badwani
2008-07-08,Groundnut,Sendhwa,2525.0,2750.0,2525.0,Madhya Pradesh,Badwani
2008-07-09,Groundnut,Sendhwa,2550.0,2550.0,2550.0,Madhya Pradesh,Badwani
2008-07-10,Groundnut,Sendhwa,2110.0,2550.0,2550.0,Madhya Pradesh,Badwani
2008-07-12,Groundnut,Sendhwa,2151.0,2151.0,2151.0,Madhya Pradesh,Badwani
2008-07-17,Groundnut,Sendhwa,1425.0,2582.0,2582.0,Madhya Pradesh,Badwani
2008-07-21,Groundnut,Sendhwa,2176.0,2626.0,2600.0,Madhya Pradesh,Badwani
2008-07-22,Groundnut,Sendhwa,2200.0,2200.0,2200.0,Madhya Pradesh,Badwani
2008-07-23,Groundnut,Sendhwa,1400.0,2525.0,2525.0,Madhya Pradesh,Badwani
2008-07-24,Groundnut,Sendhwa,1826.0,2536.0,2536.0,Madhya Pradesh,Badwani
2008-07-25,Groundnut,Sendhwa,1440.0,2791.0,2770.0,Madhya Pradesh,Badwani
2008-07-26,Groundnut,Sendhwa,1565.0,2463.0,2400.0,Madhya Pradesh,Badwani
2008-07-28,Groundnut,Sendhwa,1300.0,2250.0,2250.0,Madhya Pradesh,Badwani
2008-07-29,Groundnut,Sendhwa,2051.0,2601.0,2500.0,Madhya Pradesh,Badwani
2008-07-30,Groundnut,Sendhwa,2200.0,2201.0,2201.0,Madhya Pradesh,Badwani
2008-07-31,Groundnut,Sendhwa,1376.0,2709.0,2709.0,Madhya Pradesh,Badwani
2008-08-01,Groundnut,Sendhwa,1400.0,2525.0,2525.0,Madhya Pradesh,Badwani
2008-08-06,Groundnut,Sendhwa,2701.0,2799.0,2799.0,Madhya Pradesh,Badwani
2008-08-07,Groundnut,Sendhwa,2200.0,2200.0,2200.0,Madhya Pradesh,Badwani
2008-08-12,Groundnut,Sendhwa,2566.0,2626.0,2626.0,Madhya Pradesh,Badwani
2008-08-14,Groundnut,Sendhwa,2200.0,2200.0,2200.0,Madhya Pradesh,Badwani
2008-08-22,Groundnut,Sendhwa,2499.0,2499.0,2499.0,Madhya Pradesh,Badwani
2008-08-27,Groundnut,Sendhwa,2451.0,2451.0,2451.0,Madhya Pradesh,Badwani
2008-10-01,Groundnut,Sendhwa,1060.0,1351.0,1100.0,Madhya Pradesh,Badwani
2008-10-03,Groundnut,Sendhwa,1500.0,1500.0,1500.0,Madhya Pradesh,Badwani
2008-10-04,Groundnut,Sendhwa,2051.0,2051.0,2051.0,Madhya Pradesh,Badwani
2008-10-07,Groundnut,Sendhwa,1400.0,2270.0,1400.0,Madhya Pradesh,Badwani
2008-10-11,Groundnut,Sendhwa,1625.0,1801.0,1801.0,Madhya Pradesh,Badwani
2008-10-13,Groundnut,Sendhwa,1351.0,1926.0,1926.0,Madhya Pradesh,Badwani
2008-10-15,Groundnut,Sendhwa,1674.0,1951.0,1951.0,Madhya Pradesh,Badwani
2008-10-16,Groundnut,Sendhwa,1125.0,2300.0,1670.0,Madhya Pradesh,Badwani
2008-10-17,Groundnut,Sendhwa,1941.0,2350.0,2176.0,Madhya Pradesh,Badwani
2008-10-18,Groundnut,Sendhwa,1591.0,2325.0,2325.0,Madhya Pradesh,Badwani
2008-10-20,Groundnut,Sendhwa,1899.0,2376.0,2150.0,Madhya Pradesh,Badwani
2008-10-21,Groundnut,Sendhwa,1600.0,2200.0,2200.0,Madhya Pradesh,Badwani
2008-10-22,Groundnut,Sendhwa,1950.0,2000.0,1952.0,Madhya Pradesh,Badwani
2008-10-23,Groundnut,Sendhwa,1670.0,2351.0,2351.0,Madhya Pradesh,Badwani
2008-10-24,Groundnut,Sendhwa,1720.0,2420.0,2390.0,Madhya Pradesh,Badwani
2008-10-25,Groundnut,Sendhwa,1691.0,2371.0,2371.0,Madhya Pradesh,Badwani
2008-10-30,Groundnut,Sendhwa,2025.0,2067.0,2067.0,Madhya Pradesh,Badwani
2008-10-31,Groundnut,Sendhwa,1977.0,2050.0,2031.0,Madhya Pradesh,Badwani
2008-11-01,Groundnut,Sendhwa,2050.0,2360.0,2360.0,Madhya Pradesh,Badwani
2008-11-03,Groundnut,Sendhwa,2190.0,2372.0,2372.0,Madhya Pradesh,Badwani
2008-11-04,Groundnut,Sendhwa,2050.0,2340.0,2300.0,Madhya Pradesh,Badwani
2008-11-05,Groundnut,Sendhwa,1650.0,2300.0,2300.0,Madhya Pradesh,Badwani
2008-11-06,Groundnut,Sendhwa,2181.0,2351.0,2351.0,Madhya Pradesh,Badwani
2008-11-07,Groundnut,Sendhwa,2200.0,2355.0,2351.0,Madhya Pradesh,Badwani
2008-11-08,Groundnut,Sendhwa,1704.0,2308.0,2308.0,Madhya Pradesh,Badwani
2008-11-10,Groundnut,Sendhwa,2250.0,2325.0,2325.0,Madhya Pradesh,Badwani
2008-11-11,Groundnut,Sendhwa,2015.0,2300.0,2300.0,Madhya Pradesh,Badwani
2008-11-12,Groundnut,Sendhwa,2000.0,2299.0,2251.0,Madhya Pradesh,Badwani
2008-11-14,Groundnut,Sendhwa,2250.0,2300.0,2300.0,Madhya Pradesh,Badwani
2008-11-15,Groundnut,Sendhwa,2076.0,2286.0,2200.0,Madhya Pradesh,Badwani
2008-11-17,Groundnut,Sendhwa,1900.0,2300.0,2300.0,Madhya Pradesh,Badwani
2008-11-19,Groundnut,Sendhwa,2280.0,2280.0,2280.0,Madhya Pradesh,Badwani
2008-11-20,Groundnut,Sendhwa,2325.0,2325.0,2325.0,Madhya Pradesh,Badwani
2008-11-21,Groundnut,Sendhwa,2276.0,5491.0,5491.0,Madhya Pradesh,Badwani
2008-11-22,Groundnut,Sendhwa,2295.0,2295.0,2295.0,Madhya Pradesh,Badwani
2008-11-24,Groundnut,Sendhwa,2225.0,2330.0,2330.0,Madhya Pradesh,Badwani
2008-12-02,Groundnut,Sendhwa,2175.0,2200.0,2200.0,Madhya Pradesh,Badwani
2008-12-03,Groundnut,Sendhwa,2150.0,2475.0,2475.0,Madhya Pradesh,Badwani
2008-12-04,Groundnut,Sendhwa,2138.0,2338.0,2338.0,Madhya Pradesh,Badwani
2008-12-05,Groundnut,Sendhwa,2221.0,2335.0,2326.0,Madhya Pradesh,Badwani
2008-12-10,Groundnut,Sendhwa,2200.0,2350.0,2301.0,Madhya Pradesh,Badwani
2008-12-11,Groundnut,Sendhwa,2252.0,2252.0,2252.0,Madhya Pradesh,Badwani
2008-12-12,Groundnut,Sendhwa,2200.0,2400.0,2300.0,Madhya Pradesh,Badwani
2008-12-13,Groundnut,Sendhwa,2271.0,2275.0,2275.0,Madhya Pradesh,Badwani
2008-12-15,Groundnut,Sendhwa,2000.0,2300.0,2300.0,Madhya Pradesh,Badwani
2008-12-16,Groundnut,Sendhwa,1850.0,2360.0,2300.0,Madhya Pradesh,Badwani
2008-12-17,Groundnut,Sendhwa,2290.0,2381.0,2381.0,Madhya Pradesh,Badwani
2008-12-18,Groundnut,Sendhwa,2100.0,2300.0,2300.0,Madhya Pradesh,Badwani
2008-12-19,Groundnut,Sendhwa,2225.0,2430.0,2400.0,Madhya Pradesh,Badwani
2008-12-22,Groundnut,Sendhwa,2300.0,2351.0,2351.0,Madhya Pradesh,Badwani
2008-12-23,Groundnut,Sendhwa,2000.0,2000.0,2000.0,Madhya Pradesh,Badwani
2008-12-24,Groundnut,Sendhwa,2251.0,2351.0,2351.0,Madhya Pradesh,Badwani
2008-12-26,Groundnut,Sendhwa,2274.0,2353.0,2353.0,Madhya Pradesh,Badwani
2008-12-27,Groundnut,Sendhwa,2150.0,2327.0,2327.0,Madhya Pradesh,Badwani
2008-12-29,Groundnut,Sendhwa,2200.0,2401.0,2401.0,Madhya Pradesh,Badwani
2008-12-30,Groundnut,Sendhwa,2280.0,2405.0,2405.0,Madhya Pradesh,Badwani
2008-12-31,Groundnut,Sendhwa,2265.0,2382.0,2382.0,Madhya Pradesh,Badwani
2009-01-01,Groundnut,Sendhwa,2225.0,2350.0,2350.0,Madhya Pradesh,Badwani
2009-01-02,Groundnut,Sendhwa,2300.0,2412.0,2412.0,Madhya Pradesh,Badwani
2009-01-03,Groundnut,Sendhwa,2200.0,2375.0,2325.0,Madhya Pradesh,Badwani
2009-01-06,Groundnut,Sendhwa,2271.0,2391.0,2325.0,Madhya Pradesh,Badwani
2009-01-20,Groundnut,Sendhwa,2370.0,2400.0,2400.0,Madhya Pradesh,Badwani
2009-01-21,Groundnut,Sendhwa,2361.0,2425.0,2425.0,Madhya Pradesh,Badwani
2009-01-22,Groundnut,Sendhwa,2250.0,2321.0,2321.0,Madhya Pradesh,Badwani
2009-01-24,Groundnut,Sendhwa,2300.0,2405.0,2400.0,Madhya Pradesh,Badwani
2009-01-27,Groundnut,Sendhwa,2200.0,2375.0,2375.0,Madhya Pradesh,Badwani
2009-01-28,Groundnut,Sendhwa,2400.0,2800.0,2800.0,Madhya Pradesh,Badwani
2009-02-02,Groundnut,Sendhwa,2400.0,2400.0,2400.0,Madhya Pradesh,Badwani
2009-02-03,Groundnut,Sendhwa,2350.0,2350.0,2350.0,Madhya Pradesh,Badwani
2009-02-04,Groundnut,Sendhwa,2370.0,2401.0,2370.0,Madhya Pradesh,Badwani
2009-02-05,Groundnut,Sendhwa,2325.0,2350.0,2350.0,Madhya Pradesh,Badwani
2009-02-06,Groundnut,Sendhwa,2260.0,2350.0,2350.0,Madhya Pradesh,Badwani
2009-02-07,Groundnut,Sendhwa,2325.0,2331.0,2331.0,Madhya Pradesh,Badwani
2009-02-10,Groundnut,Sendhwa,2150.0,2304.0,2304.0,Madhya Pradesh,Badwani
2009-02-17,Groundnut,Sendhwa,2325.0,2325.0,2325.0,Madhya Pradesh,Badwani
2009-02-26,Groundnut,Sendhwa,1861.0,1861.0,1861.0,Madhya Pradesh,Badwani
2009-02-27,Groundnut,Sendhwa,2425.0,2425.0,2425.0,Madhya Pradesh,Badwani
2009-03-03,Groundnut,Sendhwa,2350.0,2350.0,2350.0,Madhya Pradesh,Badwani
2009-03-05,Groundnut,Sendhwa,2300.0,2350.0,2350.0,Madhya Pradesh,Badwani
2009-03-06,Groundnut,Sendhwa,2271.0,2324.0,2324.0,Madhya Pradesh,Badwani
2012-02-16,Groundnut,Sendhwa,3200.0,3300.0,3250.0,Madhya Pradesh,Badwani
2013-02-08,Groundnut,Sendhwa,4275.0,4300.0,4288.0,Madhya Pradesh,Badwani
2014-05-28,Groundnut,Sendhwa,3200.0,3300.0,3250.0,Madhya Pradesh,Badwani
2014-05-29,Groundnut,Sendhwa,3220.0,3220.0,3220.0,Madhya Pradesh,Badwani
2014-06-06,Groundnut,Sendhwa,2911.0,2911.0,2911.0,Madhya Pradesh,Badwani
2014-06-07,Groundnut,Sendhwa,2940.0,2950.0,2945.0,Madhya Pradesh,Badwani
2014-06-09,Groundnut,Sendhwa,2900.0,2900.0,2900.0,Madhya Pradesh,Badwani
2014-06-11,Groundnut,Sendhwa,2800.0,2910.0,2855.0,Madhya Pradesh,Badwani
2014-06-12,Groundnut,Sendhwa,2900.0,2900.0,2900.0,Madhya Pradesh,Badwani
2014-06-13,Groundnut,Sendhwa,2850.0,2900.0,2875.0,Madhya Pradesh,Badwani
2014-06-14,Groundnut,Sendhwa,2800.0,2850.0,2825.0,Madhya Pradesh,Badwani
2015-06-09,Groundnut,Sendhwa,4211.0,4211.0,4211.0,Madhya Pradesh,Badwani
2015-06-16,Groundnut,Sendhwa,4210.0,4230.0,4215.0,Madhya Pradesh,Badwani
2017-11-24,Groundnut,Sendhwa,3801.0,3801.0,3801.0,Madhya Pradesh,Badwani
2017-12-12,Groundnut,Sendhwa,3760.0,3760.0,3760.0,Madhya Pradesh,Badwani
2018-11-23,Groundnut,Sendhwa,4891.0,4891.0,4891.0,Madhya Pradesh,Badwani
2018-12-31,Groundnut,Sendhwa,4890.0,4890.0,4890.0,Madhya Pradesh,Badwani
2019-11-26,Groundnut,Sendhwa,3540.0,3540.0,3540.0,Madhya Pradesh,Badwani
2019-11-27,Groundnut,Sendhwa,3535.0,3535.0,3535.0,Madhya Pradesh,Badwani
2020-01-23,Groundnut,Sendhwa,5000.0,5000.0,5000.0,Madhya Pradesh,Badwani
2020-05-26,Groundnut,Sendhwa,5100.0,5130.0,5120.0,Madhya Pradesh,Badwani
2020-05-30,Groundnut,Sendhwa,5111.0,5120.0,5115.0,Madhya Pradesh,Badwani
2020-05-31,Groundnut,Sendhwa,5105.0,5120.0,5112.0,Madhya Pradesh,Badwani
2020-06-03,Groundnut,Sendhwa,5100.0,5130.0,5115.0,Madhya Pradesh,Badwani
2020-06-06,Groundnut,Sendhwa,5118.0,5301.0,5209.0,Madhya Pradesh,Badwani
2021-05-23,Groundnut,Sendhwa,4700.0,4760.0,4760.0,Madhya Pradesh,Badwani
2021-05-24,Groundnut,Sendhwa,4750.0,4811.0,4800.0,Madhya Pradesh,Badwani
2021-05-25,Groundnut,Sendhwa,4600.0,4800.0,4700.0,Madhya Pradesh,Badwani
2021-06-08,Groundnut,Sendhwa,4671.0,4950.0,4800.0,Madhya Pradesh,Badwani
2021-06-10,Groundnut,Sendhwa,4900.0,4900.0,4900.0,Madhya Pradesh,Badwani
2021-06-12,Groundnut,Sendhwa,4550.0,4751.0,4600.0,Madhya Pradesh,Badwani
2021-07-21,Groundnut,Sendhwa,4600.0,4600.0,4600.0,Madhya Pradesh,Badwani
2021-10-07,Groundnut,Sendhwa,4480.0,4480.0,4480.0,Madhya Pradesh,Badwani
2022-02-02,Groundnut,Sendhwa,5000.0,5000.0,5000.0,Madhya Pradesh,Badwani
2022-12-24,Groundnut,Sendhwa,5200.0,5200.0,5200.0,Madhya Pradesh,Badwani
2024-05-08,Groundnut,Sendhwa,5000.0,5311.0,6600.0,Madhya Pradesh,Badwani
2024-05-08,Groundnut,Sendhwa,6500.0,6500.0,6600.0,Madhya Pradesh,Badwani
2024-05-08,Groundnut,Sendhwa,6500.0,6600.0,6600.0,Madhya Pradesh,Badwani
2024-05-08,Groundnut,Sendhwa,5800.0,5800.0,6600.0,Madhya Pradesh,Badwani
2024-05-08,Groundnut,Sendhwa,5500.0,5800.0,6600.0,Madhya Pradesh,Badwani
2024-05-09,Groundnut,Sendhwa,6500.0,6500.0,6550.0,Madhya Pradesh,Badwani
2024-05-09,Groundnut,Sendhwa,6450.0,6550.0,6550.0,Madhya Pradesh,Badwani
2024-05-09,Groundnut,Sendhwa,5500.0,5500.0,6550.0,Madhya Pradesh,Badwani
2024-05-10,Groundnut,Sendhwa,6200.0,6300.0,7500.0,Madhya Pradesh,Badwani
2024-05-10,Groundnut,Sendhwa,5100.0,7500.0,7500.0,Madhya Pradesh,Badwani
2024-05-12,Groundnut,Sendhwa,6000.0,6000.0,6000.0,Madhya Pradesh,Badwani
2024-05-16,Groundnut,Sendhwa,5050.0,5100.0,5100.0,Madhya Pradesh,Badwani
2024-05-18,Groundnut,Sendhwa,5200.0,5200.0,5200.0,Madhya Pradesh,Badwani
2024-05-20,Groundnut,Sendhwa,5805.0,5805.0,5805.0,Madhya Pradesh,Badwani
2024-05-21,Groundnut,Sendhwa,6650.0,6700.0,6700.0,Madhya Pradesh,Badwani
2024-05-22,Groundnut,Sendhwa,5300.0,5300.0,5300.0,Madhya Pradesh,Badwani
2024-05-23,Groundnut,Sendhwa,6125.0,6152.0,6000.0,Madhya Pradesh,Badwani
2024-05-23,Groundnut,Sendhwa,6000.0,6000.0,6000.0,Madhya Pradesh,Badwani
2024-05-23,Groundnut,Sendhwa,5200.0,5210.0,6000.0,Madhya Pradesh,Badwani
2024-05-23,Groundnut,Sendhwa,6500.0,6500.0,6000.0,Madhya Pradesh,Badwani
2024-05-24,Groundnut,Sendhwa,5540.0,5540.0,5540.0,Madhya Pradesh,Badwani
2024-05-25,Groundnut,Sendhwa,5450.0,5600.0,5600.0,Madhya Pradesh,Badwani
2024-05-26,Groundnut,Sendhwa,5200.0,5300.0,5300.0,Madhya Pradesh,Badwani
2024-05-27,Groundnut,Sendhwa,5845.0,5845.0,6100.0,Madhya Pradesh,Badwani
2024-05-27,Groundnut,Sendhwa,5800.0,5845.0,6100.0,Madhya Pradesh,Badwani
2024-05-27,Groundnut,Sendhwa,6100.0,6100.0,6100.0,Madhya Pradesh,Badwani
2024-05-28,Groundnut,Sendhwa,5340.0,5500.0,5500.0,Madhya Pradesh,Badwani
2024-05-28,Groundnut,Sendhwa,5200.0,5200.0,5500.0,Madhya Pradesh,Badwani
2024-05-29,Groundnut,Sendhwa,5350.0,5350.0,5350.0,Madhya Pradesh,Badwani
2024-05-30,Groundnut,Sendhwa,5360.0,5800.0,5300.0,Madhya Pradesh,Badwani
2024-05-30,Groundnut,Sendhwa,5260.0,5305.0,5300.0,Madhya Pradesh,Badwani
2024-05-30,Groundnut,Sendhwa,5250.0,5305.0,5300.0,Madhya Pradesh,Badwani
2024-05-31,Groundnut,Sendhwa,5150.0,5260.0,5800.0,Madhya Pradesh,Badwani
2024-05-31,Groundnut,Sendhwa,5800.0,5800.0,5800.0,Madhya Pradesh,Badwani
2024-05-31,Groundnut,Sendhwa,5575.0,5650.0,5800.0,Madhya Pradesh,Badwani
2024-06-01,Groundnut,Sendhwa,5700.0,5900.0,5650.0,Madhya Pradesh,Badwani
2024-06-01,Groundnut,Sendhwa,5500.0,5700.0,5650.0,Madhya Pradesh,Badwani
2024-06-02,Groundnut,Sendhwa,5300.0,5300.0,5650.0,Madhya Pradesh,Badwani
2024-06-02,Groundnut,Sendhwa,5450.0,5650.0,5650.0,Madhya Pradesh,Badwani
2024-06-03,Groundnut,Sendhwa,5380.0,5630.0,5705.0,Madhya Pradesh,Badwani
2024-06-03,Groundnut,Sendhwa,5650.0,5705.0,5705.0,Madhya Pradesh,Badwani
2024-06-04,Groundnut,Sendhwa,5500.0,5500.0,5500.0,Madhya Pradesh,Badwani
2024-06-05,Groundnut,Sendhwa,5375.0,5550.0,5550.0,Madhya Pradesh,Badwani
2024-06-06,Groundnut,Sendhwa,5230.0,7146.0,5230.0,Madhya Pradesh,Badwani
2024-06-07,Groundnut,Sendhwa,5400.0,5650.0,5550.0,Madhya Pradesh,Badwani
2024-06-07,Groundnut,Sendhwa,5550.0,5600.0,5550.0,Madhya Pradesh,Badwani
2024-06-08,Groundnut,Sendhwa,5200.0,5220.0,5220.0,Madhya Pradesh,Badwani
2024-06-09,Groundnut,Sendhwa,5420.0,5500.0,5500.0,Madhya Pradesh,Badwani
2024-06-12,Groundnut,Sendhwa,5345.0,5550.0,5550.0,Madhya Pradesh,Badwani
2024-06-14,Groundnut,Sendhwa,5800.0,5800.0,5800.0,Madhya Pradesh,Badwani
2024-06-18,Groundnut,Sendhwa,5370.0,5400.0,5400.0,Madhya Pradesh,Badwani
2025-05-26,Groundnut,Sendhwa,5000.0,5000.0,5000.0,Madhya Pradesh,Badwani
2025-05-30,Groundnut,Sendhwa,5000.0,5300.0,5000.0,Madhya Pradesh,Badwani
2025-05-30,Groundnut,Sendhwa,5000.0,5000.0,5000.0,Madhya Pradesh,Badwani
2025-05-31,Groundnut,Sendhwa,5250.0,5400.0,5300.0,Madhya Pradesh,Badwani
2025-06-04,Groundnut,Sendhwa,5350.0,5350.0,5350.0,Madhya Pradesh,Badwani
2025-06-10,Groundnut,Sendhwa,4800.0,5080.0,5000.0,Madhya Pradesh,Badwani
2025-06-13,Groundnut,Sendhwa,4750.0,4750.0,4750.0,Madhya Pradesh,Badwani
2025-06-19,Groundnut,Sendhwa,5500.0,5500.0,5500.0,Madhya Pradesh,Badwani
2007-01-09,Maize,Jaspur,450.0,500.0,475.0,Chattisgarh,Jashpur
2007-01-17,Maize,Jaspur,400.0,550.0,500.0,Chattisgarh,Jashpur
2007-01-19,Maize,Jaspur,450.0,550.0,500.0,Chattisgarh,Jashpur
2007-01-25,Maize,Jaspur,475.0,550.0,500.0,Chattisgarh,Jashpur
2007-02-03,Maize,Jaspur,500.0,600.0,550.0,Chattisgarh,Jashpur
2007-02-12,Maize,Jaspur,475.0,550.0,500.0,Chattisgarh,Jashpur
2007-02-19,Maize,Jaspur,475.0,550.0,500.0,Chattisgarh,Jashpur
2007-02-27,Maize,Jaspur,400.0,600.0,500.0,Chattisgarh,Jashpur
2007-03-31,Maize,Jaspur,400.0,600.0,500.0,Chattisgarh,Jashpur
2007-07-30,Maize,Jaspur,450.0,800.0,700.0,Chattisgarh,Jashpur
2007-08-03,Maize,Jaspur,400.0,600.0,500.0,Chattisgarh,Jashpur
2007-08-16,Maize,Jaspur,400.0,600.0,500.0,Chattisgarh,Jashpur
2007-08-31,Maize,Jaspur,400.0,600.0,500.0,Chattisgarh,Jashpur
2007-09-11,Maize,Jaspur,500.0,700.0,600.0,Chattisgarh,Jashpur
2007-10-19,Maize,Jaspur,400.0,500.0,500.0,Chattisgarh,Jashpur
2010-07-20,Maize,Jaspur,1000.0,1000.0,1000.0,Chattisgarh,Jashpur
2010-07-31,Maize,Jaspur,900.0,900.0,900.0,Chattisgarh,Jashpur
2010-08-12,Maize,Jaspur,900.0,900.0,900.0,Chattisgarh,Jashpur
2010-08-23,Maize,Jaspur,900.0,900.0,900.0,Chattisgarh,Jashpur
2010-09-28,Maize,Jaspur,900.0,900.0,900.0,Chattisgarh,Jashpur
2010-09-29,Maize,Jaspur,1000.0,1000.0,1000.0,Chattisgarh,Jashpur
2010-10-25,Maize,Jaspur,1000.0,1000.0,1000.0,Chattisgarh,Jashpur
2010-11-22,Maize,Jaspur,900.0,900.0,900.0,Chattisgarh,Jashpur
2010-11-24,Maize,Jaspur,900.0,900.0,900.0,Chattisgarh,Jashpur
2010-11-30,Maize,Jaspur,900.0,900.0,900.0,Chattisgarh,Jashpur
2010-12-09,Maize,Jaspur,1000.0,1000.0,1000.0,Chattisgarh,Jashpur
2010-12-23,Maize,Jaspur,900.0,900.0,900.0,Chattisgarh,Jashpur
2010-12-27,Maize,Jaspur,975.0,975.0,975.0,Chattisgarh,Jashpur
2010-12-29,Maize,Jaspur,950.0,950.0,950.0,Chattisgarh,Jashpur
2011-01-10,Maize,Jaspur,900.0,900.0,900.0,Chattisgarh,Jashpur
2011-01-12,Maize,Jaspur,900.0,900.0,900.0,Chattisgarh,Jashpur
2011-01-24,Maize,Jaspur,900.0,900.0,900.0,Chattisgarh,Jashpur
2011-02-22,Maize,Jaspur,900.0,900.0,900.0,Chattisgarh,Jashpur
2011-02-28,Maize,Jaspur,900.0,900.0,900.0,Chattisgarh,Jashpur
2011-04-27,Maize,Jaspur,1000.0,1000.0,1000.0,Chattisgarh,Jashpur
2011-05-27,Maize,Jaspur,1000.0,1000.0,1000.0,Chattisgarh,Jashpur
2011-05-31,Maize,Jaspur,900.0,900.0,900.0,Chattisgarh,Jashpur
2011-07-11,Maize,Jaspur,1000.0,1000.0,1000.0,Chattisgarh,Jashpur
2011-07-13,Maize,Jaspur,1000.0,1000.0,1000.0,Chattisgarh,Jashpur
2011-07-30,Maize,Jaspur,1000.0,1000.0,1000.0,Chattisgarh,Jashpur
2011-08-11,Maize,Jaspur,1075.0,1075.0,1075.0,Chattisgarh,Jashpur
2011-08-17,Maize,Jaspur,975.0,975.0,975.0,Chattisgarh,Jashpur
2011-08-24,Maize,Jaspur,1215.0,1215.0,1215.0,Chattisgarh,Jashpur
2011-08-27,Maize,Jaspur,1000.0,1000.0,1000.0,Chattisgarh,Jashpur
2011-09-02,Maize,Jaspur,1000.0,1000.0,1000.0,Chattisgarh,Jashpur
2011-09-09,Maize,Jaspur,1000.0,1000.0,1000.0,Chattisgarh,Jashpur
2011-09-13,Maize,Jaspur,1000.0,1000.0,1000.0,Chattisgarh,Jashpur
2011-09-16,Maize,Jaspur,1000.0,1000.0,1000.0,Chattisgarh,Jashpur
2011-09-26,Maize,Jaspur,1000.0,1000.0,1000.0,Chattisgarh,Jashpur
2011-09-30,Maize,Jaspur,1000.0,1000.0,1000.0,Chattisgarh,Jashpur
2011-10-14,Maize,Jaspur,1000.0,1000.0,1000.0,Chattisgarh,Jashpur
2011-10-17,Maize,Jaspur,1000.0,1000.0,1000.0,Chattisgarh,Jashpur
2011-10-29,Maize,Jaspur,1000.0,1000.0,1000.0,Chattisgarh,Jashpur
2011-10-31,Maize,Jaspur,1000.0,1000.0,1000.0,Chattisgarh,Jashpur
2011-11-14,Maize,Jaspur,1000.0,1000.0,1000.0,Chattisgarh,Jashpur
2011-11-16,Maize,Jaspur,1000.0,1000.0,1000.0,Chattisgarh,Jashpur
2011-11-22,Maize,Jaspur,1000.0,1000.0,1000.0,Chattisgarh,Jashpur
2011-11-23,Maize,Jaspur,1000.0,1000.0,1000.0,Chattisgarh,Jashpur
2011-11-30,Maize,Jaspur,1000.0,1000.0,1000.0,Chattisgarh,Jashpur
2011-12-14,Maize,Jaspur,1000.0,1000.0,1000.0,Chattisgarh,Jashpur
2011-12-20,Maize,Jaspur,1000.0,1000.0,1000.0,Chattisgarh,Jashpur
2011-12-29,Maize,Jaspur,1000.0,1000.0,1000.0,Chattisgarh,Jashpur
2011-12-31,Maize,Jaspur,1000.0,1000.0,1000.0,Chattisgarh,Jashpur
2012-01-13,Maize,Jaspur,1000.0,1000.0,1000.0,Chattisgarh,Jashpur
2012-01-16,Maize,Jaspur,1000.0,1000.0,1000.0,Chattisgarh,Jashpur
2012-01-18,Maize,Jaspur,1000.0,1000.0,1000.0,Chattisgarh,Jashpur
2012-01-25,Maize,Jaspur,1000.0,1000.0,1000.0,Chattisgarh,Jashpur
2012-01-29,Maize,Jaspur,1000.0,1000.0,1000.0,Chattisgarh,Jashpur
2012-01-30,Maize,Jaspur,1000.0,1000.0,1000.0,Chattisgarh,Jashpur
2012-01-31,Maize,Jaspur,1000.0,1000.0,1000.0,Chattisgarh,Jashpur
2012-02-06,Maize,Jaspur,1000.0,1000.0,1000.0,Chattisgarh,Jashpur
2012-02-15,Maize,Jaspur,1000.0,1000.0,1000.0,Chattisgarh,Jashpur
2012-02-27,Maize,Jaspur,1000.0,1000.0,1000.0,Chattisgarh,Jashpur
2012-02-29,Maize,Jaspur,1000.0,1000.0,1000.0,Chattisgarh,Jashpur
2012-05-18,Maize,Jaspur,1000.0,1000.0,1000.0,Chattisgarh,Jashpur
2012-05-31,Maize,Jaspur,1000.0,1000.0,1000.0,Chattisgarh,Jashpur
2012-06-23,Maize,Jaspur,1000.0,1000.0,1000.0,Chattisgarh,Jashpur
2012-06-30,Maize,Jaspur,1000.0,1000.0,1000.0,Chattisgarh,Jashpur
2012-07-07,Maize,Jaspur,1000.0,1000.0,1000.0,Chattisgarh,Jashpur
2012-07-10,Maize,Jaspur,1000.0,1000.0,1000.0,Chattisgarh,Jashpur
2012-07-31,Maize,Jaspur,1000.0,1000.0,1000.0,Chattisgarh,Jashpur
2012-10-16,Maize,Jaspur,1000.0,1000.0,1000.0,Chattisgarh,Jashpur
2012-10-18,Maize,Jaspur,1100.0,1100.0,1100.0,Chattisgarh,Jashpur
2012-10-31,Maize,Jaspur,1200.0,1200.0,1200.0,Chattisgarh,Jashpur
2012-11-30,Maize,Jaspur,1200.0,1200.0,1200.0,Chattisgarh,Jashpur
2012-12-11,Maize,Jaspur,1200.0,1200.0,1200.0,Chattisgarh,Jashpur
2012-12-28,Maize,Jaspur,1000.0,1000.0,1000.0,Chattisgarh,Jashpur
2013-01-10,Maize,Jaspur,1200.0,1200.0,1200.0,Chattisgarh,Jashpur
2013-01-16,Maize,Jaspur,1200.0,1200.0,1200.0,Chattisgarh,Jashpur
2013-01-28,Maize,Jaspur,1200.0,1200.0,1200.0,Chattisgarh,Jashpur
2013-01-31,Maize,Jaspur,1200.0,1200.0,1200.0,Chattisgarh,Jashpur
2013-02-12,Maize,Jaspur,1200.0,1200.0,1200.0,Chattisgarh,Jashpur
2013-02-25,Maize,Jaspur,1200.0,1200.0,1200.0,Chattisgarh,Jashpur
2013-02-26,Maize,Jaspur,1200.0,1200.0,1200.0,Chattisgarh,Jashpur
2013-03-11,Maize,Jaspur,1200.0,1200.0,1200.0,Chattisgarh,Jashpur
2013-03-13,Maize,Jaspur,1200.0,1200.0,1200.0,Chattisgarh,Jashpur
2013-03-18,Maize,Jaspur,1200.0,1200.0,1200.0,Chattisgarh,Jashpur
2013-03-31,Maize,Jaspur,1200.0,1200.0,1200.0,Chattisgarh,Jashpur
2013-05-15,Maize,Jaspur,1200.0,1200.0,1200.0,Chattisgarh,Jashpur
2013-06-13,Maize,Jaspur,1200.0,1200.0,1200.0,Chattisgarh,Jashpur
2013-06-30,Maize,Jaspur,1200.0,1200.0,1200.0,Chattisgarh,Jashpur
2013-07-18,Maize,Jaspur,1000.0,1000.0,1000.0,Chattisgarh,Jashpur
2013-07-19,Maize,Jaspur,1200.0,1200.0,1200.0,Chattisgarh,Jashpur
2013-08-13,Maize,Jaspur,1200.0,1200.0,1200.0,Chattisgarh,Jashpur
2013-08-17,Maize,Jaspur,1200.0,1200.0,1200.0,Chattisgarh,Jashpur
2013-08-22,Maize,Jaspur,1200.0,1200.0,1200.0,Chattisgarh,Jashpur
2013-08-31,Maize,Jaspur,1200.0,1200.0,1200.0,Chattisgarh,Jashpur
2013-09-21,Maize,Jaspur,1200.0,1200.0,1200.0,Chattisgarh,Jashpur
2013-09-30,Maize,Jaspur,1200.0,1200.0,1200.0,Chattisgarh,Jashpur
2013-10-25,Maize,Jaspur,1200.0,1200.0,1200.0,Chattisgarh,Jashpur
2013-10-29,Maize,Jaspur,1310.0,1310.0,1310.0,Chattisgarh,Jashpur
2013-10-30,Maize,Jaspur,1310.0,1310.0,1310.0,Chattisgarh,Jashpur
2013-10-31,Maize,Jaspur,1300.0,1300.0,1300.0,Chattisgarh,Jashpur
2013-11-16,Maize,Jaspur,2000.0,2000.0,2000.0,Chattisgarh,Jashpur
2013-11-26,Maize,Jaspur,1310.0,1310.0,1310.0,Chattisgarh,Jashpur
2013-11-28,Maize,Jaspur,1310.0,1500.0,1350.0,Chattisgarh,Jashpur
2013-11-30,Maize,Jaspur,1310.0,1310.0,1310.0,Chattisgarh,Jashpur
2014-01-20,Maize,Jaspur,1310.0,1310.0,1310.0,Chattisgarh,Jashpur
2014-02-28,Maize,Jaspur,1300.0,1320.0,1310.0,Chattisgarh,Jashpur
2014-04-30,Maize,Jaspur,1310.0,1310.0,1310.0,Chattisgarh,Jashpur
2014-05-16,Maize,Jaspur,1310.0,1310.0,1310.0,Chattisgarh,Jashpur
2014-05-22,Maize,Jaspur,1310.0,1310.0,1310.0,Chattisgarh,Jashpur
2014-06-17,Maize,Jaspur,1310.0,1310.0,1310.0,Chattisgarh,Jashpur
2014-07-14,Maize,Jaspur,1500.0,1500.0,1500.0,Chattisgarh,Jashpur
2014-07-18,Maize,Jaspur,1350.0,1400.0,1380.0,Chattisgarh,Jashpur
2014-08-23,Maize,Jaspur,1310.0,1310.0,1310.0,Chattisgarh,Jashpur
2014-08-26,Maize,Jaspur,1350.0,1350.0,1350.0,Chattisgarh,Jashpur
2014-08-28,Maize,Jaspur,1310.0,1360.0,1360.0,Chattisgarh,Jashpur
2014-08-30,Maize,Jaspur,1310.0,1360.0,1350.0,Chattisgarh,Jashpur
2014-09-15,Maize,Jaspur,1350.0,1350.0,1350.0,Chattisgarh,Jashpur
2014-09-29,Maize,Jaspur,1500.0,1500.0,1500.0,Chattisgarh,Jashpur
2014-10-28,Maize,Jaspur,1310.0,1310.0,1310.0,Chattisgarh,Jashpur
2014-11-10,Maize,Jaspur,1310.0,1320.0,1320.0,Chattisgarh,Jashpur
2014-11-15,Maize,Jaspur,1310.0,1320.0,1320.0,Chattisgarh,Jashpur
2014-11-22,Maize,Jaspur,1500.0,1500.0,1500.0,Chattisgarh,Jashpur
2014-11-26,Maize,Jaspur,1320.0,1320.0,1320.0,Chattisgarh,Jashpur
2014-11-29,Maize,Jaspur,1320.0,1320.0,1320.0,Chattisgarh,Jashpur
2014-12-30,Maize,Jaspur,1320.0,1320.0,1320.0,Chattisgarh,Jashpur
2014-12-31,Maize,Jaspur,1320.0,1320.0,1320.0,Chattisgarh,Jashpur
2015-01-31,Maize,Jaspur,1320.0,1320.0,1320.0,Chattisgarh,Jashpur
2015-04-30,Maize,Jaspur,1320.0,1320.0,1320.0,Chattisgarh,Jashpur
2015-05-31,Maize,Jaspur,1320.0,1320.0,1320.0,Chattisgarh,Jashpur
2015-06-12,Maize,Jaspur,1325.0,1500.0,1500.0,Chattisgarh,Jashpur
2015-06-30,Maize,Jaspur,1320.0,1320.0,1320.0,Chattisgarh,Jashpur
2015-07-20,Maize,Jaspur,1320.0,1320.0,1320.0,Chattisgarh,Jashpur
2015-08-24,Maize,Jaspur,1320.0,1320.0,1320.0,Chattisgarh,Jashpur
2015-08-31,Maize,Jaspur,1320.0,1330.0,1330.0,Chattisgarh,Jashpur
2015-09-08,Maize,Jaspur,1350.0,1350.0,1350.0,Chattisgarh,Jashpur
2015-09-30,Maize,Jaspur,1400.0,1400.0,1400.0,Chattisgarh,Jashpur
2015-10-14,Maize,Jaspur,1350.0,1350.0,1350.0,Chattisgarh,Jashpur
2015-10-16,Maize,Jaspur,1330.0,1330.0,1330.0,Chattisgarh,Jashpur
2015-10-27,Maize,Jaspur,1330.0,1350.0,1330.0,Chattisgarh,Jashpur
2015-10-31,Maize,Jaspur,1330.0,1500.0,1330.0,Chattisgarh,Jashpur
2015-11-20,Maize,Jaspur,1350.0,1350.0,1350.0,Chattisgarh,Jashpur
2015-11-24,Maize,Jaspur,1330.0,1350.0,1350.0,Chattisgarh,Jashpur
2015-11-26,Maize,Jaspur,1500.0,1500.0,1500.0,Chattisgarh,Jashpur
2015-11-30,Maize,Jaspur,1330.0,1350.0,1350.0,Chattisgarh,Jashpur
2015-12-16,Maize,Jaspur,1300.0,1300.0,1300.0,Chattisgarh,Jashpur
2015-12-23,Maize,Jaspur,1350.0,1350.0,1350.0,Chattisgarh,Jashpur
2015-12-30,Maize,Jaspur,1350.0,1350.0,1350.0,Chattisgarh,Jashpur
2016-01-18,Maize,Jaspur,1275.0,1275.0,1275.0,Chattisgarh,Jashpur
2016-01-19,Maize,Jaspur,1350.0,1350.0,1350.0,Chattisgarh,Jashpur
2016-01-31,Maize,Jaspur,1350.0,1350.0,1350.0,Chattisgarh,Jashpur
2016-02-10,Maize,Jaspur,1350.0,1350.0,1350.0,Chattisgarh,Jashpur
2016-02-25,Maize,Jaspur,1350.0,1360.0,1355.0,Chattisgarh,Jashpur
2016-03-21,Maize,Jaspur,1500.0,1500.0,1500.0,Chattisgarh,Jashpur
2016-03-26,Maize,Jaspur,1500.0,1500.0,1500.0,Chattisgarh,Jashpur
2016-03-28,Maize,Jaspur,1400.0,1400.0,1400.0,Chattisgarh,Jashpur
2016-04-29,Maize,Jaspur,1400.0,1400.0,1400.0,Chattisgarh,Jashpur
2016-05-07,Maize,Jaspur,1400.0,1400.0,1400.0,Chattisgarh,Jashpur
2016-05-18,Maize,Jaspur,1400.0,1400.0,1400.0,Chattisgarh,Jashpur
2016-05-31,Maize,Jaspur,1500.0,1500.0,1500.0,Chattisgarh,Jashpur
2016-07-18,Maize,Jaspur,1500.0,1500.0,1500.0,Chattisgarh,Jashpur
2016-07-20,Maize,Jaspur,1490.0,1490.0,1490.0,Chattisgarh,Jashpur
2016-07-27,Maize,Jaspur,1500.0,1500.0,1500.0,Chattisgarh,Jashpur
2016-08-09,Maize,Jaspur,1600.0,1600.0,1600.0,Chattisgarh,Jashpur
2016-08-31,Maize,Jaspur,1500.0,1500.0,1500.0,Chattisgarh,Jashpur
2016-09-14,Maize,Jaspur,1400.0,1400.0,1400.0,Chattisgarh,Jashpur
2016-10-31,Maize,Jaspur,1400.0,1500.0,1400.0,Chattisgarh,Jashpur
2016-11-22,Maize,Jaspur,1400.0,1400.0,1400.0,Chattisgarh,Jashpur
2016-11-25,Maize,Jaspur,1400.0,1400.0,1400.0,Chattisgarh,Jashpur
2016-11-28,Maize,Jaspur,1400.0,1400.0,1400.0,Chattisgarh,Jashpur
2016-12-09,Maize,Jaspur,1600.0,1600.0,1600.0,Chattisgarh,Jashpur
2016-12-13,Maize,Jaspur,1400.0,1400.0,1400.0,Chattisgarh,Jashpur
2016-12-29,Maize,Jaspur,1400.0,1400.0,1400.0,Chattisgarh,Jashpur
2017-01-30,Maize,Jaspur,1400.0,1400.0,1400.0,Chattisgarh,Jashpur
2017-01-31,Maize,Jaspur,1460.0,1460.0,1460.0,Chattisgarh,Jashpur
2017-02-17,Maize,Jaspur,1400.0,1400.0,1400.0,Chattisgarh,Jashpur
2017-02-28,Maize,Jaspur,1400.0,1500.0,1400.0,Chattisgarh,Jashpur
2017-03-18,Maize,Jaspur,1400.0,1400.0,1400.0,Chattisgarh,Jashpur
2017-03-30,Maize,Jaspur,1400.0,1400.0,1400.0,Chattisgarh,Jashpur
2017-03-31,Maize,Jaspur,1400.0,1400.0,1400.0,Chattisgarh,Jashpur
2017-04-30,Maize,Jaspur,1400.0,1400.0,1400.0,Chattisgarh,Jashpur
2017-05-25,Maize,Jaspur,1400.0,1400.0,1400.0,Chattisgarh,Jashpur
2017-06-27,Maize,Jaspur,1400.0,1400.0,1400.0,Chattisgarh,Jashpur
2017-06-29,Maize,Jaspur,1400.0,1400.0,1400.0,Chattisgarh,Jashpur
2017-06-30,Maize,Jaspur,1400.0,1400.0,1400.0,Chattisgarh,Jashpur
2017-07-12,Maize,Jaspur,1400.0,1400.0,1400.0,Chattisgarh,Jashpur
2017-07-31,Maize,Jaspur,1400.0,1400.0,1400.0,Chattisgarh,Jashpur
2017-08-22,Maize,Jaspur,1500.0,1500.0,1500.0,Chattisgarh,Jashpur
2017-08-31,Maize,Jaspur,1400.0,1500.0,1500.0,Chattisgarh,Jashpur
2017-09-12,Maize,Jaspur,1453.0,1453.0,1453.0,Chattisgarh,Jashpur
2017-09-18,Maize,Jaspur,1400.0,1400.0,1400.0,Chattisgarh,Jashpur
2017-09-30,Maize,Jaspur,1450.0,1500.0,1500.0,Chattisgarh,Jashpur
2017-10-30,Maize,Jaspur,1500.0,1500.0,1500.0,Chattisgarh,Jashpur
2017-11-27,Maize,Jaspur,1500.0,1500.0,1500.0,Chattisgarh,Jashpur
2017-11-28,Maize,Jaspur,1500.0,1500.0,1500.0,Chattisgarh,Jashpur
2017-11-30,Maize,Jaspur,1500.0,1500.0,1500.0,Chattisgarh,Jashpur
2017-12-07,Maize,Jaspur,1500.0,1500.0,1500.0,Chattisgarh,Jashpur
2017-12-20,Maize,Jaspur,1425.0,1425.0,1425.0,Chattisgarh,Jashpur
2017-12-29,Maize,Jaspur,1500.0,1500.0,1500.0,Chattisgarh,Jashpur
2018-01-30,Maize,Jaspur,1500.0,1500.0,1500.0,Chattisgarh,Jashpur
2018-01-31,Maize,Jaspur,1500.0,1500.0,1500.0,Chattisgarh,Jashpur
2018-02-19,Maize,Jaspur,1500.0,1500.0,1500.0,Chattisgarh,Jashpur
2018-02-21,Maize,Jaspur,1500.0,1500.0,1500.0,Chattisgarh,Jashpur
2018-02-28,Maize,Jaspur,1500.0,1500.0,1500.0,Chattisgarh,Jashpur
2018-03-15,Maize,Jaspur,1500.0,1500.0,1500.0,Chattisgarh,Jashpur
2018-03-26,Maize,Jaspur,1500.0,1500.0,1500.0,Chattisgarh,Jashpur
2018-03-31,Maize,Jaspur,1500.0,1500.0,1500.0,Chattisgarh,Jashpur
2018-04-16,Maize,Jaspur,1496.0,1496.0,1496.0,Chattisgarh,Jashpur
2018-05-10,Maize,Jaspur,1500.0,1500.0,1500.0,Chattisgarh,Jashpur
2018-05-14,Maize,Jaspur,1500.0,1500.0,1500.0,Chattisgarh,Jashpur
2018-05-23,Maize,Jaspur,1500.0,1500.0,1500.0,Chattisgarh,Jashpur
2018-05-31,Maize,Jaspur,1500.0,1500.0,1500.0,Chattisgarh,Jashpur
2018-06-05,Maize,Jaspur,1500.0,1500.0,1500.0,Chattisgarh,Jashpur
2018-06-21,Maize,Jaspur,1500.0,1500.0,1500.0,Chattisgarh,Jashpur
2018-06-22,Maize,Jaspur,1450.0,1450.0,1450.0,Chattisgarh,Jashpur
2018-06-30,Maize,Jaspur,1500.0,1500.0,1500.0,Chattisgarh,Jashpur
2018-07-07,Maize,Jaspur,1500.0,1500.0,1500.0,Chattisgarh,Jashpur
2018-07-11,Maize,Jaspur,1450.0,1450.0,1450.0,Chattisgarh,Jashpur
2018-07-30,Maize,Jaspur,1500.0,1500.0,1500.0,Chattisgarh,Jashpur
2018-07-31,Maize,Jaspur,1500.0,1500.0,1500.0,Chattisgarh,Jashpur
2018-08-27,Maize,Jaspur,1500.0,1500.0,1500.0,Chattisgarh,Jashpur
2018-08-30,Maize,Jaspur,1500.0,1500.0,1500.0,Chattisgarh,Jashpur
2018-09-27,Maize,Jaspur,1500.0,1500.0,1500.0,Chattisgarh,Jashpur
2018-09-28,Maize,Jaspur,1712.0,1712.0,1712.0,Chattisgarh,Jashpur
2018-09-29,Maize,Jaspur,1500.0,1500.0,1500.0,Chattisgarh,Jashpur
2018-10-30,Maize,Jaspur,1500.0,1700.0,1600.0,Chattisgarh,Jashpur
2018-11-15,Maize,Jaspur,1700.0,1700.0,1700.0,Chattisgarh,Jashpur
2018-11-22,Maize,Jaspur,1700.0,1700.0,1700.0,Chattisgarh,Jashpur
2018-11-26,Maize,Jaspur,1450.0,1450.0,1450.0,Chattisgarh,Jashpur
2018-11-30,Maize,Jaspur,1700.0,1700.0,1700.0,Chattisgarh,Jashpur
2018-12-29,Maize,Jaspur,1700.0,1700.0,1700.0,Chattisgarh,Jashpur
2019-01-04,Maize,Jaspur,1700.0,1700.0,1700.0,Chattisgarh,Jashpur
2019-01-31,Maize,Jaspur,1500.0,1500.0,1500.0,Chattisgarh,Jashpur
2019-02-12,Maize,Jaspur,1700.0,1700.0,1700.0,Chattisgarh,Jashpur
2019-03-13,Maize,Jaspur,1700.0,1700.0,1700.0,Chattisgarh,Jashpur
2019-03-19,Maize,Jaspur,1700.0,1700.0,1700.0,Chattisgarh,Jashpur
2019-03-28,Maize,Jaspur,1700.0,1700.0,1700.0,Chattisgarh,Jashpur
2019-03-31,Maize,Jaspur,1760.0,1760.0,1760.0,Chattisgarh,Jashpur
2019-04-10,Maize,Jaspur,1700.0,1700.0,1700.0,Chattisgarh,Jashpur
2019-04-30,Maize,Jaspur,1700.0,1700.0,1700.0,Chattisgarh,Jashpur
2019-05-20,Maize,Jaspur,1700.0,1700.0,1700.0,Chattisgarh,Jashpur
2019-05-22,Maize,Jaspur,1700.0,1700.0,1700.0,Chattisgarh,Jashpur
2019-05-29,Maize,Jaspur,1700.0,1700.0,1700.0,Chattisgarh,Jashpur
2019-05-31,Maize,Jaspur,1700.0,1700.0,1700.0,Chattisgarh,Jashpur
2019-06-19,Maize,Jaspur,1700.0,1700.0,1700.0,Chattisgarh,Jashpur
2019-06-30,Maize,Jaspur,1700.0,1700.0,1700.0,Chattisgarh,Jashpur
2019-07-27,Maize,Jaspur,1500.0,1500.0,1500.0,Chattisgarh,Jashpur
2019-11-29,Maize,Jaspur,1700.0,1700.0,1700.0,Chattisgarh,Jashpur
2019-11-30,Maize,Jaspur,1700.0,1700.0,1700.0,Chattisgarh,Jashpur
2020-01-15,Maize,Jaspur,1700.0,1700.0,1700.0,Chattisgarh,Jashpur
2020-02-12,Maize,Jaspur,1800.0,1800.0,1800.0,Chattisgarh,Jashpur
2020-02-26,Maize,Jaspur,1800.0,1800.0,1800.0,Chattisgarh,Jashpur
2020-03-30,Maize,Jaspur,1800.0,1800.0,1800.0,Chattisgarh,Jashpur
2020-05-14,Maize,Jaspur,1800.0,1800.0,1800.0,Chattisgarh,Jashpur
2020-05-18,Maize,Jaspur,1800.0,1800.0,1800.0,Chattisgarh,Jashpur
2020-06-10,Maize,Jaspur,1800.0,1800.0,1800.0,Chattisgarh,Jashpur
2020-06-15,Maize,Jaspur,1800.0,1800.0,1800.0,Chattisgarh,Jashpur
2020-06-29,Maize,Jaspur,1800.0,1800.0,1800.0,Chattisgarh,Jashpur
2020-07-07,Maize,Jaspur,2000.0,2000.0,2000.0,Chattisgarh,Jashpur
2020-08-27,Maize,Jaspur,1800.0,1800.0,1800.0,Chattisgarh,Jashpur
2020-09-07,Maize,Jaspur,1750.0,1820.0,1750.0,Chattisgarh,Jashpur
2020-09-21,Maize,Jaspur,1725.0,2100.0,1750.0,Chattisgarh,Jashpur
2020-10-14,Maize,Jaspur,1800.0,1800.0,1800.0,Chattisgarh,Jashpur
2020-10-29,Maize,Jaspur,1800.0,1800.0,1800.0,Chattisgarh,Jashpur
2020-11-26,Maize,Jaspur,1800.0,1800.0,1800.0,Chattisgarh,Jashpur
2020-11-30,Maize,Jaspur,1800.0,1800.0,1800.0,Chattisgarh,Jashpur
2020-12-30,Maize,Jaspur,1900.0,1900.0,1900.0,Chattisgarh,Jashpur
2020-12-31,Maize,Jaspur,1800.0,1800.0,1800.0,Chattisgarh,Jashpur
2021-02-15,Maize,Jaspur,1850.0,1900.0,1850.0,Chattisgarh,Jashpur
2021-02-27,Maize,Jaspur,1850.0,1850.0,1850.0,Chattisgarh,Jashpur
2021-03-22,Maize,Jaspur,1850.0,1850.0,1850.0,Chattisgarh,Jashpur
2021-03-26,Maize,Jaspur,1900.0,1900.0,1900.0,Chattisgarh,Jashpur
2021-03-31,Maize,Jaspur,1900.0,1900.0,1900.0,Chattisgarh,Jashpur
2021-04-30,Maize,Jaspur,1900.0,1900.0,1900.0,Chattisgarh,Jashpur
2021-05-31,Maize,Jaspur,1900.0,1900.0,1900.0,Chattisgarh,Jashpur
2021-06-30,Maize,Jaspur,1800.0,1800.0,1800.0,Chattisgarh,Jashpur
2021-07-27,Maize,Jaspur,1820.0,1900.0,1820.0,Chattisgarh,Jashpur
2021-07-30,Maize,Jaspur,1850.0,1850.0,1850.0,Chattisgarh,Jashpur
2021-09-15,Maize,Jaspur,1700.0,1700.0,1700.0,Chattisgarh,Jashpur
2021-10-28,Maize,Jaspur,1700.0,1700.0,1700.0,Chattisgarh,Jashpur
2021-10-29,Maize,Jaspur,1800.0,1800.0,1800.0,Chattisgarh,Jashpur
2021-10-30,Maize,Jaspur,1800.0,1800.0,1800.0,Chattisgarh,Jashpur
2021-11-22,Maize,Jaspur,1800.0,1800.0,1800.0,Chattisgarh,Jashpur
2021-11-30,Maize,Jaspur,1800.0,1800.0,1800.0,Chattisgarh,Jashpur
2021-12-21,Maize,Jaspur,1875.0,1875.0,1875.0,Chattisgarh,Jashpur
2021-12-28,Maize,Jaspur,1900.0,1900.0,1900.0,Chattisgarh,Jashpur
2021-12-31,Maize,Jaspur,1800.0,1900.0,1875.0,Chattisgarh,Jashpur
2022-01-31,Maize,Jaspur,1900.0,1900.0,1900.0,Chattisgarh,Jashpur
2022-02-23,Maize,Jaspur,1900.0,1900.0,1900.0,Chattisgarh,Jashpur
2022-03-29,Maize,Jaspur,2000.0,2000.0,2000.0,Chattisgarh,Jashpur
2022-03-31,Maize,Jaspur,1900.0,1900.0,1900.0,Chattisgarh,Jashpur
2022-04-04,Maize,Jaspur,2000.0,2000.0,2000.0,Chattisgarh,Jashpur
2022-04-05,Maize,Jaspur,1900.0,1900.0,1900.0,Chattisgarh,Jashpur
2022-04-11,Maize,Jaspur,2000.0,2000.0,2000.0,Chattisgarh,Jashpur
2022-05-09,Maize,Jaspur,1900.0,1900.0,1900.0,Chattisgarh,Jashpur
2022-05-30,Maize,Jaspur,1800.0,1900.0,1800.0,Chattisgarh,Jashpur
2022-06-03,Maize,Jaspur,1900.0,1900.0,1900.0,Chattisgarh,Jashpur
2022-06-27,Maize,Jaspur,2000.0,2000.0,2000.0,Chattisgarh,Jashpur
2022-06-29,Maize,Jaspur,2000.0,2000.0,2000.0,Chattisgarh,Jashpur
2022-07-11,Maize,Jaspur,1900.0,2000.0,1900.0,Chattisgarh,Jashpur
2022-07-14,Maize,Jaspur,1900.0,1900.0,1900.0,Chattisgarh,Jashpur
2022-08-22,Maize,Jaspur,2000.0,2000.0,2000.0,Chattisgarh,Jashpur
2022-08-31,Maize,Jaspur,2000.0,2000.0,2000.0,Chattisgarh,Jashpur
2022-09-06,Maize,Jaspur,2000.0,2000.0,2000.0,Chattisgarh,Jashpur
2022-09-15,Maize,Jaspur,1900.0,1900.0,1900.0,Chattisgarh,Jashpur
2022-09-20,Maize,Jaspur,3000.0,3000.0,3000.0,Chattisgarh,Jashpur
2022-09-28,Maize,Jaspur,2000.0,2000.0,2000.0,Chattisgarh,Jashpur
2022-10-18,Maize,Jaspur,1962.0,2000.0,2000.0,Chattisgarh,Jashpur
2022-10-28,Maize,Jaspur,1900.0,1900.0,1900.0,Chattisgarh,Jashpur
2022-10-29,Maize,Jaspur,1900.0,2000.0,1900.0,Chattisgarh,Jashpur
2022-10-31,Maize,Jaspur,1900.0,1900.0,1900.0,Chattisgarh,Jashpur
2022-11-04,Maize,Jaspur,1962.0,1962.0,1962.0,Chattisgarh,Jashpur
2022-11-12,Maize,Jaspur,2000.0,2000.0,2000.0,Chattisgarh,Jashpur
2022-11-14,Maize,Jaspur,1965.0,1965.0,1965.0,Chattisgarh,Jashpur
2022-11-15,Maize,Jaspur,1900.0,2000.0,2000.0,Chattisgarh,Jashpur
2022-11-18,Maize,Jaspur,1960.0,1960.0,1960.0,Chattisgarh,Jashpur
2022-11-21,Maize,Jaspur,1962.0,1962.0,1962.0,Chattisgarh,Jashpur
2022-11-22,Maize,Jaspur,1962.0,1962.0,1962.0,Chattisgarh,Jashpur
2022-11-23,Maize,Jaspur,2000.0,2000.0,2000.0,Chattisgarh,Jashpur
2022-11-25,Maize,Jaspur,1962.0,2000.0,2000.0,Chattisgarh,Jashpur
2022-11-28,Maize,Jaspur,1962.0,1962.0,1962.0,Chattisgarh,Jashpur
2022-11-29,Maize,Jaspur,2000.0,2000.0,2000.0,Chattisgarh,Jashpur
2022-11-30,Maize,Jaspur,1950.0,2000.0,1950.0,Chattisgarh,Jashpur
2022-12-05,Maize,Jaspur,1962.0,1962.0,1962.0,Chattisgarh,Jashpur
2022-12-08,Maize,Jaspur,1962.0,1962.0,1962.0,Chattisgarh,Jashpur
2022-12-10,Maize,Jaspur,1962.0,1962.0,1962.0,Chattisgarh,Jashpur
2022-12-13,Maize,Jaspur,1962.0,2000.0,2000.0,Chattisgarh,Jashpur
2022-12-14,Maize,Jaspur,2000.0,2000.0,2000.0,Chattisgarh,Jashpur
2022-12-16,Maize,Jaspur,1962.0,1962.0,1962.0,Chattisgarh,Jashpur
2022-12-20,Maize,Jaspur,1962.0,1962.0,1962.0,Chattisgarh,Jashpur
2022-12-22,Maize,Jaspur,1962.0,1962.0,1962.0,Chattisgarh,Jashpur
2022-12-23,Maize,Jaspur,1960.0,1960.0,1960.0,Chattisgarh,Jashpur
2022-12-28,Maize,Jaspur,2000.0,2000.0,2000.0,Chattisgarh,Jashpur
2022-12-30,Maize,Jaspur,1962.0,1962.0,1962.0,Chattisgarh,Jashpur
2022-12-31,Maize,Jaspur,1965.0,2000.0,2000.0,Chattisgarh,Jashpur
2023-01-02,Maize,Jaspur,2000.0,2000.0,2000.0,Chattisgarh,Jashpur
2023-01-09,Maize,Jaspur,1962.0,1962.0,1962.0,Chattisgarh,Jashpur
2023-01-10,Maize,Jaspur,1962.0,1962.0,1962.0,Chattisgarh,Jashpur
2023-01-13,Maize,Jaspur,1962.0,1962.0,1962.0,Chattisgarh,Jashpur
2023-01-17,Maize,Jaspur,2000.0,2000.0,2000.0,Chattisgarh,Jashpur
2023-01-26,Maize,Jaspur,1962.0,1962.0,1962.0,Chattisgarh,Jashpur
2023-01-31,Maize,Jaspur,1962.0,1962.0,1962.0,Chattisgarh,Jashpur
2023-02-06,Maize,Jaspur,2000.0,2000.0,2000.0,Chattisgarh,Jashpur
2023-02-07,Maize,Jaspur,1962.0,1962.0,1962.0,Chattisgarh,Jashpur
2023-02-09,Maize,Jaspur,1962.0,1962.0,1962.0,Chattisgarh,Jashpur
2023-02-10,Maize,Jaspur,1962.0,1962.0,1962.0,Chattisgarh,Jashpur
2023-02-13,Maize,Jaspur,2000.0,2000.0,2000.0,Chattisgarh,Jashpur
2023-02-15,Maize,Jaspur,1962.0,1962.0,1962.0,Chattisgarh,Jashpur
2023-02-20,Maize,Jaspur,1962.0,1962.0,1962.0,Chattisgarh,Jashpur
2023-02-21,Maize,Jaspur,2000.0,2000.0,2000.0,Chattisgarh,Jashpur
2023-02-22,Maize,Jaspur,1962.0,1962.0,1962.0,Chattisgarh,Jashpur
2023-02-23,Maize,Jaspur,1962.0,1962.0,1962.0,Chattisgarh,Jashpur
2023-02-28,Maize,Jaspur,1960.0,1960.0,1960.0,Chattisgarh,Jashpur
2023-03-01,Maize,Jaspur,1962.0,1962.0,1962.0,Chattisgarh,Jashpur
2023-03-11,Maize,Jaspur,1962.0,1962.0,1962.0,Chattisgarh,Jashpur
2023-03-14,Maize,Jaspur,1962.0,1962.0,1962.0,Chattisgarh,Jashpur
2023-03-15,Maize,Jaspur,1962.0,1962.0,1962.0,Chattisgarh,Jashpur
2023-03-16,Maize,Jaspur,1962.0,1962.0,1962.0,Chattisgarh,Jashpur
2023-03-17,Maize,Jaspur,1962.0,1962.0,1962.0,Chattisgarh,Jashpur
2023-03-19,Maize,Jaspur,1962.0,1962.0,1962.0,Chattisgarh,Jashpur
2023-03-20,Maize,Jaspur,1962.0,1962.0,1962.0,Chattisgarh,Jashpur
2023-03-26,Maize,Jaspur,1962.0,1962.0,1962.0,Chattisgarh,Jashpur
2023-03-27,Maize,Jaspur,1962.0,1962.0,1962.0,Chattisgarh,Jashpur
2023-03-28,Maize,Jaspur,1962.0,1962.0,1962.0,Chattisgarh,Jashpur
2023-03-30,Maize,Jaspur,1962.0,1962.0,1962.0,Chattisgarh,Jashpur
2023-03-31,Maize,Jaspur,1962.0,1962.0,1962.0,Chattisgarh,Jashpur
2023-04-03,Maize,Jaspur,1962.0,1962.0,1962.0,Chattisgarh,Jashpur
2023-04-04,Maize,Jaspur,1962.0,1962.0,1962.0,Chattisgarh,Jashpur
2023-04-12,Maize,Jaspur,1962.0,1962.0,1962.0,Chattisgarh,Jashpur
2023-04-14,Maize,Jaspur,3000.0,3000.0,3000.0,Chattisgarh,Jashpur
2023-04-17,Maize,Jaspur,1962.0,1962.0,1962.0,Chattisgarh,Jashpur
2023-04-23,Maize,Jaspur,2000.0,2000.0,2000.0,Chattisgarh,Jashpur
2023-04-26,Maize,Jaspur,2000.0,2000.0,2000.0,Chattisgarh,Jashpur
2023-04-28,Maize,Jaspur,1962.0,1962.0,1962.0,Chattisgarh,Jashpur
2023-05-05,Maize,Jaspur,1962.0,1962.0,1962.0,Chattisgarh,Jashpur
2023-05-08,Maize,Jaspur,1962.0,1962.0,1962.0,Chattisgarh,Jashpur
2023-05-13,Maize,Jaspur,1962.0,1962.0,1962.0,Chattisgarh,Jashpur
2023-05-16,Maize,Jaspur,1962.0,1962.0,1962.0,Chattisgarh,Jashpur
2023-05-21,Maize,Jaspur,1962.0,1962.0,1962.0,Chattisgarh,Jashpur
2023-05-22,Maize,Jaspur,1962.0,1962.0,1962.0,Chattisgarh,Jashpur
2023-05-31,Maize,Jaspur,1960.0,1960.0,1960.0,Chattisgarh,Jashpur
2023-06-01,Maize,Jaspur,1962.0,1962.0,1962.0,Chattisgarh,Jashpur
2023-06-13,Maize,Jaspur,1950.0,1950.0,1950.0,Chattisgarh,Jashpur
2023-06-21,Maize,Jaspur,1962.0,1962.0,1962.0,Chattisgarh,Jashpur
2023-06-25,Maize,Jaspur,1962.0,1962.0,1962.0,Chattisgarh,Jashpur
2023-06-26,Maize,Jaspur,1962.0,1962.0,1962.0,Chattisgarh,Jashpur
2023-06-27,Maize,Jaspur,1962.0,1962.0,1962.0,Chattisgarh,Jashpur
2023-06-30,Maize,Jaspur,2000.0,2000.0,2000.0,Chattisgarh,Jashpur
2023-07-04,Maize,Jaspur,1962.0,1962.0,1962.0,Chattisgarh,Jashpur
2023-07-10,Maize,Jaspur,1962.0,1962.0,1962.0,Chattisgarh,Jashpur
2023-07-11,Maize,Jaspur,1962.0,1962.0,1962.0,Chattisgarh,Jashpur
2023-07-16,Maize,Jaspur,1962.0,1962.0,1962.0,Chattisgarh,Jashpur
2023-07-19,Maize,Jaspur,1962.0,1962.0,1962.0,Chattisgarh,Jashpur
2023-07-20,Maize,Jaspur,1962.0,1962.0,1962.0,Chattisgarh,Jashpur
2023-07-21,Maize,Jaspur,2000.0,2000.0,2000.0,Chattisgarh,Jashpur
2023-07-23,Maize,Jaspur,1962.0,1962.0,1962.0,Chattisgarh,Jashpur
2023-07-24,Maize,Jaspur,1500.0,1500.0,1500.0,Chattisgarh,Jashpur
2023-07-27,Maize,Jaspur,1962.0,1962.0,1962.0,Chattisgarh,Jashpur
2023-07-31,Maize,Jaspur,1964.0,1964.0,1964.0,Chattisgarh,Jashpur
2023-08-02,Maize,Jaspur,1962.0,1962.0,1962.0,Chattisgarh,Jashpur
2023-08-08,Maize,Jaspur,1962.0,1962.0,1962.0,Chattisgarh,Jashpur
2023-08-10,Maize,Jaspur,1900.0,1900.0,1900.0,Chattisgarh,Jashpur
2023-08-13,Maize,Jaspur,1900.0,1900.0,1900.0,Chattisgarh,Jashpur
2023-08-16,Maize,Jaspur,1962.0,1962.0,1962.0,Chattisgarh,Jashpur
2023-08-17,Maize,Jaspur,1962.0,1962.0,1962.0,Chattisgarh,Jashpur
2023-08-18,Maize,Jaspur,2000.0,2000.0,2000.0,Chattisgarh,Jashpur
2023-08-20,Maize,Jaspur,1962.0,1962.0,1962.0,Chattisgarh,Jashpur
2023-08-21,Maize,Jaspur,1962.0,1962.0,1962.0,Chattisgarh,Jashpur
2023-08-22,Maize,Jaspur,1962.0,1962.0,1962.0,Chattisgarh,Jashpur
2023-08-23,Maize,Jaspur,1962.0,1962.0,1962.0,Chattisgarh,Jashpur
2023-08-27,Maize,Jaspur,1962.0,1962.0,1962.0,Chattisgarh,Jashpur
2023-08-28,Maize,Jaspur,1962.0,1962.0,1962.0,Chattisgarh,Jashpur
2023-08-29,Maize,Jaspur,1962.0,1962.0,1962.0,Chattisgarh,Jashpur
2023-08-30,Maize,Jaspur,1962.0,1962.0,1962.0,Chattisgarh,Jashpur
2023-08-31,Maize,Jaspur,1962.0,1962.0,1962.0,Chattisgarh,Jashpur
2023-09-04,Maize,Jaspur,2000.0,2000.0,2000.0,Chattisgarh,Jashpur
2023-09-05,Maize,Jaspur,1962.0,1962.0,1962.0,Chattisgarh,Jashpur
2023-09-08,Maize,Jaspur,1962.0,1962.0,1962.0,Chattisgarh,Jashpur
2023-09-12,Maize,Jaspur,1962.0,1962.0,1962.0,Chattisgarh,Jashpur
2023-09-15,Maize,Jaspur,1962.0,1962.0,1962.0,Chattisgarh,Jashpur
2023-09-18,Maize,Jaspur,1962.0,1962.0,1962.0,Chattisgarh,Jashpur
2023-09-25,Maize,Jaspur,1962.0,1962.0,1962.0,Chattisgarh,Jashpur
2023-09-26,Maize,Jaspur,1962.0,1962.0,1962.0,Chattisgarh,Jashpur
2023-09-28,Maize,Jaspur,1962.0,1962.0,1962.0,Chattisgarh,Jashpur
2023-09-30,Maize,Jaspur,1962.0,1962.0,1962.0,Chattisgarh,Jashpur
2023-10-05,Maize,Jaspur,1962.0,1962.0,1962.0,Chattisgarh,Jashpur
2023-10-07,Maize,Jaspur,1962.0,1962.0,1962.0,Chattisgarh,Jashpur
2023-10-11,Maize,Jaspur,1962.0,1962.0,1962.0,Chattisgarh,Jashpur
2023-10-13,Maize,Jaspur,1962.0,1962.0,1962.0,Chattisgarh,Jashpur
2023-10-16,Maize,Jaspur,2000.0,2000.0,2000.0,Chattisgarh,Jashpur
2023-10-17,Maize,Jaspur,1962.0,1962.0,1962.0,Chattisgarh,Jashpur
2023-10-18,Maize,Jaspur,1962.0,1962.0,1962.0,Chattisgarh,Jashpur
2023-10-25,Maize,Jaspur,1962.0,1962.0,1962.0,Chattisgarh,Jashpur
2023-10-26,Maize,Jaspur,1970.0,1970.0,1970.0,Chattisgarh,Jashpur
2023-11-02,Maize,Jaspur,2100.0,2100.0,2100.0,Chattisgarh,Jashpur
2023-11-06,Maize,Jaspur,2100.0,2100.0,2100.0,Chattisgarh,Jashpur
2023-11-08,Maize,Jaspur,2000.0,2000.0,2000.0,Chattisgarh,Jashpur
2023-11-11,Maize,Jaspur,2100.0,2100.0,2100.0,Chattisgarh,Jashpur
2023-11-20,Maize,Jaspur,2100.0,2100.0,2100.0,Chattisgarh,Jashpur
2023-11-24,Maize,Jaspur,2100.0,2100.0,2100.0,Chattisgarh,Jashpur
2023-11-28,Maize,Jaspur,2000.0,2100.0,2100.0,Chattisgarh,Jashpur
2023-11-30,Maize,Jaspur,2100.0,2100.0,2100.0,Chattisgarh,Jashpur
2023-12-04,Maize,Jaspur,2100.0,2100.0,2100.0,Chattisgarh,Jashpur
2023-12-05,Maize,Jaspur,1950.0,2090.0,2090.0,Chattisgarh,Jashpur
2023-12-11,Maize,Jaspur,2100.0,2100.0,2100.0,Chattisgarh,Jashpur
2023-12-12,Maize,Jaspur,2100.0,2100.0,2100.0,Chattisgarh,Jashpur
2023-12-14,Maize,Jaspur,2000.0,2100.0,2100.0,Chattisgarh,Jashpur
2023-12-18,Maize,Jaspur,2100.0,2100.0,2100.0,Chattisgarh,Jashpur
2023-12-20,Maize,Jaspur,2100.0,2100.0,2100.0,Chattisgarh,Jashpur
2023-12-30,Maize,Jaspur,2100.0,2100.0,2100.0,Chattisgarh,Jashpur
2023-12-31,Maize,Jaspur,2100.0,2100.0,2100.0,Chattisgarh,Jashpur
2024-01-11,Maize,Jaspur,2100.0,2100.0,2100.0,Chattisgarh,Jashpur
2024-01-12,Maize,Jaspur,2100.0,2100.0,2100.0,Chattisgarh,Jashpur
2024-01-16,Maize,Jaspur,2000.0,2000.0,2000.0,Chattisgarh,Jashpur
2024-01-17,Maize,Jaspur,2100.0,2100.0,2100.0,Chattisgarh,Jashpur
2024-01-29,Maize,Jaspur,2100.0,2100.0,2100.0,Chattisgarh,Jashpur
2024-01-30,Maize,Jaspur,2100.0,2100.0,2100.0,Chattisgarh,Jashpur
2024-01-31,Maize,Jaspur,2100.0,2100.0,2100.0,Chattisgarh,Jashpur
2024-02-07,Maize,Jaspur,2100.0,2100.0,2100.0,Chattisgarh,Jashpur
2024-02-14,Maize,Jaspur,2100.0,3000.0,2100.0,Chattisgarh,Jashpur
2024-02-15,Maize,Jaspur,2100.0,2100.0,2100.0,Chattisgarh,Jashpur
2024-02-20,Maize,Jaspur,2100.0,2100.0,2100.0,Chattisgarh,Jashpur
2024-02-21,Maize,Jaspur,2100.0,2100.0,2100.0,Chattisgarh,Jashpur
2024-02-22,Maize,Jaspur,2100.0,2100.0,2100.0,Chattisgarh,Jashpur
2024-02-26,Maize,Jaspur,2100.0,2100.0,2100.0,Chattisgarh,Jashpur
2024-02-28,Maize,Jaspur,2100.0,2100.0,2100.0,Chattisgarh,Jashpur
2024-02-29,Maize,Jaspur,2100.0,2100.0,2100.0,Chattisgarh,Jashpur
2024-03-04,Maize,Jaspur,2100.0,2100.0,2100.0,Chattisgarh,Jashpur
2024-03-05,Maize,Jaspur,2100.0,2100.0,2100.0,Chattisgarh,Jashpur
2024-03-06,Maize,Jaspur,2100.0,2100.0,2100.0,Chattisgarh,Jashpur
2024-03-09,Maize,Jaspur,2100.0,2100.0,2100.0,Chattisgarh,Jashpur
2024-03-12,Maize,Jaspur,2050.0,2050.0,2050.0,Chattisgarh,Jashpur
2024-03-13,Maize,Jaspur,2100.0,2100.0,2100.0,Chattisgarh,Jashpur
2024-03-15,Maize,Jaspur,2100.0,2100.0,2100.0,Chattisgarh,Jashpur
2024-03-18,Maize,Jaspur,2100.0,2100.0,2100.0,Chattisgarh,Jashpur
2024-03-21,Maize,Jaspur,2100.0,2100.0,2100.0,Chattisgarh,Jashpur
2024-03-22,Maize,Jaspur,2100.0,2100.0,2100.0,Chattisgarh,Jashpur
2024-04-08,Maize,Jaspur,2100.0,2100.0,2100.0,Chattisgarh,Jashpur
2024-04-09,Maize,Jaspur,2000.0,2000.0,2000.0,Chattisgarh,Jashpur
2024-04-12,Maize,Jaspur,2100.0,2100.0,2100.0,Chattisgarh,Jashpur
2024-04-19,Maize,Jaspur,2100.0,2100.0,2100.0,Chattisgarh,Jashpur
2024-04-22,Maize,Jaspur,2100.0,2100.0,2100.0,Chattisgarh,Jashpur
2024-04-23,Maize,Jaspur,2100.0,2100.0,2100.0,Chattisgarh,Jashpur
2024-04-24,Maize,Jaspur,2100.0,2100.0,2100.0,Chattisgarh,Jashpur
2024-04-25,Maize,Jaspur,2100.0,2100.0,2100.0,Chattisgarh,Jashpur
2024-04-27,Maize,Jaspur,2000.0,2000.0,2000.0,Chattisgarh,Jashpur
2024-04-29,Maize,Jaspur,2100.0,2100.0,2100.0,Chattisgarh,Jashpur
2024-04-30,Maize,Jaspur,2100.0,2100.0,2100.0,Chattisgarh,Jashpur
2024-05-02,Maize,Jaspur,2100.0,2100.0,2100.0,Chattisgarh,Jashpur
2024-05-03,Maize,Jaspur,2100.0,2100.0,2100.0,Chattisgarh,Jashpur
2024-05-06,Maize,Jaspur,2100.0,2100.0,2100.0,Chattisgarh,Jashpur
2024-05-09,Maize,Jaspur,2100.0,2100.0,2100.0,Chattisgarh,Jashpur
2024-05-15,Maize,Jaspur,2100.0,2100.0,2100.0,Chattisgarh,Jashpur
2024-05-20,Maize,Jaspur,2100.0,2100.0,2100.0,Chattisgarh,Jashpur
2024-05-21,Maize,Jaspur,2100.0,2100.0,2100.0,Chattisgarh,Jashpur
2024-05-22,Maize,Jaspur,2100.0,2100.0,2100.0,Chattisgarh,Jashpur
2024-05-27,Maize,Jaspur,2100.0,2100.0,2100.0,Chattisgarh,Jashpur
2024-05-28,Maize,Jaspur,2100.0,2100.0,2100.0,Chattisgarh,Jashpur
2024-05-30,Maize,Jaspur,2000.0,2000.0,2000.0,Chattisgarh,Jashpur
2024-05-31,Maize,Jaspur,2100.0,2100.0,2100.0,Chattisgarh,Jashpur
2024-06-07,Maize,Jaspur,2100.0,2100.0,2100.0,Chattisgarh,Jashpur
2024-06-24,Maize,Jaspur,2100.0,2100.0,2100.0,Chattisgarh,Jashpur
2024-06-27,Maize,Jaspur,2100.0,2100.0,2100.0,Chattisgarh,Jashpur
2024-06-30,Maize,Jaspur,2100.0,2100.0,2100.0,Chattisgarh,Jashpur
2024-07-05,Maize,Jaspur,2100.0,2100.0,2100.0,Chattisgarh,Jashpur
2024-07-10,Maize,Jaspur,2000.0,2000.0,2000.0,Chattisgarh,Jashpur
2024-07-11,Maize,Jaspur,2100.0,2100.0,2100.0,Chattisgarh,Jashpur
2024-07-15,Maize,Jaspur,2100.0,2100.0,2100.0,Chattisgarh,Jashpur
2024-07-18,Maize,Jaspur,2100.0,2100.0,2100.0,Chattisgarh,Jashpur
2024-07-25,Maize,Jaspur,2100.0,2100.0,2100.0,Chattisgarh,Jashpur
2024-07-26,Maize,Jaspur,2000.0,2000.0,2000.0,Chattisgarh,Jashpur
2024-07-29,Maize,Jaspur,2100.0,2100.0,2100.0,Chattisgarh,Jashpur
2024-07-31,Maize,Jaspur,2100.0,2100.0,2100.0,Chattisgarh,Jashpur
2024-08-06,Maize,Jaspur,2100.0,2100.0,2100.0,Chattisgarh,Jashpur
2024-08-13,Maize,Jaspur,2100.0,2100.0,2100.0,Chattisgarh,Jashpur
2024-08-16,Maize,Jaspur,2100.0,2100.0,2100.0,Chattisgarh,Jashpur
2024-08-21,Maize,Jaspur,2100.0,2100.0,2100.0,Chattisgarh,Jashpur
2024-08-30,Maize,Jaspur,2100.0,2100.0,2100.0,Chattisgarh,Jashpur
2024-08-31,Maize,Jaspur,2100.0,2100.0,2100.0,Chattisgarh,Jashpur
2024-09-03,Maize,Jaspur,2100.0,2100.0,2100.0,Chattisgarh,Jashpur
2024-09-04,Maize,Jaspur,2100.0,2100.0,2100.0,Chattisgarh,Jashpur
2024-09-17,Maize,Jaspur,2100.0,2100.0,2100.0,Chattisgarh,Jashpur
2024-09-30,Maize,Jaspur,2100.0,2100.0,2100.0,Chattisgarh,Jashpur
2024-10-01,Maize,Jaspur,2100.0,2100.0,2100.0,Chattisgarh,Jashpur
2024-10-17,Maize,Jaspur,2000.0,2200.0,2000.0,Chattisgarh,Jashpur
2024-10-18,Maize,Jaspur,2100.0,2100.0,2100.0,Chattisgarh,Jashpur
2024-10-28,Maize,Jaspur,2100.0,2100.0,2100.0,Chattisgarh,Jashpur
2024-10-29,Maize,Jaspur,2100.0,2100.0,2100.0,Chattisgarh,Jashpur
2024-11-05,Maize,Jaspur,2100.0,2100.0,2100.0,Chattisgarh,Jashpur
2024-11-22,Maize,Jaspur,2100.0,2100.0,2100.0,Chattisgarh,Jashpur
2024-12-06,Maize,Jaspur,2225.0,2225.0,2225.0,Chattisgarh,Jashpur
2024-12-31,Maize,Jaspur,2300.0,2300.0,2300.0,Chattisgarh,Jashpur
2025-01-28,Maize,Jaspur,2200.0,2200.0,2200.0,Chattisgarh,Jashpur
2025-01-29,Maize,Jaspur,2225.0,2225.0,2225.0,Chattisgarh,Jashpur
2025-01-30,Maize,Jaspur,2225.0,2225.0,2225.0,Chattisgarh,Jashpur
2025-02-05,Maize,Jaspur,2225.0,2225.0,2225.0,Chattisgarh,Jashpur
2025-02-07,Maize,Jaspur,2225.0,2225.0,2225.0,Chattisgarh,Jashpur
2025-02-14,Maize,Jaspur,2225.0,2225.0,2225.0,Chattisgarh,Jashpur
2025-02-18,Maize,Jaspur,2212.5,2212.5,2212.5,Chattisgarh,Jashpur
2025-02-24,Maize,Jaspur,2300.0,2300.0,2300.0,Chattisgarh,Jashpur
2025-02-25,Maize,Jaspur,2225.0,2225.0,2225.0,Chattisgarh,Jashpur
2025-03-03,Maize,Jaspur,2225.0,2225.0,2225.0,Chattisgarh,Jashpur
2025-03-05,Maize,Jaspur,2225.0,2225.0,2225.0,Chattisgarh,Jashpur
2025-03-07,Maize,Jaspur,2225.0,2225.0,2225.0,Chattisgarh,Jashpur
2025-03-08,Maize,Jaspur,2225.0,2225.0,2225.0,Chattisgarh,Jashpur
2025-03-10,Maize,Jaspur,2225.0,2225.0,2225.0,Chattisgarh,Jashpur
2025-03-18,Maize,Jaspur,2162.5,2162.5,2162.5,Chattisgarh,Jashpur
2025-03-26,Maize,Jaspur,2225.0,2225.0,2225.0,Chattisgarh,Jashpur
2025-03-28,Maize,Jaspur,2225.0,2225.0,2225.0,Chattisgarh,Jashpur
2025-03-29,Maize,Jaspur,2225.0,2225.0,2225.0,Chattisgarh,Jashpur
2025-04-03,Maize,Jaspur,2225.0,2225.0,2225.0,Chattisgarh,Jashpur
2025-04-05,Maize,Jaspur,2225.0,2225.0,2225.0,Chattisgarh,Jashpur
2025-04-15,Maize,Jaspur,2225.0,2225.0,2225.0,Chattisgarh,Jashpur
2025-04-16,Maize,Jaspur,1262.5,1262.5,1262.5,Chattisgarh,Jashpur
2025-04-17,Maize,Jaspur,2225.0,2225.0,2225.0,Chattisgarh,Jashpur
2025-04-21,Maize,Jaspur,2225.0,2225.0,2225.0,Chattisgarh,Jashpur
2025-05-06,Maize,Jaspur,2225.0,2225.0,2225.0,Chattisgarh,Jashpur
2025-05-21,Maize,Jaspur,2225.0,2225.0,2225.0,Chattisgarh,Jashpur
2025-05-23,Maize,Jaspur,2225.0,2225.0,2225.0,Chattisgarh,Jashpur
2025-05-26,Maize,Jaspur,2200.0,2200.0,2200.0,Chattisgarh,Jashpur
2025-05-28,Maize,Jaspur,2225.0,2225.0,2225.0,Chattisgarh,Jashpur
2025-06-03,Maize,Jaspur,2225.0,2225.0,2225.0,Chattisgarh,Jashpur
2025-06-04,Maize,Jaspur,2200.0,2200.0,2200.0,Chattisgarh,Jashpur
2025-06-12,Maize,Jaspur,2225.0,2225.0,2225.0,Chattisgarh,Jashpur
2025-06-16,Maize,Jaspur,2225.0,2225.0,2225.0,Chattisgarh,Jashpur
2025-06-23,Maize,Jaspur,2215.0,2215.0,2215.0,Chattisgarh,Jashpur
2025-07-04,Maize,Jaspur,2225.0,2225.0,2225.0,Chattisgarh,Jashpur
2025-07-10,Maize,Jaspur,2225.0,2225.0,2225.0,Chattisgarh,Jashpur
2025-07-15,Maize,Jaspur,2212.5,2212.5,2212.5,Chattisgarh,Jashpur
2025-07-18,Maize,Jaspur,2200.0,2200.0,2200.0,Chattisgarh,Jashpur
2025-07-22,Maize,Jaspur,2187.5,2187.5,2187.5,Chattisgarh,Jashpur
2025-07-23,Maize,Jaspur,2225.0,2225.0,2225.0,Chattisgarh,Jashpur
2025-07-31,Maize,Jaspur,2225.0,2225.0,2225.0,Chattisgarh,Jashpur
2025-08-22,Maize,Jaspur,2100.0,2100.0,2100.0,Chattisgarh,Jashpur
2025-08-27,Maize,Jaspur,2200.0,2200.0,2200.0,Chattisgarh,Jashpur
2025-09-11,Maize,Jaspur,2200.0,2200.0,2200.0,Chattisgarh,Jashpur
2025-09-15,Maize,Jaspur,2200.0,2200.0,2200.0,Chattisgarh,Jashpur
2025-09-23,Maize,Jaspur,2200.0,2200.0,2200.0,Chattisgarh,Jashpur
2005-04-16,Soyabean,Biaora,1236.0,1268.0,1240.0,Madhya Pradesh,Rajgarh
2005-04-20,Soyabean,Biaora,1250.0,1276.0,1260.0,Madhya Pradesh,Rajgarh
2005-04-21,Soyabean,Biaora,1275.0,1280.0,1277.0,Madhya Pradesh,Rajgarh
2005-04-23,Soyabean,Biaora,1250.0,1270.0,1260.0,Madhya Pradesh,Rajgarh
2005-04-24,Soyabean,Biaora,1245.0,1270.0,1260.0,Madhya Pradesh,Rajgarh
2005-04-26,Soyabean,Biaora,1250.0,1270.0,1260.0,Madhya Pradesh,Rajgarh
2005-04-27,Soyabean,Biaora,1260.0,1275.0,1270.0,Madhya Pradesh,Rajgarh
2005-04-28,Soyabean,Biaora,1220.0,1245.0,1230.0,Madhya Pradesh,Rajgarh
2005-04-30,Soyabean,Biaora,1260.0,1275.0,1270.0,Madhya Pradesh,Rajgarh
2005-05-01,Soyabean,Biaora,1240.0,1270.0,1260.0,Madhya Pradesh,Rajgarh
2005-05-03,Soyabean,Biaora,1220.0,1240.0,1230.0,Madhya Pradesh,Rajgarh
2005-05-04,Soyabean,Biaora,1210.0,1237.0,1220.0,Madhya Pradesh,Rajgarh
2005-05-05,Soyabean,Biaora,1220.0,1240.0,1230.0,Madhya Pradesh,Rajgarh
2005-05-06,Soyabean,Biaora,1215.0,1242.0,1230.0,Madhya Pradesh,Rajgarh
2005-05-07,Soyabean,Biaora,1200.0,1243.0,1230.0,Madhya Pradesh,Rajgarh
2005-05-12,Soyabean,Biaora,1233.0,1250.0,1240.0,Madhya Pradesh,Rajgarh
2005-05-17,Soyabean,Biaora,1195.0,1250.0,1200.0,Madhya Pradesh,Rajgarh
2005-05-19,Soyabean,Biaora,1210.0,1248.0,1240.0,Madhya Pradesh,Rajgarh
2005-05-20,Soyabean,Biaora,1215.0,1248.0,1234.0,Madhya Pradesh,Rajgarh
2005-05-21,Soyabean,Biaora,1215.0,1243.0,1230.0,Madhya Pradesh,Rajgarh
2005-05-22,Soyabean,Biaora,1220.0,1240.0,1230.0,Madhya Pradesh,Rajgarh
2005-05-24,Soyabean,Biaora,1216.0,1249.0,1240.0,Madhya Pradesh,Rajgarh
2005-05-25,Soyabean,Biaora,1215.0,1248.0,1245.0,Madhya Pradesh,Rajgarh
2005-05-27,Soyabean,Biaora,1150.0,1260.0,1200.0,Madhya Pradesh,Rajgarh
2005-05-28,Soyabean,Biaora,1230.0,1287.0,1250.0,Madhya Pradesh,Rajgarh
2005-05-29,Soyabean,Biaora,1262.0,1286.0,1270.0,Madhya Pradesh,Rajgarh
2005-05-31,Soyabean,Biaora,1270.0,1298.0,1280.0,Madhya Pradesh,Rajgarh
2005-06-01,Soyabean,Biaora,1242.0,1292.0,1260.0,Madhya Pradesh,Rajgarh
2005-06-02,Soyabean,Biaora,1244.0,1298.0,1270.0,Madhya Pradesh,Rajgarh
2005-06-03,Soyabean,Biaora,1270.0,1294.0,1280.0,Madhya Pradesh,Rajgarh
2005-06-04,Soyabean,Biaora,1260.0,1294.0,1270.0,Madhya Pradesh,Rajgarh
2005-06-05,Soyabean,Biaora,1240.0,1290.0,1260.0,Madhya Pradesh,Rajgarh
2005-06-07,Soyabean,Biaora,1235.0,1287.0,1260.0,Madhya Pradesh,Rajgarh
2005-06-08,Soyabean,Biaora,1236.0,1279.0,1250.0,Madhya Pradesh,Rajgarh
2005-06-09,Soyabean,Biaora,1245.0,1260.0,1250.0,Madhya Pradesh,Rajgarh
2005-06-10,Soyabean,Biaora,1250.0,1270.0,1260.0,Madhya Pradesh,Rajgarh
2005-06-12,Soyabean,Biaora,1200.0,1240.0,1230.0,Madhya Pradesh,Rajgarh
2005-06-14,Soyabean,Biaora,1200.0,1250.0,1230.0,Madhya Pradesh,Rajgarh
2005-06-15,Soyabean,Biaora,1225.0,1250.0,1240.0,Madhya Pradesh,Rajgarh
2005-06-16,Soyabean,Biaora,1220.0,1248.0,1230.0,Madhya Pradesh,Rajgarh
2005-06-17,Soyabean,Biaora,1201.0,1248.0,1230.0,Madhya Pradesh,Rajgarh
2005-06-18,Soyabean,Biaora,1190.0,1258.0,1200.0,Madhya Pradesh,Rajgarh
2005-06-19,Soyabean,Biaora,1240.0,1250.0,1245.0,Madhya Pradesh,Rajgarh
2005-06-21,Soyabean,Biaora,1220.0,1242.0,1230.0,Madhya Pradesh,Rajgarh
2005-06-23,Soyabean,Biaora,1230.0,1258.0,1240.0,Madhya Pradesh,Rajgarh
2005-06-29,Soyabean,Biaora,1170.0,1216.0,1200.0,Madhya Pradesh,Rajgarh
2005-06-30,Soyabean,Biaora,1181.0,1237.0,1200.0,Madhya Pradesh,Rajgarh
2005-07-01,Soyabean,Biaora,1161.0,1223.0,1200.0,Madhya Pradesh,Rajgarh
2005-07-02,Soyabean,Biaora,1200.0,1230.0,1200.0,Madhya Pradesh,Rajgarh
2005-07-03,Soyabean,Biaora,1212.0,1236.0,1230.0,Madhya Pradesh,Rajgarh
2005-07-07,Soyabean,Biaora,1220.0,1250.0,1230.0,Madhya Pradesh,Rajgarh
2005-07-08,Soyabean,Biaora,1220.0,1235.0,1230.0,Madhya Pradesh,Rajgarh
2005-07-09,Soyabean,Biaora,1220.0,1242.0,1230.0,Madhya Pradesh,Rajgarh
2005-07-10,Soyabean,Biaora,1200.0,1230.0,1220.0,Madhya Pradesh,Rajgarh
2005-07-12,Soyabean,Biaora,1210.0,1221.0,1220.0,Madhya Pradesh,Rajgarh
2005-07-13,Soyabean,Biaora,1220.0,1235.0,1225.0,Madhya Pradesh,Rajgarh
2005-07-14,Soyabean,Biaora,1200.0,1230.0,1225.0,Madhya Pradesh,Rajgarh
2005-07-15,Soyabean,Biaora,1200.0,1220.0,1210.0,Madhya Pradesh,Rajgarh
2005-07-16,Soyabean,Biaora,1210.0,1230.0,1220.0,Madhya Pradesh,Rajgarh
2005-07-17,Soyabean,Biaora,1220.0,1240.0,1230.0,Madhya Pradesh,Rajgarh
2005-07-20,Soyabean,Biaora,1200.0,1270.0,1250.0,Madhya Pradesh,Rajgarh
2005-07-21,Soyabean,Biaora,1250.0,1260.0,1255.0,Madhya Pradesh,Rajgarh
2005-07-22,Soyabean,Biaora,1240.0,1250.0,1245.0,Madhya Pradesh,Rajgarh
2005-07-23,Soyabean,Biaora,1245.0,1255.0,1250.0,Madhya Pradesh,Rajgarh
2005-07-24,Soyabean,Biaora,1238.0,1248.0,1245.0,Madhya Pradesh,Rajgarh
2005-07-26,Soyabean,Biaora,1220.0,1235.0,1230.0,Madhya Pradesh,Rajgarh
2005-07-27,Soyabean,Biaora,1215.0,1230.0,1220.0,Madhya Pradesh,Rajgarh
2005-07-28,Soyabean,Biaora,1215.0,1230.0,1225.0,Madhya Pradesh,Rajgarh
2005-07-29,Soyabean,Biaora,1220.0,1240.0,1230.0,Madhya Pradesh,Rajgarh
2005-07-30,Soyabean,Biaora,1215.0,1225.0,1220.0,Madhya Pradesh,Rajgarh
2005-08-01,Soyabean,Biaora,1216.0,1225.0,1220.0,Madhya Pradesh,Rajgarh
2005-08-02,Soyabean,Biaora,1196.0,1215.0,1210.0,Madhya Pradesh,Rajgarh
2005-08-03,Soyabean,Biaora,1190.0,1210.0,1200.0,Madhya Pradesh,Rajgarh
2005-08-04,Soyabean,Biaora,1190.0,1199.0,1196.0,Madhya Pradesh,Rajgarh
2005-08-06,Soyabean,Biaora,1180.0,1220.0,1200.0,Madhya Pradesh,Rajgarh
2005-08-09,Soyabean,Biaora,1190.0,1203.0,1200.0,Madhya Pradesh,Rajgarh
2005-08-10,Soyabean,Biaora,1190.0,1203.0,1200.0,Madhya Pradesh,Rajgarh
2005-08-11,Soyabean,Biaora,1170.0,1195.0,1180.0,Madhya Pradesh,Rajgarh
2005-08-12,Soyabean,Biaora,1190.0,1200.0,1195.0,Madhya Pradesh,Rajgarh
2005-08-16,Soyabean,Biaora,1180.0,1189.0,1185.0,Madhya Pradesh,Rajgarh
2005-08-17,Soyabean,Biaora,1164.0,1180.0,1170.0,Madhya Pradesh,Rajgarh
2005-08-18,Soyabean,Biaora,1180.0,1200.0,1190.0,Madhya Pradesh,Rajgarh
2005-08-21,Soyabean,Biaora,1175.0,1198.0,1180.0,Madhya Pradesh,Rajgarh
2005-08-23,Soyabean,Biaora,1200.0,1204.0,1202.0,Madhya Pradesh,Rajgarh
2005-08-24,Soyabean,Biaora,1180.0,1208.0,1200.0,Madhya Pradesh,Rajgarh
2005-08-25,Soyabean,Biaora,1183.0,1207.0,1200.0,Madhya Pradesh,Rajgarh
2005-08-28,Soyabean,Biaora,1175.0,1185.0,1180.0,Madhya Pradesh,Rajgarh
2005-08-30,Soyabean,Biaora,1196.0,1224.0,1200.0,Madhya Pradesh,Rajgarh
2005-08-31,Soyabean,Biaora,1200.0,1213.0,1212.0,Madhya Pradesh,Rajgarh
2005-09-01,Soyabean,Biaora,1200.0,1212.0,1210.0,Madhya Pradesh,Rajgarh
2005-09-02,Soyabean,Biaora,1210.0,1226.0,1220.0,Madhya Pradesh,Rajgarh
2005-09-04,Soyabean,Biaora,1200.0,1215.0,1215.0,Madhya Pradesh,Rajgarh
2005-09-09,Soyabean,Biaora,1180.0,1187.0,1185.0,Madhya Pradesh,Rajgarh
2005-09-11,Soyabean,Biaora,1170.0,1188.0,1180.0,Madhya Pradesh,Rajgarh
2005-09-13,Soyabean,Biaora,1160.0,1170.0,1165.0,Madhya Pradesh,Rajgarh
2005-09-14,Soyabean,Biaora,1148.0,1152.0,1150.0,Madhya Pradesh,Rajgarh
2005-09-15,Soyabean,Biaora,1142.0,1150.0,1145.0,Madhya Pradesh,Rajgarh
2005-09-16,Soyabean,Biaora,1140.0,1160.0,1150.0,Madhya Pradesh,Rajgarh
2005-09-18,Soyabean,Biaora,1145.0,1145.0,1145.0,Madhya Pradesh,Rajgarh
2005-09-20,Soyabean,Biaora,1118.0,1145.0,1140.0,Madhya Pradesh,Rajgarh
2005-09-21,Soyabean,Biaora,1124.0,1130.0,1125.0,Madhya Pradesh,Rajgarh
2005-09-22,Soyabean,Biaora,1100.0,1125.0,1120.0,Madhya Pradesh,Rajgarh
2005-09-23,Soyabean,Biaora,1124.0,1130.0,1125.0,Madhya Pradesh,Rajgarh
2005-09-24,Soyabean,Biaora,1114.0,1126.0,1125.0,Madhya Pradesh,Rajgarh
2005-09-25,Soyabean,Biaora,1119.0,1124.0,1120.0,Madhya Pradesh,Rajgarh
2005-09-27,Soyabean,Biaora,1100.0,1144.0,1125.0,Madhya Pradesh,Rajgarh
2005-09-29,Soyabean,Biaora,1100.0,1124.0,1120.0,Madhya Pradesh,Rajgarh
2005-09-30,Soyabean,Biaora,1120.0,1150.0,1125.0,Madhya Pradesh,Rajgarh
2005-10-05,Soyabean,Biaora,1050.0,1130.0,1100.0,Madhya Pradesh,Rajgarh
2005-10-06,Soyabean,Biaora,1100.0,1131.0,1120.0,Madhya Pradesh,Rajgarh
2005-10-13,Soyabean,Biaora,1105.0,1116.0,1110.0,Madhya Pradesh,Rajgarh
2005-10-14,Soyabean,Biaora,1098.0,1108.0,1100.0,Madhya Pradesh,Rajgarh
2005-10-15,Soyabean,Biaora,1120.0,1136.0,1130.0,Madhya Pradesh,Rajgarh
2005-10-16,Soyabean,Biaora,1105.0,1130.0,1125.0,Madhya Pradesh,Rajgarh
2005-10-18,Soyabean,Biaora,1105.0,1128.0,1120.0,Madhya Pradesh,Rajgarh
2005-10-19,Soyabean,Biaora,1099.0,1116.0,1100.0,Madhya Pradesh,Rajgarh
2005-10-20,Soyabean,Biaora,1100.0,1125.0,1120.0,Madhya Pradesh,Rajgarh
2005-10-21,Soyabean,Biaora,1120.0,1145.0,1130.0,Madhya Pradesh,Rajgarh
2005-10-22,Soyabean,Biaora,1070.0,1090.0,1085.0,Madhya Pradesh,Rajgarh
2005-10-23,Soyabean,Biaora,1100.0,1113.0,1110.0,Madhya Pradesh,Rajgarh
2005-10-25,Soyabean,Biaora,1090.0,1112.0,1100.0,Madhya Pradesh,Rajgarh
2005-10-26,Soyabean,Biaora,1110.0,1140.0,1130.0,Madhya Pradesh,Rajgarh
2005-10-27,Soyabean,Biaora,1115.0,1130.0,1120.0,Madhya Pradesh,Rajgarh
2005-10-28,Soyabean,Biaora,1120.0,1141.0,1130.0,Madhya Pradesh,Rajgarh
2005-10-29,Soyabean,Biaora,1120.0,1138.0,1130.0,Madhya Pradesh,Rajgarh
2005-11-03,Soyabean,Biaora,1125.0,1137.0,1130.0,Madhya Pradesh,Rajgarh
2005-11-04,Soyabean,Biaora,1120.0,1137.0,1130.0,Madhya Pradesh,Rajgarh
2005-11-05,Soyabean,Biaora,1120.0,1135.0,1130.0,Madhya Pradesh,Rajgarh
2005-11-06,Soyabean,Biaora,1100.0,1122.0,1110.0,Madhya Pradesh,Rajgarh
2005-11-08,Soyabean,Biaora,1050.0,1100.0,1090.0,Madhya Pradesh,Rajgarh
2005-11-09,Soyabean,Biaora,1095.0,1111.0,1100.0,Madhya Pradesh,Rajgarh
2005-11-10,Soyabean,Biaora,1105.0,1120.0,1110.0,Madhya Pradesh,Rajgarh
2005-11-11,Soyabean,Biaora,1090.0,1108.0,1100.0,Madhya Pradesh,Rajgarh
2005-11-12,Soyabean,Biaora,1111.0,1115.0,1112.0,Madhya Pradesh,Rajgarh
2005-11-13,Soyabean,Biaora,1100.0,1110.0,1105.0,Madhya Pradesh,Rajgarh
2005-11-15,Soyabean,Biaora,1080.0,1090.0,1085.0,Madhya Pradesh,Rajgarh
2005-11-16,Soyabean,Biaora,1050.0,1065.0,1060.0,Madhya Pradesh,Rajgarh
2005-11-17,Soyabean,Biaora,1000.0,1045.0,1040.0,Madhya Pradesh,Rajgarh
2005-11-18,Soyabean,Biaora,1050.0,1068.0,1060.0,Madhya Pradesh,Rajgarh
2005-11-19,Soyabean,Biaora,1040.0,1066.0,1050.0,Madhya Pradesh,Rajgarh
2005-11-20,Soyabean,Biaora,1043.0,1067.0,1060.0,Madhya Pradesh,Rajgarh
2005-11-22,Soyabean,Biaora,1080.0,1111.0,1100.0,Madhya Pradesh,Rajgarh
2005-11-23,Soyabean,Biaora,1060.0,1080.0,1070.0,Madhya Pradesh,Rajgarh
2005-11-24,Soyabean,Biaora,1050.0,1075.0,1060.0,Madhya Pradesh,Rajgarh
2005-11-25,Soyabean,Biaora,1050.0,1080.0,1070.0,Madhya Pradesh,Rajgarh
2005-11-26,Soyabean,Biaora,1056.0,1070.0,1060.0,Madhya Pradesh,Rajgarh
2005-11-27,Soyabean,Biaora,1045.0,1055.0,1050.0,Madhya Pradesh,Rajgarh
2005-11-29,Soyabean,Biaora,1025.0,1044.0,1035.0,Madhya Pradesh,Rajgarh
2005-11-30,Soyabean,Biaora,1020.0,1055.0,1040.0,Madhya Pradesh,Rajgarh
2005-12-02,Soyabean,Biaora,1055.0,1068.0,1060.0,Madhya Pradesh,Rajgarh
2005-12-03,Soyabean,Biaora,1060.0,1075.0,1070.0,Madhya Pradesh,Rajgarh
2005-12-04,Soyabean,Biaora,1060.0,1072.0,1065.0,Madhya Pradesh,Rajgarh
2005-12-06,Soyabean,Biaora,1065.0,1070.0,1068.0,Madhya Pradesh,Rajgarh
2005-12-07,Soyabean,Biaora,1045.0,1060.0,1055.0,Madhya Pradesh,Rajgarh
2005-12-08,Soyabean,Biaora,1045.0,1050.0,1048.0,Madhya Pradesh,Rajgarh
2005-12-09,Soyabean,Biaora,1045.0,1061.0,1055.0,Madhya Pradesh,Rajgarh
2005-12-10,Soyabean,Biaora,1060.0,1072.0,1065.0,Madhya Pradesh,Rajgarh
2005-12-11,Soyabean,Biaora,1060.0,1070.0,1065.0,Madhya Pradesh,Rajgarh
2005-12-13,Soyabean,Biaora,1070.0,1090.0,1080.0,Madhya Pradesh,Rajgarh
2005-12-14,Soyabean,Biaora,1085.0,1097.0,1090.0,Madhya Pradesh,Rajgarh
2005-12-15,Soyabean,Biaora,1065.0,1085.0,1080.0,Madhya Pradesh,Rajgarh
2005-12-16,Soyabean,Biaora,1060.0,1075.0,1066.0,Madhya Pradesh,Rajgarh
2005-12-17,Soyabean,Biaora,1070.0,1085.0,1079.0,Madhya Pradesh,Rajgarh
2005-12-18,Soyabean,Biaora,1075.0,1093.0,1082.0,Madhya Pradesh,Rajgarh
2005-12-20,Soyabean,Biaora,1080.0,1107.0,1095.0,Madhya Pradesh,Rajgarh
2005-12-21,Soyabean,Biaora,1080.0,1095.0,1090.0,Madhya Pradesh,Rajgarh
2005-12-22,Soyabean,Biaora,1080.0,1095.0,1091.0,Madhya Pradesh,Rajgarh
2005-12-23,Soyabean,Biaora,1105.0,1115.0,1110.0,Madhya Pradesh,Rajgarh
2005-12-24,Soyabean,Biaora,1100.0,1110.0,1106.0,Madhya Pradesh,Rajgarh
2005-12-25,Soyabean,Biaora,1110.0,1120.0,1116.0,Madhya Pradesh,Rajgarh
2005-12-28,Soyabean,Biaora,1120.0,1130.0,1124.0,Madhya Pradesh,Rajgarh
2005-12-29,Soyabean,Biaora,1100.0,1124.0,1115.0,Madhya Pradesh,Rajgarh
2005-12-30,Soyabean,Biaora,1110.0,1119.0,1115.0,Madhya Pradesh,Rajgarh
2006-01-01,Soyabean,Biaora,1120.0,1128.0,1124.0,Madhya Pradesh,Rajgarh
2006-01-03,Soyabean,Biaora,1115.0,1128.0,1120.0,Madhya Pradesh,Rajgarh
2006-01-05,Soyabean,Biaora,1129.0,1138.0,1135.0,Madhya Pradesh,Rajgarh
2006-01-06,Soyabean,Biaora,1130.0,1145.0,1135.0,Madhya Pradesh,Rajgarh
2006-01-07,Soyabean,Biaora,1140.0,1153.0,1145.0,Madhya Pradesh,Rajgarh
2006-01-08,Soyabean,Biaora,1154.0,1171.0,1165.0,Madhya Pradesh,Rajgarh
2006-01-10,Soyabean,Biaora,1134.0,1156.0,1145.0,Madhya Pradesh,Rajgarh
2006-01-11,Soyabean,Biaora,1154.0,1160.0,1157.0,Madhya Pradesh,Rajgarh
2006-01-12,Soyabean,Biaora,1140.0,1160.0,1155.0,Madhya Pradesh,Rajgarh
2006-01-13,Soyabean,Biaora,1105.0,1158.0,1140.0,Madhya Pradesh,Rajgarh
2006-01-15,Soyabean,Biaora,1110.0,1150.0,1145.0,Madhya Pradesh,Rajgarh
2006-01-17,Soyabean,Biaora,1100.0,1155.0,1135.0,Madhya Pradesh,Rajgarh
2006-01-18,Soyabean,Biaora,1105.0,1142.0,1130.0,Madhya Pradesh,Rajgarh
2006-01-19,Soyabean,Biaora,1100.0,1140.0,1130.0,Madhya Pradesh,Rajgarh
2006-01-20,Soyabean,Biaora,1120.0,1141.0,1130.0,Madhya Pradesh,Rajgarh
2006-01-21,Soyabean,Biaora,1100.0,1145.0,1130.0,Madhya Pradesh,Rajgarh
2006-01-22,Soyabean,Biaora,1100.0,1148.0,1130.0,Madhya Pradesh,Rajgarh
2006-01-24,Soyabean,Biaora,1100.0,1150.0,1140.0,Madhya Pradesh,Rajgarh
2006-01-25,Soyabean,Biaora,1107.0,1149.0,1140.0,Madhya Pradesh,Rajgarh
2006-01-27,Soyabean,Biaora,1100.0,1150.0,1140.0,Madhya Pradesh,Rajgarh
2006-01-28,Soyabean,Biaora,1110.0,1160.0,1150.0,Madhya Pradesh,Rajgarh
2006-01-31,Soyabean,Biaora,1135.0,1154.0,1140.0,Madhya Pradesh,Rajgarh
2006-02-01,Soyabean,Biaora,1121.0,1149.0,1135.0,Madhya Pradesh,Rajgarh
2006-02-03,Soyabean,Biaora,1134.0,1145.0,1140.0,Madhya Pradesh,Rajgarh
2006-02-04,Soyabean,Biaora,1135.0,1156.0,1145.0,Madhya Pradesh,Rajgarh
2006-02-05,Soyabean,Biaora,1130.0,1148.0,1140.0,Madhya Pradesh,Rajgarh
2006-02-07,Soyabean,Biaora,1125.0,1156.0,1145.0,Madhya Pradesh,Rajgarh
2006-02-08,Soyabean,Biaora,1120.0,1149.0,1140.0,Madhya Pradesh,Rajgarh
2006-02-09,Soyabean,Biaora,1130.0,1152.0,1140.0,Madhya Pradesh,Rajgarh
2006-02-11,Soyabean,Biaora,1120.0,1148.0,1130.0,Madhya Pradesh,Rajgarh
2006-02-12,Soyabean,Biaora,1130.0,1150.0,1147.0,Madhya Pradesh,Rajgarh
2006-02-14,Soyabean,Biaora,1109.0,1150.0,1130.0,Madhya Pradesh,Rajgarh
2006-02-15,Soyabean,Biaora,1115.0,1140.0,1130.0,Madhya Pradesh,Rajgarh
2006-02-16,Soyabean,Biaora,1145.0,1155.0,1150.0,Madhya Pradesh,Rajgarh
2006-02-17,Soyabean,Biaora,1130.0,1162.0,1155.0,Madhya Pradesh,Rajgarh
2006-02-18,Soyabean,Biaora,1162.0,1173.0,1166.0,Madhya Pradesh,Rajgarh
2006-02-19,Soyabean,Biaora,1155.0,1168.0,1160.0,Madhya Pradesh,Rajgarh
2006-02-21,Soyabean,Biaora,1140.0,1165.0,1150.0,Madhya Pradesh,Rajgarh
2006-02-22,Soyabean,Biaora,1130.0,1145.0,1140.0,Madhya Pradesh,Rajgarh
2006-02-23,Soyabean,Biaora,1140.0,1149.0,1145.0,Madhya Pradesh,Rajgarh
2006-02-24,Soyabean,Biaora,1145.0,1160.0,1150.0,Madhya Pradesh,Rajgarh
2006-03-01,Soyabean,Biaora,1139.0,1155.0,1150.0,Madhya Pradesh,Rajgarh
2006-03-02,Soyabean,Biaora,1150.0,1160.0,1155.0,Madhya Pradesh,Rajgarh
2006-03-04,Soyabean,Biaora,1145.0,1155.0,1150.0,Madhya Pradesh,Rajgarh
2006-03-05,Soyabean,Biaora,1145.0,1152.0,1150.0,Madhya Pradesh,Rajgarh
2006-03-07,Soyabean,Biaora,1150.0,1156.0,1154.0,Madhya Pradesh,Rajgarh
2006-03-08,Soyabean,Biaora,1130.0,1160.0,1155.0,Madhya Pradesh,Rajgarh
2006-03-10,Soyabean,Biaora,1108.0,1128.0,1120.0,Madhya Pradesh,Rajgarh
2006-03-11,Soyabean,Biaora,1135.0,1145.0,1140.0,Madhya Pradesh,Rajgarh
2006-03-12,Soyabean,Biaora,1120.0,1135.0,1130.0,Madhya Pradesh,Rajgarh
2006-03-14,Soyabean,Biaora,1112.0,1130.0,1125.0,Madhya Pradesh,Rajgarh
2006-03-16,Soyabean,Biaora,1116.0,1130.0,1125.0,Madhya Pradesh,Rajgarh
2006-03-17,Soyabean,Biaora,1108.0,1116.0,1110.0,Madhya Pradesh,Rajgarh
2006-03-18,Soyabean,Biaora,1115.0,1120.0,1118.0,Madhya Pradesh,Rajgarh
2006-03-19,Soyabean,Biaora,1110.0,1125.0,1120.0,Madhya Pradesh,Rajgarh
2006-03-21,Soyabean,Biaora,1115.0,1125.0,1120.0,Madhya Pradesh,Rajgarh
2006-03-22,Soyabean,Biaora,1120.0,1135.0,1130.0,Madhya Pradesh,Rajgarh
2006-03-23,Soyabean,Biaora,1120.0,1130.0,1125.0,Madhya Pradesh,Rajgarh
2006-03-24,Soyabean,Biaora,1120.0,1130.0,1125.0,Madhya Pradesh,Rajgarh
2006-03-25,Soyabean,Biaora,1120.0,1135.0,1130.0,Madhya Pradesh,Rajgarh
2006-03-26,Soyabean,Biaora,1120.0,1128.0,1125.0,Madhya Pradesh,Rajgarh
2006-03-28,Soyabean,Biaora,1115.0,1120.0,1116.0,Madhya Pradesh,Rajgarh
2006-04-01,Soyabean,Biaora,1080.0,1100.0,1090.0,Madhya Pradesh,Rajgarh
2006-04-02,Soyabean,Biaora,1080.0,1110.0,1100.0,Madhya Pradesh,Rajgarh
2006-04-04,Soyabean,Biaora,1100.0,1105.0,1104.0,Madhya Pradesh,Rajgarh
2006-04-07,Soyabean,Biaora,1100.0,1140.0,1130.0,Madhya Pradesh,Rajgarh
2006-04-08,Soyabean,Biaora,1103.0,1112.0,1105.0,Madhya Pradesh,Rajgarh
2006-04-12,Soyabean,Biaora,1120.0,1139.0,1130.0,Madhya Pradesh,Rajgarh
2006-04-13,Soyabean,Biaora,1100.0,1137.0,1120.0,Madhya Pradesh,Rajgarh
2006-04-14,Soyabean,Biaora,1100.0,1137.0,1130.0,Madhya Pradesh,Rajgarh
2006-04-15,Soyabean,Biaora,1115.0,1148.0,1130.0,Madhya Pradesh,Rajgarh
2006-04-16,Soyabean,Biaora,1130.0,1153.0,1145.0,Madhya Pradesh,Rajgarh
2006-04-18,Soyabean,Biaora,1103.0,1123.0,1123.0,Madhya Pradesh,Rajgarh
2006-04-18,Soyabean,Biaora,1091.0,1131.0,1131.0,Madhya Pradesh,Rajgarh
2006-04-19,Soyabean,Biaora,1150.0,1176.0,1160.0,Madhya Pradesh,Rajgarh
2006-04-20,Soyabean,Biaora,1160.0,1180.0,1170.0,Madhya Pradesh,Rajgarh
2006-04-21,Soyabean,Biaora,1198.0,1202.0,1200.0,Madhya Pradesh,Rajgarh
2006-04-22,Soyabean,Biaora,1200.0,1220.0,1210.0,Madhya Pradesh,Rajgarh
2006-04-25,Soyabean,Biaora,1075.0,1237.0,1235.0,Madhya Pradesh,Rajgarh
2006-04-25,Soyabean,Biaora,951.0,1205.0,1205.0,Madhya Pradesh,Rajgarh
2006-04-26,Soyabean,Biaora,1000.0,1216.0,1216.0,Madhya Pradesh,Rajgarh
2006-04-26,Soyabean,Biaora,1150.0,1194.0,1194.0,Madhya Pradesh,Rajgarh
2006-04-27,Soyabean,Biaora,1100.0,1219.0,1170.0,Madhya Pradesh,Rajgarh
2006-04-27,Soyabean,Biaora,1121.0,1188.0,1188.0,Madhya Pradesh,Rajgarh
2006-04-28,Soyabean,Biaora,1220.0,1226.0,1222.0,Madhya Pradesh,Rajgarh
2006-04-29,Soyabean,Biaora,1181.0,1267.0,1255.0,Madhya Pradesh,Rajgarh
2006-04-29,Soyabean,Biaora,800.0,1230.0,1200.0,Madhya Pradesh,Rajgarh
2006-05-02,Soyabean,Biaora,1230.0,1260.0,1255.0,Madhya Pradesh,Rajgarh
2006-05-03,Soyabean,Biaora,1200.0,1300.0,1240.0,Madhya Pradesh,Rajgarh
2006-05-03,Soyabean,Biaora,1001.0,1250.0,1250.0,Madhya Pradesh,Rajgarh
2006-05-04,Soyabean,Biaora,1076.0,1271.0,1271.0,Madhya Pradesh,Rajgarh
2006-05-04,Soyabean,Biaora,1076.0,1296.0,1274.0,Madhya Pradesh,Rajgarh
2006-05-05,Soyabean,Biaora,1170.0,1283.0,1170.0,Madhya Pradesh,Rajgarh
2006-05-05,Soyabean,Biaora,1201.0,1272.0,1272.0,Madhya Pradesh,Rajgarh
2006-05-06,Soyabean,Biaora,1280.0,1297.0,1290.0,Madhya Pradesh,Rajgarh
2006-05-06,Soyabean,Biaora,1255.0,1255.0,1255.0,Madhya Pradesh,Rajgarh
2006-05-07,Soyabean,Biaora,1290.0,1305.0,1300.0,Madhya Pradesh,Rajgarh
2006-05-08,Soyabean,Biaora,1216.0,1259.0,1250.0,Madhya Pradesh,Rajgarh
2006-05-08,Soyabean,Biaora,1050.0,1261.0,1260.0,Madhya Pradesh,Rajgarh
2006-05-09,Soyabean,Biaora,1140.0,1266.0,1266.0,Madhya Pradesh,Rajgarh
2006-05-09,Soyabean,Biaora,975.0,1235.0,1235.0,Madhya Pradesh,Rajgarh
2006-05-10,Soyabean,Biaora,1020.0,1300.0,1291.0,Madhya Pradesh,Rajgarh
2006-05-10,Soyabean,Biaora,951.0,1244.0,1230.0,Madhya Pradesh,Rajgarh
2006-05-11,Soyabean,Biaora,1240.0,1240.0,1240.0,Madhya Pradesh,Rajgarh
2006-05-11,Soyabean,Biaora,1001.0,1248.0,1248.0,Madhya Pradesh,Rajgarh
2006-05-12,Soyabean,Biaora,1300.0,1332.0,1320.0,Madhya Pradesh,Rajgarh
2006-05-12,Soyabean,Biaora,1151.0,1321.0,1281.0,Madhya Pradesh,Rajgarh
2006-05-13,Soyabean,Biaora,1300.0,1335.0,1330.0,Madhya Pradesh,Rajgarh
2006-05-13,Soyabean,Biaora,1122.0,1287.0,1287.0,Madhya Pradesh,Rajgarh
2006-05-14,Soyabean,Biaora,1300.0,1315.0,1310.0,Madhya Pradesh,Rajgarh
2006-05-15,Soyabean,Biaora,1100.0,1300.0,1280.0,Madhya Pradesh,Rajgarh
2006-05-15,Soyabean,Biaora,1031.0,1274.0,1226.0,Madhya Pradesh,Rajgarh
2006-05-16,Soyabean,Biaora,1233.0,1233.0,1233.0,Madhya Pradesh,Rajgarh
2006-05-16,Soyabean,Biaora,1151.0,1341.0,1290.0,Madhya Pradesh,Rajgarh
2006-05-17,Soyabean,Biaora,1194.0,1261.0,1261.0,Madhya Pradesh,Rajgarh
2006-05-17,Soyabean,Biaora,1199.0,1285.0,1235.0,Madhya Pradesh,Rajgarh
2006-05-18,Soyabean,Biaora,1091.0,1305.0,1305.0,Madhya Pradesh,Rajgarh
2006-05-18,Soyabean,Biaora,1040.0,1265.0,1231.0,Madhya Pradesh,Rajgarh
2006-05-19,Soyabean,Biaora,1280.0,1305.0,1300.0,Madhya Pradesh,Rajgarh
2006-05-20,Soyabean,Biaora,1100.0,1310.0,1294.0,Madhya Pradesh,Rajgarh
2006-05-20,Soyabean,Biaora,800.0,1271.0,1261.0,Madhya Pradesh,Rajgarh
2006-05-21,Soyabean,Biaora,1280.0,1298.0,1290.0,Madhya Pradesh,Rajgarh
2006-05-22,Soyabean,Biaora,1257.0,1270.0,1270.0,Madhya Pradesh,Rajgarh
2006-05-23,Soyabean,Biaora,1141.0,1239.0,1200.0,Madhya Pradesh,Rajgarh
2006-05-23,Soyabean,Biaora,1150.0,1250.0,1240.0,Madhya Pradesh,Rajgarh
2006-05-24,Soyabean,Biaora,1051.0,1251.0,1231.0,Madhya Pradesh,Rajgarh
2006-05-24,Soyabean,Biaora,725.0,1306.0,1302.0,Madhya Pradesh,Rajgarh
2006-05-25,Soyabean,Biaora,931.0,1300.0,1290.0,Madhya Pradesh,Rajgarh
2006-05-25,Soyabean,Biaora,1101.0,1245.0,1151.0,Madhya Pradesh,Rajgarh
2006-05-26,Soyabean,Biaora,1178.0,1265.0,1265.0,Madhya Pradesh,Rajgarh
2006-05-26,Soyabean,Biaora,940.0,1246.0,1219.0,Madhya Pradesh,Rajgarh
2006-05-27,Soyabean,Biaora,1120.0,1245.0,1230.0,Madhya Pradesh,Rajgarh
2006-05-27,Soyabean,Biaora,1091.0,1271.0,1241.0,Madhya Pradesh,Rajgarh
2006-05-29,Soyabean,Biaora,1112.0,1235.0,1235.0,Madhya Pradesh,Rajgarh
2006-05-29,Soyabean,Biaora,941.0,1241.0,1190.0,Madhya Pradesh,Rajgarh
2006-05-30,Soyabean,Biaora,951.0,1248.0,1225.0,Madhya Pradesh,Rajgarh
2006-05-30,Soyabean,Biaora,1000.0,1241.0,1225.0,Madhya Pradesh,Rajgarh
2006-05-31,Soyabean,Biaora,900.0,1255.0,1175.0,Madhya Pradesh,Rajgarh
2006-05-31,Soyabean,Biaora,1142.0,1212.0,1200.0,Madhya Pradesh,Rajgarh
2006-06-01,Soyabean,Biaora,1001.0,1220.0,1220.0,Madhya Pradesh,Rajgarh
2006-06-01,Soyabean,Biaora,1173.0,1186.0,1186.0,Madhya Pradesh,Rajgarh
2006-06-02,Soyabean,Biaora,1140.0,1194.0,1179.0,Madhya Pradesh,Rajgarh
2006-06-02,Soyabean,Biaora,921.0,1214.0,1180.0,Madhya Pradesh,Rajgarh
2006-06-03,Soyabean,Biaora,1150.0,1243.0,1185.0,Madhya Pradesh,Rajgarh
2006-06-03,Soyabean,Biaora,1180.0,1207.0,1200.0,Madhya Pradesh,Rajgarh
2006-06-04,Soyabean,Biaora,1180.0,1215.0,1205.0,Madhya Pradesh,Rajgarh
2006-06-05,Soyabean,Biaora,990.0,1214.0,1185.0,Madhya Pradesh,Rajgarh
2006-06-05,Soyabean,Biaora,900.0,1992.0,1191.0,Madhya Pradesh,Rajgarh
2006-06-06,Soyabean,Biaora,1130.0,1226.0,1218.0,Madhya Pradesh,Rajgarh
2006-06-06,Soyabean,Biaora,1190.0,1215.0,1200.0,Madhya Pradesh,Rajgarh
2006-06-07,Soyabean,Biaora,950.0,1206.0,1180.0,Madhya Pradesh,Rajgarh
2006-06-07,Soyabean,Biaora,1001.0,1182.0,1178.0,Madhya Pradesh,Rajgarh
2006-06-08,Soyabean,Biaora,900.0,1276.0,1200.0,Madhya Pradesh,Rajgarh
2006-06-08,Soyabean,Biaora,700.0,1248.0,1225.0,Madhya Pradesh,Rajgarh
2006-06-09,Soyabean,Biaora,1118.0,1218.0,1204.0,Madhya Pradesh,Rajgarh
2006-06-09,Soyabean,Biaora,1020.0,1179.0,1160.0,Madhya Pradesh,Rajgarh
2006-06-10,Soyabean,Biaora,1195.0,1215.0,1210.0,Madhya Pradesh,Rajgarh
2006-06-10,Soyabean,Biaora,1010.0,1211.0,1166.0,Madhya Pradesh,Rajgarh
2006-06-11,Soyabean,Biaora,1200.0,1215.0,1210.0,Madhya Pradesh,Rajgarh
2006-06-12,Soyabean,Biaora,1032.0,1200.0,1179.0,Madhya Pradesh,Rajgarh
2006-06-12,Soyabean,Biaora,700.0,1241.0,1200.0,Madhya Pradesh,Rajgarh
2006-06-13,Soyabean,Biaora,900.0,1214.0,1193.0,Madhya Pradesh,Rajgarh
2006-06-13,Soyabean,Biaora,1199.0,1227.0,1220.0,Madhya Pradesh,Rajgarh
2006-06-14,Soyabean,Biaora,1000.0,1220.0,1220.0,Madhya Pradesh,Rajgarh
2006-06-14,Soyabean,Biaora,950.0,1215.0,1200.0,Madhya Pradesh,Rajgarh
2006-06-15,Soyabean,Biaora,1140.0,1236.0,1226.0,Madhya Pradesh,Rajgarh
2006-06-15,Soyabean,Biaora,812.0,1225.0,1181.0,Madhya Pradesh,Rajgarh
2006-06-16,Soyabean,Biaora,1160.0,1217.0,1210.0,Madhya Pradesh,Rajgarh
2006-06-16,Soyabean,Biaora,1200.0,1223.0,1220.0,Madhya Pradesh,Rajgarh
2006-06-17,Soyabean,Biaora,1000.0,1214.0,1211.0,Madhya Pradesh,Rajgarh
2006-06-17,Soyabean,Biaora,1200.0,1214.0,1205.0,Madhya Pradesh,Rajgarh
2006-06-18,Soyabean,Biaora,1200.0,1215.0,1206.0,Madhya Pradesh,Rajgarh
2006-06-19,Soyabean,Biaora,1148.0,1200.0,1196.0,Madhya Pradesh,Rajgarh
2006-06-19,Soyabean,Biaora,750.0,1217.0,1205.0,Madhya Pradesh,Rajgarh
2006-06-20,Soyabean,Biaora,600.0,1210.0,1204.0,Madhya Pradesh,Rajgarh
2006-06-20,Soyabean,Biaora,1002.0,1206.0,1200.0,Madhya Pradesh,Rajgarh
2006-06-21,Soyabean,Biaora,902.0,1212.0,1181.0,Madhya Pradesh,Rajgarh
2006-06-21,Soyabean,Biaora,999.0,1200.0,1195.0,Madhya Pradesh,Rajgarh
2006-06-22,Soyabean,Biaora,1015.0,1262.0,1205.0,Madhya Pradesh,Rajgarh
2006-06-22,Soyabean,Biaora,900.0,1211.0,1207.0,Madhya Pradesh,Rajgarh
2006-06-23,Soyabean,Biaora,1001.0,1219.0,1206.0,Madhya Pradesh,Rajgarh
2006-06-23,Soyabean,Biaora,1111.0,1210.0,1195.0,Madhya Pradesh,Rajgarh
2006-06-23,Soyabean,Biaora,1020.0,1197.0,1188.0,Madhya Pradesh,Rajgarh
2006-06-24,Soyabean,Biaora,801.0,1218.0,1213.0,Madhya Pradesh,Rajgarh
2006-06-24,Soyabean,Biaora,1025.0,1214.0,1191.0,Madhya Pradesh,Rajgarh
2006-06-25,Soyabean,Biaora,1150.0,1150.0,1150.0,Madhya Pradesh,Rajgarh
2006-06-26,Soyabean,Biaora,925.0,1205.0,1200.0,Madhya Pradesh,Rajgarh
2006-06-26,Soyabean,Biaora,911.0,1230.0,1200.0,Madhya Pradesh,Rajgarh
2006-06-27,Soyabean,Biaora,800.0,1200.0,1195.0,Madhya Pradesh,Rajgarh
2006-06-27,Soyabean,Biaora,1000.0,1232.0,1215.0,Madhya Pradesh,Rajgarh
2006-06-28,Soyabean,Biaora,800.0,1218.0,1180.0,Madhya Pradesh,Rajgarh
2006-06-28,Soyabean,Biaora,1010.0,1204.0,1203.0,Madhya Pradesh,Rajgarh
2006-06-29,Soyabean,Biaora,1190.0,1200.0,1195.0,Madhya Pradesh,Rajgarh
2006-06-30,Soyabean,Biaora,1080.0,1210.0,1181.0,Madhya Pradesh,Rajgarh
2006-06-30,Soyabean,Biaora,971.0,1210.0,1194.0,Madhya Pradesh,Rajgarh
2006-07-01,Soyabean,Biaora,1016.0,1211.0,1208.0,Madhya Pradesh,Rajgarh
2006-07-01,Soyabean,Biaora,1101.0,1201.0,1201.0,Madhya Pradesh,Rajgarh
2006-07-02,Soyabean,Biaora,1200.0,1215.0,1210.0,Madhya Pradesh,Rajgarh
2006-07-04,Soyabean,Biaora,851.0,1220.0,1210.0,Madhya Pradesh,Rajgarh
2006-07-04,Soyabean,Biaora,1161.0,1209.0,1203.0,Madhya Pradesh,Rajgarh
2006-07-05,Soyabean,Biaora,1190.0,1205.0,1205.0,Madhya Pradesh,Rajgarh
2006-07-05,Soyabean,Biaora,1144.0,1213.0,1213.0,Madhya Pradesh,Rajgarh
2006-07-05,Soyabean,Biaora,1095.0,1193.0,1193.0,Madhya Pradesh,Rajgarh
2006-07-06,Soyabean,Biaora,1165.0,1194.0,1165.0,Madhya Pradesh,Rajgarh
2006-07-06,Soyabean,Biaora,1170.0,1202.0,1195.0,Madhya Pradesh,Rajgarh
2006-07-07,Soyabean,Biaora,927.0,1200.0,1192.0,Madhya Pradesh,Rajgarh
2006-07-07,Soyabean,Biaora,900.0,1224.0,1222.0,Madhya Pradesh,Rajgarh
2006-07-07,Soyabean,Biaora,1180.0,1208.0,1200.0,Madhya Pradesh,Rajgarh
2006-07-08,Soyabean,Biaora,953.0,1199.0,1185.0,Madhya Pradesh,Rajgarh
2006-07-09,Soyabean,Biaora,1175.0,1190.0,1185.0,Madhya Pradesh,Rajgarh
2006-07-10,Soyabean,Biaora,861.0,1198.0,1170.0,Madhya Pradesh,Rajgarh
2006-07-11,Soyabean,Biaora,1180.0,1182.0,1181.0,Madhya Pradesh,Rajgarh
2006-07-12,Soyabean,Biaora,960.0,1190.0,1185.0,Madhya Pradesh,Rajgarh
2006-07-12,Soyabean,Biaora,838.0,1212.0,1202.0,Madhya Pradesh,Rajgarh
2006-07-13,Soyabean,Biaora,1198.0,1208.0,1200.0,Madhya Pradesh,Rajgarh
2006-07-13,Soyabean,Biaora,600.0,1242.0,1200.0,Madhya Pradesh,Rajgarh
2006-07-14,Soyabean,Biaora,915.0,1199.0,1195.0,Madhya Pradesh,Rajgarh
2006-07-14,Soyabean,Biaora,600.0,1214.0,1204.0,Madhya Pradesh,Rajgarh
2006-07-15,Soyabean,Biaora,950.0,1245.0,1225.0,Madhya Pradesh,Rajgarh
2006-07-15,Soyabean,Biaora,999.0,1228.0,1215.0,Madhya Pradesh,Rajgarh
2006-07-16,Soyabean,Biaora,1215.0,1234.0,1230.0,Madhya Pradesh,Rajgarh
2006-07-17,Soyabean,Biaora,1204.0,1226.0,1225.0,Madhya Pradesh,Rajgarh
2006-07-17,Soyabean,Biaora,1062.0,1216.0,1197.0,Madhya Pradesh,Rajgarh
2006-07-18,Soyabean,Biaora,1200.0,1225.0,1220.0,Madhya Pradesh,Rajgarh
2006-07-19,Soyabean,Biaora,1200.0,1216.0,1210.0,Madhya Pradesh,Rajgarh
2006-07-19,Soyabean,Biaora,1165.0,1208.0,1207.0,Madhya Pradesh,Rajgarh
2006-07-20,Soyabean,Biaora,701.0,1231.0,1180.0,Madhya Pradesh,Rajgarh
2006-07-20,Soyabean,Biaora,1200.0,1217.0,1210.0,Madhya Pradesh,Rajgarh
2006-07-21,Soyabean,Biaora,900.0,1232.0,1214.0,Madhya Pradesh,Rajgarh
2006-07-21,Soyabean,Biaora,701.0,1227.0,1224.0,Madhya Pradesh,Rajgarh
2006-07-22,Soyabean,Biaora,1000.0,1200.0,1195.0,Madhya Pradesh,Rajgarh
2006-07-22,Soyabean,Biaora,1170.0,1213.0,1194.0,Madhya Pradesh,Rajgarh
2006-07-23,Soyabean,Biaora,1190.0,1205.0,1200.0,Madhya Pradesh,Rajgarh
2006-07-24,Soyabean,Biaora,950.0,1204.0,1200.0,Madhya Pradesh,Rajgarh
2006-07-25,Soyabean,Biaora,820.0,1211.0,1211.0,Madhya Pradesh,Rajgarh
2006-07-25,Soyabean,Biaora,1160.0,1195.0,1180.0,Madhya Pradesh,Rajgarh
2006-07-26,Soyabean,Biaora,825.0,1221.0,1216.0,Madhya Pradesh,Rajgarh
2006-07-26,Soyabean,Biaora,900.0,1233.0,1220.0,Madhya Pradesh,Rajgarh
2006-07-27,Soyabean,Biaora,900.0,1221.0,1180.0,Madhya Pradesh,Rajgarh
2006-07-27,Soyabean,Biaora,1190.0,1195.0,1190.0,Madhya Pradesh,Rajgarh
2006-07-28,Soyabean,Biaora,1180.0,1197.0,1190.0,Madhya Pradesh,Rajgarh
2006-07-28,Soyabean,Biaora,1186.0,1200.0,1200.0,Madhya Pradesh,Rajgarh
2006-07-29,Soyabean,Biaora,1139.0,1208.0,1205.0,Madhya Pradesh,Rajgarh
2006-08-01,Soyabean,Biaora,1180.0,1199.0,1190.0,Madhya Pradesh,Rajgarh
2006-08-01,Soyabean,Biaora,1104.0,1210.0,1202.0,Madhya Pradesh,Rajgarh
2006-08-02,Soyabean,Biaora,906.0,1220.0,1212.0,Madhya Pradesh,Rajgarh
2006-08-02,Soyabean,Biaora,1100.0,1210.0,1205.0,Madhya Pradesh,Rajgarh
2006-08-03,Soyabean,Biaora,1180.0,1202.0,1190.0,Madhya Pradesh,Rajgarh
2006-08-03,Soyabean,Biaora,1101.0,1215.0,1208.0,Madhya Pradesh,Rajgarh
2006-08-04,Soyabean,Biaora,1101.0,1200.0,1199.0,Madhya Pradesh,Rajgarh
2006-08-04,Soyabean,Biaora,1182.0,1197.0,1190.0,Madhya Pradesh,Rajgarh
2006-08-05,Soyabean,Biaora,1188.0,1203.0,1195.0,Madhya Pradesh,Rajgarh
2006-08-05,Soyabean,Biaora,1070.0,1206.0,1199.0,Madhya Pradesh,Rajgarh
2006-08-06,Soyabean,Biaora,1190.0,1208.0,1200.0,Madhya Pradesh,Rajgarh
2006-08-07,Soyabean,Biaora,1100.0,1216.0,1191.0,Madhya Pradesh,Rajgarh
2006-08-07,Soyabean,Biaora,1085.0,1213.0,1187.0,Madhya Pradesh,Rajgarh
2006-08-10,Soyabean,Biaora,1182.0,1182.0,1182.0,Madhya Pradesh,Rajgarh
2006-08-11,Soyabean,Biaora,1170.0,1170.0,1170.0,Madhya Pradesh,Rajgarh
2006-08-11,Soyabean,Biaora,1167.0,1219.0,1219.0,Madhya Pradesh,Rajgarh
2006-08-12,Soyabean,Biaora,901.0,1197.0,1194.0,Madhya Pradesh,Rajgarh
2006-08-12,Soyabean,Biaora,1180.0,1192.0,1190.0,Madhya Pradesh,Rajgarh
2006-08-13,Soyabean,Biaora,1175.0,1190.0,1180.0,Madhya Pradesh,Rajgarh
2006-08-14,Soyabean,Biaora,1102.0,1188.0,1185.0,Madhya Pradesh,Rajgarh
2006-08-17,Soyabean,Biaora,1180.0,1190.0,1185.0,Madhya Pradesh,Rajgarh
2006-08-18,Soyabean,Biaora,1179.0,1179.0,1179.0,Madhya Pradesh,Rajgarh
2006-08-18,Soyabean,Biaora,850.0,1182.0,1100.0,Madhya Pradesh,Rajgarh
2006-08-20,Soyabean,Biaora,1180.0,1185.0,1182.0,Madhya Pradesh,Rajgarh
2006-08-21,Soyabean,Biaora,1187.0,1187.0,1187.0,Madhya Pradesh,Rajgarh
2006-08-21,Soyabean,Biaora,500.0,1215.0,1197.0,Madhya Pradesh,Rajgarh
2006-08-22,Soyabean,Biaora,1137.0,1180.0,1150.0,Madhya Pradesh,Rajgarh
2006-08-24,Soyabean,Biaora,1180.0,1185.0,1182.0,Madhya Pradesh,Rajgarh
2006-08-24,Soyabean,Biaora,1150.0,1198.0,1170.0,Madhya Pradesh,Rajgarh
2006-08-25,Soyabean,Biaora,1180.0,1190.0,1185.0,Madhya Pradesh,Rajgarh
2006-08-25,Soyabean,Biaora,725.0,1210.0,1196.0,Madhya Pradesh,Rajgarh
2006-08-26,Soyabean,Biaora,1001.0,1220.0,1191.0,Madhya Pradesh,Rajgarh
2006-08-26,Soyabean,Biaora,1050.0,1206.0,1197.0,Madhya Pradesh,Rajgarh
2006-08-29,Soyabean,Biaora,964.0,1209.0,1171.0,Madhya Pradesh,Rajgarh
2006-08-29,Soyabean,Biaora,1180.0,1190.0,1185.0,Madhya Pradesh,Rajgarh
2006-08-30,Soyabean,Biaora,701.0,1200.0,1161.0,Madhya Pradesh,Rajgarh
2006-08-30,Soyabean,Biaora,1180.0,1190.0,1185.0,Madhya Pradesh,Rajgarh
2006-08-31,Soyabean,Biaora,1151.0,1190.0,1190.0,Madhya Pradesh,Rajgarh
2006-08-31,Soyabean,Biaora,1203.0,1205.0,1205.0,Madhya Pradesh,Rajgarh
2006-09-01,Soyabean,Biaora,1150.0,1203.0,1198.0,Madhya Pradesh,Rajgarh
2006-09-02,Soyabean,Biaora,960.0,1215.0,1215.0,Madhya Pradesh,Rajgarh
2006-09-02,Soyabean,Biaora,1180.0,1217.0,1180.0,Madhya Pradesh,Rajgarh
2006-09-03,Soyabean,Biaora,1190.0,1204.0,1200.0,Madhya Pradesh,Rajgarh
2006-09-04,Soyabean,Biaora,1125.0,1175.0,1175.0,Madhya Pradesh,Rajgarh
2006-09-04,Soyabean,Biaora,1172.0,1221.0,1200.0,Madhya Pradesh,Rajgarh
2006-09-05,Soyabean,Biaora,1140.0,1210.0,1210.0,Madhya Pradesh,Rajgarh
2006-09-05,Soyabean,Biaora,1125.0,1197.0,1173.0,Madhya Pradesh,Rajgarh
2006-09-06,Soyabean,Biaora,1175.0,1175.0,1175.0,Madhya Pradesh,Rajgarh
2006-09-07,Soyabean,Biaora,1080.0,1211.0,1211.0,Madhya Pradesh,Rajgarh
2006-09-07,Soyabean,Biaora,900.0,1196.0,1196.0,Madhya Pradesh,Rajgarh
2006-09-08,Soyabean,Biaora,600.0,1203.0,1200.0,Madhya Pradesh,Rajgarh
2006-09-08,Soyabean,Biaora,1180.0,1192.0,1185.0,Madhya Pradesh,Rajgarh
2006-09-09,Soyabean,Biaora,1140.0,1206.0,1200.0,Madhya Pradesh,Rajgarh
2006-09-09,Soyabean,Biaora,1170.0,1185.0,1180.0,Madhya Pradesh,Rajgarh
2006-09-10,Soyabean,Biaora,1175.0,1190.0,1180.0,Madhya Pradesh,Rajgarh
2006-09-11,Soyabean,Biaora,600.0,1203.0,1197.0,Madhya Pradesh,Rajgarh
2006-09-11,Soyabean,Biaora,1030.0,1215.0,1189.0,Madhya Pradesh,Rajgarh
2006-09-12,Soyabean,Biaora,1130.0,1145.0,1140.0,Madhya Pradesh,Rajgarh
2006-09-13,Soyabean,Biaora,1150.0,1170.0,1169.0,Madhya Pradesh,Rajgarh
2006-09-13,Soyabean,Biaora,1145.0,1156.0,1150.0,Madhya Pradesh,Rajgarh
2006-09-14,Soyabean,Biaora,600.0,1165.0,1150.0,Madhya Pradesh,Rajgarh
2006-09-14,Soyabean,Biaora,1076.0,1189.0,1076.0,Madhya Pradesh,Rajgarh
2006-09-15,Soyabean,Biaora,1100.0,1200.0,1185.0,Madhya Pradesh,Rajgarh
2006-09-15,Soyabean,Biaora,1152.0,1184.0,1167.0,Madhya Pradesh,Rajgarh
2006-09-16,Soyabean,Biaora,1165.0,1174.0,1170.0,Madhya Pradesh,Rajgarh
2006-09-18,Soyabean,Biaora,1010.0,1202.0,1181.0,Madhya Pradesh,Rajgarh
2006-09-19,Soyabean,Biaora,1072.0,1195.0,1190.0,Madhya Pradesh,Rajgarh
2006-09-19,Soyabean,Biaora,1201.0,1201.0,1201.0,Madhya Pradesh,Rajgarh
2006-09-20,Soyabean,Biaora,1150.0,1206.0,1200.0,Madhya Pradesh,Rajgarh
2006-09-20,Soyabean,Biaora,1041.0,1191.0,1190.0,Madhya Pradesh,Rajgarh
2006-09-22,Soyabean,Biaora,1123.0,1123.0,1123.0,Madhya Pradesh,Rajgarh
2006-09-22,Soyabean,Biaora,1100.0,1185.0,1170.0,Madhya Pradesh,Rajgarh
2006-09-23,Soyabean,Biaora,1193.0,1193.0,1193.0,Madhya Pradesh,Rajgarh
2006-09-24,Soyabean,Biaora,1165.0,1182.0,1180.0,Madhya Pradesh,Rajgarh
2006-09-25,Soyabean,Biaora,1035.0,1182.0,1178.0,Madhya Pradesh,Rajgarh
2006-09-25,Soyabean,Biaora,950.0,1195.0,1195.0,Madhya Pradesh,Rajgarh
2006-09-26,Soyabean,Biaora,1090.0,1181.0,1176.0,Madhya Pradesh,Rajgarh
2006-09-26,Soyabean,Biaora,945.0,1165.0,1159.0,Madhya Pradesh,Rajgarh
2006-09-27,Soyabean,Biaora,1110.0,1160.0,1160.0,Madhya Pradesh,Rajgarh
2006-09-27,Soyabean,Biaora,950.0,1180.0,1166.0,Madhya Pradesh,Rajgarh
2006-09-28,Soyabean,Biaora,1157.0,1165.0,1162.0,Madhya Pradesh,Rajgarh
2006-09-28,Soyabean,Biaora,921.0,1179.0,1150.0,Madhya Pradesh,Rajgarh
2006-09-29,Soyabean,Biaora,1080.0,1168.0,1168.0,Madhya Pradesh,Rajgarh
2006-09-29,Soyabean,Biaora,1055.0,1194.0,1055.0,Madhya Pradesh,Rajgarh
2006-09-30,Soyabean,Biaora,1000.0,1190.0,1190.0,Madhya Pradesh,Rajgarh
2006-09-30,Soyabean,Biaora,1101.0,1166.0,1166.0,Madhya Pradesh,Rajgarh
2006-10-03,Soyabean,Biaora,1050.0,1141.0,1141.0,Madhya Pradesh,Rajgarh
2006-10-03,Soyabean,Biaora,1001.0,1156.0,1074.0,Madhya Pradesh,Rajgarh
2006-10-04,Soyabean,Biaora,900.0,1139.0,1115.0,Madhya Pradesh,Rajgarh
2006-10-04,Soyabean,Biaora,1060.0,1160.0,1150.0,Madhya Pradesh,Rajgarh
2006-10-06,Soyabean,Biaora,1100.0,1150.0,1140.0,Madhya Pradesh,Rajgarh
2006-10-06,Soyabean,Biaora,951.0,1170.0,1141.0,Madhya Pradesh,Rajgarh
2006-10-08,Soyabean,Biaora,1110.0,1150.0,1140.0,Madhya Pradesh,Rajgarh
2006-10-09,Soyabean,Biaora,920.0,1144.0,1100.0,Madhya Pradesh,Rajgarh
2006-10-09,Soyabean,Biaora,932.0,1160.0,1160.0,Madhya Pradesh,Rajgarh
2006-10-10,Soyabean,Biaora,1125.0,1141.0,1135.0,Madhya Pradesh,Rajgarh
2006-10-11,Soyabean,Biaora,1125.0,1152.0,1140.0,Madhya Pradesh,Rajgarh
2006-10-11,Soyabean,Biaora,700.0,1150.0,1131.0,Madhya Pradesh,Rajgarh
2006-10-12,Soyabean,Biaora,1116.0,1155.0,1140.0,Madhya Pradesh,Rajgarh
2006-10-14,Soyabean,Biaora,1140.0,1171.0,1160.0,Madhya Pradesh,Rajgarh
2006-10-15,Soyabean,Biaora,1125.0,1150.0,1140.0,Madhya Pradesh,Rajgarh
2006-10-17,Soyabean,Biaora,1115.0,1124.0,1120.0,Madhya Pradesh,Rajgarh
2006-10-18,Soyabean,Biaora,1115.0,1143.0,1130.0,Madhya Pradesh,Rajgarh
2006-10-19,Soyabean,Biaora,800.0,1188.0,1175.0,Madhya Pradesh,Rajgarh
2006-10-20,Soyabean,Biaora,936.0,1202.0,1121.0,Madhya Pradesh,Rajgarh
2006-10-20,Soyabean,Biaora,1100.0,1170.0,1170.0,Madhya Pradesh,Rajgarh
2006-10-23,Soyabean,Biaora,1120.0,1150.0,1140.0,Madhya Pradesh,Rajgarh
2006-10-23,Soyabean,Biaora,825.0,1180.0,1150.0,Madhya Pradesh,Rajgarh
2006-10-24,Soyabean,Biaora,1100.0,1140.0,1120.0,Madhya Pradesh,Rajgarh
2006-10-24,Soyabean,Biaora,790.0,1185.0,1131.0,Madhya Pradesh,Rajgarh
2006-10-25,Soyabean,Biaora,700.0,1201.0,1150.0,Madhya Pradesh,Rajgarh
2006-10-26,Soyabean,Biaora,753.0,1185.0,1165.0,Madhya Pradesh,Rajgarh
2006-10-27,Soyabean,Biaora,741.0,1166.0,1125.0,Madhya Pradesh,Rajgarh
2006-10-27,Soyabean,Biaora,1095.0,1110.0,1100.0,Madhya Pradesh,Rajgarh
2006-10-28,Soyabean,Biaora,700.0,1221.0,1185.0,Madhya Pradesh,Rajgarh
2006-10-28,Soyabean,Biaora,1110.0,1134.0,1120.0,Madhya Pradesh,Rajgarh
2006-10-28,Soyabean,Biaora,850.0,1185.0,1141.0,Madhya Pradesh,Rajgarh
2006-10-29,Soyabean,Biaora,1095.0,1130.0,1120.0,Madhya Pradesh,Rajgarh
2006-10-30,Soyabean,Biaora,600.0,2551.0,1140.0,Madhya Pradesh,Rajgarh
2006-10-30,Soyabean,Biaora,940.0,1180.0,1160.0,Madhya Pradesh,Rajgarh
2006-10-31,Soyabean,Biaora,1100.0,1151.0,1130.0,Madhya Pradesh,Rajgarh
2006-10-31,Soyabean,Biaora,892.0,1192.0,1170.0,Madhya Pradesh,Rajgarh
2006-11-01,Soyabean,Biaora,990.0,1183.0,1165.0,Madhya Pradesh,Rajgarh
2006-11-01,Soyabean,Biaora,1095.0,1135.0,1120.0,Madhya Pradesh,Rajgarh
2006-11-02,Soyabean,Biaora,600.0,1235.0,1190.0,Madhya Pradesh,Rajgarh
2006-11-02,Soyabean,Biaora,1100.0,1145.0,1130.0,Madhya Pradesh,Rajgarh
2006-11-03,Soyabean,Biaora,1150.0,1202.0,1167.0,Madhya Pradesh,Rajgarh
2006-11-03,Soyabean,Biaora,800.0,1250.0,1210.0,Madhya Pradesh,Rajgarh
2006-11-04,Soyabean,Biaora,1190.0,1218.0,1195.0,Madhya Pradesh,Rajgarh
2006-11-05,Soyabean,Biaora,1192.0,1220.0,1210.0,Madhya Pradesh,Rajgarh
2006-11-06,Soyabean,Biaora,1150.0,1271.0,1240.0,Madhya Pradesh,Rajgarh
2006-11-07,Soyabean,Biaora,1195.0,1230.0,1220.0,Madhya Pradesh,Rajgarh
2006-11-08,Soyabean,Biaora,800.0,1275.0,1241.0,Madhya Pradesh,Rajgarh
2006-11-08,Soyabean,Biaora,1195.0,1230.0,1225.0,Madhya Pradesh,Rajgarh
2006-11-09,Soyabean,Biaora,1280.0,1302.0,1300.0,Madhya Pradesh,Rajgarh
2006-11-09,Soyabean,Biaora,951.0,1976.0,1312.0,Madhya Pradesh,Rajgarh
2006-11-10,Soyabean,Biaora,800.0,1300.0,1285.0,Madhya Pradesh,Rajgarh
2006-11-10,Soyabean,Biaora,1250.0,1289.0,1280.0,Madhya Pradesh,Rajgarh
2006-11-11,Soyabean,Biaora,951.0,1300.0,1290.0,Madhya Pradesh,Rajgarh
2006-11-11,Soyabean,Biaora,1290.0,1336.0,1325.0,Madhya Pradesh,Rajgarh
2006-11-12,Soyabean,Biaora,1290.0,1310.0,1300.0,Madhya Pradesh,Rajgarh
2006-11-13,Soyabean,Biaora,725.0,1336.0,1330.0,Madhya Pradesh,Rajgarh
2006-11-13,Soyabean,Biaora,951.0,1329.0,1315.0,Madhya Pradesh,Rajgarh
2006-11-14,Soyabean,Biaora,1290.0,1305.0,1300.0,Madhya Pradesh,Rajgarh
2006-11-15,Soyabean,Biaora,1300.0,1325.0,1320.0,Madhya Pradesh,Rajgarh
2006-11-15,Soyabean,Biaora,1050.0,1341.0,1327.0,Madhya Pradesh,Rajgarh
2006-11-16,Soyabean,Biaora,1140.0,1331.0,1323.0,Madhya Pradesh,Rajgarh
2006-11-16,Soyabean,Biaora,1300.0,1325.0,1320.0,Madhya Pradesh,Rajgarh
2006-11-17,Soyabean,Biaora,1000.0,1353.0,1318.0,Madhya Pradesh,Rajgarh
2006-11-17,Soyabean,Biaora,1300.0,1325.0,1315.0,Madhya Pradesh,Rajgarh
2006-11-18,Soyabean,Biaora,741.0,1350.0,1330.0,Madhya Pradesh,Rajgarh
2006-11-18,Soyabean,Biaora,1066.0,1335.0,1330.0,Madhya Pradesh,Rajgarh
2006-11-21,Soyabean,Biaora,851.0,1374.0,1360.0,Madhya Pradesh,Rajgarh
2006-11-21,Soyabean,Biaora,1200.0,1362.0,1345.0,Madhya Pradesh,Rajgarh
2006-11-22,Soyabean,Biaora,1350.0,1363.0,1360.0,Madhya Pradesh,Rajgarh
2006-11-23,Soyabean,Biaora,1350.0,1375.0,1360.0,Madhya Pradesh,Rajgarh
2006-11-23,Soyabean,Biaora,1045.0,1352.0,1345.0,Madhya Pradesh,Rajgarh
2006-11-24,Soyabean,Biaora,1011.0,1353.0,1341.0,Madhya Pradesh,Rajgarh
2006-11-24,Soyabean,Biaora,700.0,1358.0,1345.0,Madhya Pradesh,Rajgarh
2006-11-24,Soyabean,Biaora,1360.0,1370.0,1365.0,Madhya Pradesh,Rajgarh
2006-11-25,Soyabean,Biaora,1360.0,1379.0,1375.0,Madhya Pradesh,Rajgarh
2006-11-25,Soyabean,Biaora,1025.0,1333.0,1319.0,Madhya Pradesh,Rajgarh
2006-11-27,Soyabean,Biaora,700.0,1360.0,1345.0,Madhya Pradesh,Rajgarh
2006-11-27,Soyabean,Biaora,950.0,1366.0,1348.0,Madhya Pradesh,Rajgarh
2006-11-28,Soyabean,Biaora,1100.0,1386.0,1379.0,Madhya Pradesh,Rajgarh
2006-11-28,Soyabean,Biaora,701.0,1370.0,1356.0,Madhya Pradesh,Rajgarh
2006-11-29,Soyabean,Biaora,1000.0,1327.0,1320.0,Madhya Pradesh,Rajgarh
2006-11-29,Soyabean,Biaora,600.0,1348.0,1330.0,Madhya Pradesh,Rajgarh
2006-11-30,Soyabean,Biaora,951.0,1327.0,1321.0,Madhya Pradesh,Rajgarh
2006-11-30,Soyabean,Biaora,1156.0,1343.0,1325.0,Madhya Pradesh,Rajgarh
2006-12-01,Soyabean,Biaora,1141.0,1371.0,1345.0,Madhya Pradesh,Rajgarh
2006-12-01,Soyabean,Biaora,1236.0,1341.0,1332.0,Madhya Pradesh,Rajgarh
2006-12-02,Soyabean,Biaora,1181.0,1328.0,1315.0,Madhya Pradesh,Rajgarh
2006-12-02,Soyabean,Biaora,991.0,1355.0,1307.0,Madhya Pradesh,Rajgarh
2006-12-04,Soyabean,Biaora,600.0,1283.0,1275.0,Madhya Pradesh,Rajgarh
2006-12-04,Soyabean,Biaora,1200.0,1314.0,1305.0,Madhya Pradesh,Rajgarh
2006-12-05,Soyabean,Biaora,1182.0,1282.0,1268.0,Madhya Pradesh,Rajgarh
2006-12-05,Soyabean,Biaora,1000.0,1266.0,1250.0,Madhya Pradesh,Rajgarh
2006-12-06,Soyabean,Biaora,700.0,1301.0,1290.0,Madhya Pradesh,Rajgarh
2006-12-06,Soyabean,Biaora,700.0,1313.0,1298.0,Madhya Pradesh,Rajgarh
2006-12-07,Soyabean,Biaora,800.0,1306.0,1303.0,Madhya Pradesh,Rajgarh
2006-12-07,Soyabean,Biaora,1105.0,1320.0,1298.0,Madhya Pradesh,Rajgarh
2006-12-08,Soyabean,Biaora,1071.0,1322.0,1316.0,Madhya Pradesh,Rajgarh
2006-12-08,Soyabean,Biaora,926.0,1330.0,1320.0,Madhya Pradesh,Rajgarh
2006-12-08,Soyabean,Biaora,950.0,1340.0,1308.0,Madhya Pradesh,Rajgarh
2006-12-09,Soyabean,Biaora,1224.0,1335.0,1307.0,Madhya Pradesh,Rajgarh
2006-12-09,Soyabean,Biaora,600.0,1332.0,1327.0,Madhya Pradesh,Rajgarh
2006-12-09,Soyabean,Biaora,1095.0,1325.0,1300.0,Madhya Pradesh,Rajgarh
2006-12-11,Soyabean,Biaora,601.0,1337.0,1326.0,Madhya Pradesh,Rajgarh
2006-12-11,Soyabean,Biaora,866.0,1345.0,1330.0,Madhya Pradesh,Rajgarh
2006-12-12,Soyabean,Biaora,851.0,1324.0,1319.0,Madhya Pradesh,Rajgarh
2006-12-12,Soyabean,Biaora,1049.0,1319.0,1295.0,Madhya Pradesh,Rajgarh
2006-12-13,Soyabean,Biaora,700.0,1328.0,1320.0,Madhya Pradesh,Rajgarh
2006-12-13,Soyabean,Biaora,800.0,1310.0,1300.0,Madhya Pradesh,Rajgarh
2006-12-14,Soyabean,Biaora,800.0,1317.0,1309.0,Madhya Pradesh,Rajgarh
2006-12-14,Soyabean,Biaora,1030.0,1317.0,1300.0,Madhya Pradesh,Rajgarh
2006-12-15,Soyabean,Biaora,500.0,1320.0,1300.0,Madhya Pradesh,Rajgarh
2006-12-16,Soyabean,Biaora,600.0,1301.0,1280.0,Madhya Pradesh,Rajgarh
2006-12-16,Soyabean,Biaora,850.0,1281.0,1265.0,Madhya Pradesh,Rajgarh
2006-12-18,Soyabean,Biaora,1290.0,1299.0,1295.0,Madhya Pradesh,Rajgarh
2006-12-18,Soyabean,Biaora,1076.0,1292.0,1280.0,Madhya Pradesh,Rajgarh
2006-12-19,Soyabean,Biaora,801.0,1360.0,1255.0,Madhya Pradesh,Rajgarh
2006-12-19,Soyabean,Biaora,1125.0,1365.0,1266.0,Madhya Pradesh,Rajgarh
2006-12-20,Soyabean,Biaora,1100.0,1318.0,1307.0,Madhya Pradesh,Rajgarh
2006-12-20,Soyabean,Biaora,800.0,1294.0,1293.0,Madhya Pradesh,Rajgarh
2006-12-21,Soyabean,Biaora,1315.0,1331.0,1325.0,Madhya Pradesh,Rajgarh
2006-12-21,Soyabean,Biaora,1171.0,1298.0,1288.0,Madhya Pradesh,Rajgarh
2006-12-21,Soyabean,Biaora,1025.0,1295.0,1281.0,Madhya Pradesh,Rajgarh
2006-12-22,Soyabean,Biaora,1000.0,1328.0,1310.0,Madhya Pradesh,Rajgarh
2006-12-22,Soyabean,Biaora,1325.0,1353.0,1350.0,Madhya Pradesh,Rajgarh
2006-12-23,Soyabean,Biaora,701.0,1356.0,1345.0,Madhya Pradesh,Rajgarh
2006-12-23,Soyabean,Biaora,1320.0,1350.0,1340.0,Madhya Pradesh,Rajgarh
2006-12-24,Soyabean,Biaora,1335.0,1352.0,1345.0,Madhya Pradesh,Rajgarh
2006-12-26,Soyabean,Biaora,1220.0,1357.0,1346.0,Madhya Pradesh,Rajgarh
2006-12-26,Soyabean,Biaora,1345.0,1365.0,1360.0,Madhya Pradesh,Rajgarh
2006-12-26,Soyabean,Biaora,1050.0,1350.0,1347.0,Madhya Pradesh,Rajgarh
2006-12-27,Soyabean,Biaora,1036.0,1334.0,1322.0,Madhya Pradesh,Rajgarh
2006-12-27,Soyabean,Biaora,1335.0,1355.0,1350.0,Madhya Pradesh,Rajgarh
2006-12-28,Soyabean,Biaora,1050.0,1335.0,1320.0,Madhya Pradesh,Rajgarh
2006-12-28,Soyabean,Biaora,1340.0,1365.0,1360.0,Madhya Pradesh,Rajgarh
2006-12-29,Soyabean,Biaora,1345.0,1363.0,1355.0,Madhya Pradesh,Rajgarh
2006-12-30,Soyabean,Biaora,1345.0,1365.0,1360.0,Madhya Pradesh,Rajgarh
2006-12-30,Soyabean,Biaora,1119.0,1337.0,1320.0,Madhya Pradesh,Rajgarh
2007-01-02,Soyabean,Biaora,1340.0,1356.0,1350.0,Madhya Pradesh,Rajgarh
2007-01-02,Soyabean,Biaora,850.0,1358.0,1345.0,Madhya Pradesh,Rajgarh
2007-01-03,Soyabean,Biaora,841.0,1343.0,1200.0,Madhya Pradesh,Rajgarh
2007-01-04,Soyabean,Biaora,600.0,1322.0,1312.0,Madhya Pradesh,Rajgarh
2007-01-04,Soyabean,Biaora,1101.0,1335.0,1328.0,Madhya Pradesh,Rajgarh
2007-01-05,Soyabean,Biaora,780.0,1327.0,1320.0,Madhya Pradesh,Rajgarh
2007-01-05,Soyabean,Biaora,901.0,1341.0,1336.0,Madhya Pradesh,Rajgarh
2007-01-06,Soyabean,Biaora,801.0,1354.0,1340.0,Madhya Pradesh,Rajgarh
2007-01-06,Soyabean,Biaora,1325.0,1348.0,1330.0,Madhya Pradesh,Rajgarh
2007-01-07,Soyabean,Biaora,1325.0,1351.0,1340.0,Madhya Pradesh,Rajgarh
2007-01-08,Soyabean,Biaora,960.0,1327.0,1327.0,Madhya Pradesh,Rajgarh
2007-01-08,Soyabean,Biaora,1274.0,1316.0,1308.0,Madhya Pradesh,Rajgarh
2007-01-09,Soyabean,Biaora,601.0,1340.0,1329.0,Madhya Pradesh,Rajgarh
2007-01-09,Soyabean,Biaora,1230.0,1375.0,1319.0,Madhya Pradesh,Rajgarh
2007-01-10,Soyabean,Biaora,801.0,1343.0,1336.0,Madhya Pradesh,Rajgarh
2007-01-10,Soyabean,Biaora,1219.0,1321.0,1250.0,Madhya Pradesh,Rajgarh
2007-01-11,Soyabean,Biaora,800.0,1332.0,1323.0,Madhya Pradesh,Rajgarh
2007-01-11,Soyabean,Biaora,1320.0,1326.0,1325.0,Madhya Pradesh,Rajgarh
2007-01-13,Soyabean,Biaora,975.0,1350.0,1300.0,Madhya Pradesh,Rajgarh
2007-01-13,Soyabean,Biaora,601.0,1359.0,1353.0,Madhya Pradesh,Rajgarh
2007-01-15,Soyabean,Biaora,1300.0,1305.0,1300.0,Madhya Pradesh,Rajgarh
2007-01-15,Soyabean,Biaora,900.0,1368.0,1358.0,Madhya Pradesh,Rajgarh
2007-01-16,Soyabean,Biaora,1185.0,1367.0,1365.0,Madhya Pradesh,Rajgarh
2007-01-16,Soyabean,Biaora,701.0,1372.0,1365.0,Madhya Pradesh,Rajgarh
2007-01-17,Soyabean,Biaora,1380.0,1397.0,1385.0,Madhya Pradesh,Rajgarh
2007-01-17,Soyabean,Biaora,1286.0,1374.0,1360.0,Madhya Pradesh,Rajgarh
2007-01-18,Soyabean,Biaora,1410.0,1418.0,1415.0,Madhya Pradesh,Rajgarh
2007-01-19,Soyabean,Biaora,1261.0,1380.0,1370.0,Madhya Pradesh,Rajgarh
2007-01-19,Soyabean,Biaora,1305.0,1382.0,1364.0,Madhya Pradesh,Rajgarh
2007-01-20,Soyabean,Biaora,1380.0,1399.0,1390.0,Madhya Pradesh,Rajgarh
2007-01-20,Soyabean,Biaora,1277.0,1393.0,1387.0,Madhya Pradesh,Rajgarh
2007-01-21,Soyabean,Biaora,1360.0,1390.0,1380.0,Madhya Pradesh,Rajgarh
2007-01-22,Soyabean,Biaora,500.0,1366.0,1360.0,Madhya Pradesh,Rajgarh
2007-01-22,Soyabean,Biaora,1075.0,1386.0,1378.0,Madhya Pradesh,Rajgarh
2007-01-23,Soyabean,Biaora,1001.0,1380.0,1360.0,Madhya Pradesh,Rajgarh
2007-01-23,Soyabean,Biaora,802.0,1373.0,1360.0,Madhya Pradesh,Rajgarh
2007-01-24,Soyabean,Biaora,1192.0,1363.0,1357.0,Madhya Pradesh,Rajgarh
2007-01-24,Soyabean,Biaora,1370.0,1392.0,1380.0,Madhya Pradesh,Rajgarh
2007-01-25,Soyabean,Biaora,1370.0,1380.0,1375.0,Madhya Pradesh,Rajgarh
2007-01-25,Soyabean,Biaora,1001.0,1366.0,1359.0,Madhya Pradesh,Rajgarh
2007-01-27,Soyabean,Biaora,901.0,1374.0,1365.0,Madhya Pradesh,Rajgarh
2007-01-27,Soyabean,Biaora,1370.0,1382.0,1380.0,Madhya Pradesh,Rajgarh
2007-01-28,Soyabean,Biaora,1369.0,1380.0,1375.0,Madhya Pradesh,Rajgarh
2007-01-29,Soyabean,Biaora,1180.0,1363.0,1356.0,Madhya Pradesh,Rajgarh
2007-01-29,Soyabean,Biaora,1231.0,1360.0,1357.0,Madhya Pradesh,Rajgarh
2007-01-31,Soyabean,Biaora,1051.0,1362.0,1356.0,Madhya Pradesh,Rajgarh
2007-01-31,Soyabean,Biaora,1352.0,1380.0,1376.0,Madhya Pradesh,Rajgarh
2007-02-01,Soyabean,Biaora,1275.0,1363.0,1356.0,Madhya Pradesh,Rajgarh
2007-02-01,Soyabean,Biaora,1150.0,1361.0,1358.0,Madhya Pradesh,Rajgarh
2007-02-02,Soyabean,Biaora,1215.0,1365.0,1363.0,Madhya Pradesh,Rajgarh
2007-02-03,Soyabean,Biaora,1037.0,1391.0,1375.0,Madhya Pradesh,Rajgarh
2007-02-03,Soyabean,Biaora,800.0,1376.0,1365.0,Madhya Pradesh,Rajgarh
2007-02-05,Soyabean,Biaora,1000.0,1391.0,1381.0,Madhya Pradesh,Rajgarh
2007-02-05,Soyabean,Biaora,1000.0,1372.0,1365.0,Madhya Pradesh,Rajgarh
2007-02-06,Soyabean,Biaora,1271.0,1358.0,1350.0,Madhya Pradesh,Rajgarh
2007-02-06,Soyabean,Biaora,950.0,1370.0,1368.0,Madhya Pradesh,Rajgarh
2007-02-07,Soyabean,Biaora,700.0,1345.0,1340.0,Madhya Pradesh,Rajgarh
2007-02-07,Soyabean,Biaora,880.0,1368.0,1340.0,Madhya Pradesh,Rajgarh
2007-02-08,Soyabean,Biaora,901.0,1350.0,1345.0,Madhya Pradesh,Rajgarh
2007-02-08,Soyabean,Biaora,1050.0,1390.0,1359.0,Madhya Pradesh,Rajgarh
2007-02-09,Soyabean,Biaora,1184.0,1315.0,1315.0,Madhya Pradesh,Rajgarh
2007-02-09,Soyabean,Biaora,911.0,1342.0,1337.0,Madhya Pradesh,Rajgarh
2007-02-10,Soyabean,Biaora,1001.0,1345.0,1337.0,Madhya Pradesh,Rajgarh
2007-02-10,Soyabean,Biaora,1200.0,1345.0,1324.0,Madhya Pradesh,Rajgarh
2007-02-11,Soyabean,Biaora,1358.0,1365.0,1360.0,Madhya Pradesh,Rajgarh
2007-02-12,Soyabean,Biaora,700.0,1350.0,1320.0,Madhya Pradesh,Rajgarh
2007-02-12,Soyabean,Biaora,1151.0,1330.0,1295.0,Madhya Pradesh,Rajgarh
2007-02-13,Soyabean,Biaora,876.0,1337.0,1320.0,Madhya Pradesh,Rajgarh
2007-02-14,Soyabean,Biaora,1355.0,1368.0,1360.0,Madhya Pradesh,Rajgarh
2007-02-15,Soyabean,Biaora,1101.0,1358.0,1351.0,Madhya Pradesh,Rajgarh
2007-02-15,Soyabean,Biaora,800.0,1360.0,1353.0,Madhya Pradesh,Rajgarh
2007-02-17,Soyabean,Biaora,1050.0,1395.0,1380.0,Madhya Pradesh,Rajgarh
2007-02-17,Soyabean,Biaora,1200.0,1384.0,1369.0,Madhya Pradesh,Rajgarh
2007-02-19,Soyabean,Biaora,889.0,1358.0,1335.0,Madhya Pradesh,Rajgarh
2007-02-19,Soyabean,Biaora,1100.0,1371.0,1371.0,Madhya Pradesh,Rajgarh
2007-02-20,Soyabean,Biaora,1380.0,1399.0,1385.0,Madhya Pradesh,Rajgarh
2007-02-22,Soyabean,Biaora,1050.0,1371.0,1361.0,Madhya Pradesh,Rajgarh
2007-02-22,Soyabean,Biaora,1400.0,1410.0,1405.0,Madhya Pradesh,Rajgarh
2007-02-23,Soyabean,Biaora,845.0,1365.0,1349.0,Madhya Pradesh,Rajgarh
2007-02-23,Soyabean,Biaora,1397.0,1406.0,1400.0,Madhya Pradesh,Rajgarh
2007-02-24,Soyabean,Biaora,775.0,1359.0,1353.0,Madhya Pradesh,Rajgarh
2007-02-24,Soyabean,Biaora,1375.0,1385.0,1380.0,Madhya Pradesh,Rajgarh
2007-02-25,Soyabean,Biaora,1372.0,1385.0,1380.0,Madhya Pradesh,Rajgarh
2007-02-26,Soyabean,Biaora,1101.0,1373.0,1365.0,Madhya Pradesh,Rajgarh
2007-02-27,Soyabean,Biaora,1210.0,1379.0,1371.0,Madhya Pradesh,Rajgarh
2007-02-27,Soyabean,Biaora,1380.0,1399.0,1395.0,Madhya Pradesh,Rajgarh
2007-02-28,Soyabean,Biaora,1372.0,1385.0,1380.0,Madhya Pradesh,Rajgarh
2007-02-28,Soyabean,Biaora,1201.0,1480.0,1405.0,Madhya Pradesh,Rajgarh
2007-03-01,Soyabean,Biaora,1370.0,1385.0,1380.0,Madhya Pradesh,Rajgarh
2007-03-01,Soyabean,Biaora,1100.0,2771.0,1405.0,Madhya Pradesh,Rajgarh
2007-03-02,Soyabean,Biaora,1040.0,1413.0,1405.0,Madhya Pradesh,Rajgarh
2007-03-02,Soyabean,Biaora,1370.0,1385.0,1380.0,Madhya Pradesh,Rajgarh
2007-03-03,Soyabean,Biaora,800.0,1358.0,1358.0,Madhya Pradesh,Rajgarh
2007-03-03,Soyabean,Biaora,1340.0,1365.0,1350.0,Madhya Pradesh,Rajgarh
2007-03-05,Soyabean,Biaora,1320.0,1359.0,1357.0,Madhya Pradesh,Rajgarh
2007-03-05,Soyabean,Biaora,1001.0,1370.0,1370.0,Madhya Pradesh,Rajgarh
2007-03-06,Soyabean,Biaora,1025.0,1374.0,1221.0,Madhya Pradesh,Rajgarh
2007-03-06,Soyabean,Biaora,1370.0,1385.0,1380.0,Madhya Pradesh,Rajgarh
2007-03-07,Soyabean,Biaora,1370.0,1396.0,1390.0,Madhya Pradesh,Rajgarh
2007-03-07,Soyabean,Biaora,990.0,1364.0,1357.0,Madhya Pradesh,Rajgarh
2007-03-08,Soyabean,Biaora,1111.0,1385.0,1200.0,Madhya Pradesh,Rajgarh
2007-03-08,Soyabean,Biaora,1380.0,1385.0,1382.0,Madhya Pradesh,Rajgarh
2007-03-10,Soyabean,Biaora,1001.0,1425.0,1420.0,Madhya Pradesh,Rajgarh
2007-03-10,Soyabean,Biaora,1390.0,1407.0,1400.0,Madhya Pradesh,Rajgarh
2007-03-11,Soyabean,Biaora,1395.0,1414.0,1400.0,Madhya Pradesh,Rajgarh
2007-03-12,Soyabean,Biaora,1111.0,1406.0,1390.0,Madhya Pradesh,Rajgarh
2007-03-12,Soyabean,Biaora,500.0,1402.0,1400.0,Madhya Pradesh,Rajgarh
2007-03-13,Soyabean,Biaora,1410.0,1435.0,1420.0,Madhya Pradesh,Rajgarh
2007-03-13,Soyabean,Biaora,1091.0,1417.0,1400.0,Madhya Pradesh,Rajgarh
2007-03-14,Soyabean,Biaora,1050.0,1418.0,1370.0,Madhya Pradesh,Rajgarh
2007-03-14,Soyabean,Biaora,1410.0,1445.0,1430.0,Madhya Pradesh,Rajgarh
2007-03-15,Soyabean,Biaora,1051.0,1441.0,1435.0,Madhya Pradesh,Rajgarh
2007-03-15,Soyabean,Biaora,1415.0,1445.0,1430.0,Madhya Pradesh,Rajgarh
2007-03-16,Soyabean,Biaora,1171.0,1451.0,1444.0,Madhya Pradesh,Rajgarh
2007-03-16,Soyabean,Biaora,976.0,1437.0,1431.0,Madhya Pradesh,Rajgarh
2007-03-17,Soyabean,Biaora,1455.0,1485.0,1480.0,Madhya Pradesh,Rajgarh
2007-03-17,Soyabean,Biaora,600.0,1489.0,1476.0,Madhya Pradesh,Rajgarh
2007-03-18,Soyabean,Biaora,1445.0,1475.0,1470.0,Madhya Pradesh,Rajgarh
2007-03-19,Soyabean,Biaora,1050.0,1455.0,1400.0,Madhya Pradesh,Rajgarh
2007-03-19,Soyabean,Biaora,1226.0,1434.0,1434.0,Madhya Pradesh,Rajgarh
2007-03-20,Soyabean,Biaora,1393.0,1480.0,1476.0,Madhya Pradesh,Rajgarh
2007-03-20,Soyabean,Biaora,1430.0,1472.0,1450.0,Madhya Pradesh,Rajgarh
2007-03-21,Soyabean,Biaora,900.0,1507.0,1490.0,Madhya Pradesh,Rajgarh
2007-03-21,Soyabean,Biaora,1470.0,1485.0,1475.0,Madhya Pradesh,Rajgarh
2007-03-22,Soyabean,Biaora,1471.0,1494.0,1490.0,Madhya Pradesh,Rajgarh
2007-03-22,Soyabean,Biaora,1370.0,1500.0,1450.0,Madhya Pradesh,Rajgarh
2007-03-23,Soyabean,Biaora,1370.0,1520.0,1485.0,Madhya Pradesh,Rajgarh
2007-03-23,Soyabean,Biaora,1490.0,1516.0,1500.0,Madhya Pradesh,Rajgarh
2007-03-24,Soyabean,Biaora,1376.0,1553.0,1545.0,Madhya Pradesh,Rajgarh
2007-03-24,Soyabean,Biaora,1460.0,1519.0,1519.0,Madhya Pradesh,Rajgarh
2007-03-25,Soyabean,Biaora,1500.0,1520.0,1510.0,Madhya Pradesh,Rajgarh
2007-03-26,Soyabean,Biaora,800.0,1492.0,1441.0,Madhya Pradesh,Rajgarh
2007-03-26,Soyabean,Biaora,1440.0,1520.0,1500.0,Madhya Pradesh,Rajgarh
2007-03-28,Soyabean,Biaora,1372.0,1501.0,1501.0,Madhya Pradesh,Rajgarh
2007-03-28,Soyabean,Biaora,1510.0,1535.0,1530.0,Madhya Pradesh,Rajgarh
2007-03-29,Soyabean,Biaora,1371.0,1523.0,1521.0,Madhya Pradesh,Rajgarh
2007-03-29,Soyabean,Biaora,1500.0,1532.0,1520.0,Madhya Pradesh,Rajgarh
2007-03-30,Soyabean,Biaora,1300.0,1582.0,1551.0,Madhya Pradesh,Rajgarh
2007-03-30,Soyabean,Biaora,1021.0,1525.0,1021.0,Madhya Pradesh,Rajgarh
2007-04-02,Soyabean,Biaora,1452.0,1551.0,1541.0,Madhya Pradesh,Rajgarh
2007-04-02,Soyabean,Biaora,1401.0,1520.0,1520.0,Madhya Pradesh,Rajgarh
2007-04-03,Soyabean,Biaora,1470.0,1556.0,1510.0,Madhya Pradesh,Rajgarh
2007-04-03,Soyabean,Biaora,1505.0,1537.0,1520.0,Madhya Pradesh,Rajgarh
2007-04-04,Soyabean,Biaora,1200.0,1587.0,1515.0,Madhya Pradesh,Rajgarh
2007-04-04,Soyabean,Biaora,1510.0,1535.0,1520.0,Madhya Pradesh,Rajgarh
2007-04-05,Soyabean,Biaora,1390.0,1520.0,1500.0,Madhya Pradesh,Rajgarh
2007-04-05,Soyabean,Biaora,1242.0,1555.0,1540.0,Madhya Pradesh,Rajgarh
2007-04-06,Soyabean,Biaora,1490.0,1515.0,1500.0,Madhya Pradesh,Rajgarh
2007-04-07,Soyabean,Biaora,701.0,1498.0,1491.0,Madhya Pradesh,Rajgarh
2007-04-07,Soyabean,Biaora,1312.0,1530.0,1520.0,Madhya Pradesh,Rajgarh
2007-04-09,Soyabean,Biaora,1161.0,1480.0,1475.0,Madhya Pradesh,Rajgarh
2007-04-09,Soyabean,Biaora,1181.0,1580.0,1580.0,Madhya Pradesh,Rajgarh
2007-04-10,Soyabean,Biaora,1102.0,1481.0,1441.0,Madhya Pradesh,Rajgarh
2007-04-10,Soyabean,Biaora,1220.0,1513.0,1500.0,Madhya Pradesh,Rajgarh
2007-04-11,Soyabean,Biaora,1050.0,1475.0,1460.0,Madhya Pradesh,Rajgarh
2007-04-12,Soyabean,Biaora,1201.0,1471.0,1471.0,Madhya Pradesh,Rajgarh
2007-04-12,Soyabean,Biaora,901.0,1571.0,1535.0,Madhya Pradesh,Rajgarh
2007-04-13,Soyabean,Biaora,1200.0,1471.0,1400.0,Madhya Pradesh,Rajgarh
2007-04-13,Soyabean,Biaora,1100.0,1528.0,1500.0,Madhya Pradesh,Rajgarh
2007-04-14,Soyabean,Biaora,1480.0,1504.0,1500.0,Madhya Pradesh,Rajgarh
2007-04-16,Soyabean,Biaora,1085.0,1520.0,1520.0,Madhya Pradesh,Rajgarh
2007-04-16,Soyabean,Biaora,1331.0,1501.0,1481.0,Madhya Pradesh,Rajgarh
2007-04-17,Soyabean,Biaora,1100.0,1497.0,1487.0,Madhya Pradesh,Rajgarh
2007-04-17,Soyabean,Biaora,1426.0,1450.0,1450.0,Madhya Pradesh,Rajgarh
2007-04-18,Soyabean,Biaora,1261.0,1501.0,1480.0,Madhya Pradesh,Rajgarh
2007-04-18,Soyabean,Biaora,1470.0,1480.0,1475.0,Madhya Pradesh,Rajgarh
2007-04-19,Soyabean,Biaora,1483.0,1490.0,1485.0,Madhya Pradesh,Rajgarh
2007-04-19,Soyabean,Biaora,1350.0,1483.0,1465.0,Madhya Pradesh,Rajgarh
2007-04-20,Soyabean,Biaora,1461.0,1511.0,1461.0,Madhya Pradesh,Rajgarh
2007-04-20,Soyabean,Biaora,1326.0,1450.0,1450.0,Madhya Pradesh,Rajgarh
2007-04-21,Soyabean,Biaora,1400.0,1479.0,1471.0,Madhya Pradesh,Rajgarh
2007-04-21,Soyabean,Biaora,1480.0,1487.0,1485.0,Madhya Pradesh,Rajgarh
2007-04-22,Soyabean,Biaora,1485.0,1510.0,1500.0,Madhya Pradesh,Rajgarh
2007-04-23,Soyabean,Biaora,1226.0,1475.0,1441.0,Madhya Pradesh,Rajgarh
2007-04-23,Soyabean,Biaora,1350.0,1518.0,1461.0,Madhya Pradesh,Rajgarh
2007-04-24,Soyabean,Biaora,1050.0,1451.0,1440.0,Madhya Pradesh,Rajgarh
2007-04-24,Soyabean,Biaora,1448.0,1521.0,1518.0,Madhya Pradesh,Rajgarh
2007-04-25,Soyabean,Biaora,1199.0,1444.0,1444.0,Madhya Pradesh,Rajgarh
2007-04-25,Soyabean,Biaora,1276.0,1510.0,1497.0,Madhya Pradesh,Rajgarh
2007-04-26,Soyabean,Biaora,1480.0,1490.0,1485.0,Madhya Pradesh,Rajgarh
2007-04-26,Soyabean,Biaora,1430.0,1517.0,1516.0,Madhya Pradesh,Rajgarh
2007-04-27,Soyabean,Biaora,1415.0,1490.0,1460.0,Madhya Pradesh,Rajgarh
2007-04-27,Soyabean,Biaora,1478.0,1478.0,1478.0,Madhya Pradesh,Rajgarh
2007-04-28,Soyabean,Biaora,1100.0,1500.0,1401.0,Madhya Pradesh,Rajgarh
2007-04-28,Soyabean,Biaora,1448.0,1512.0,1512.0,Madhya Pradesh,Rajgarh
2007-04-30,Soyabean,Biaora,1250.0,1451.0,1441.0,Madhya Pradesh,Rajgarh
2007-04-30,Soyabean,Biaora,1400.0,1522.0,1517.0,Madhya Pradesh,Rajgarh
2007-05-01,Soyabean,Biaora,1441.0,1494.0,1494.0,Madhya Pradesh,Rajgarh
2007-05-01,Soyabean,Biaora,1461.0,1518.0,1515.0,Madhya Pradesh,Rajgarh
2007-05-03,Soyabean,Biaora,1387.0,1499.0,1480.0,Madhya Pradesh,Rajgarh
2007-05-03,Soyabean,Biaora,1101.0,1483.0,1468.0,Madhya Pradesh,Rajgarh
2007-05-05,Soyabean,Biaora,1448.0,1518.0,1513.0,Madhya Pradesh,Rajgarh
2007-05-05,Soyabean,Biaora,1225.0,1460.0,1460.0,Madhya Pradesh,Rajgarh
2007-05-07,Soyabean,Biaora,1400.0,1519.0,1517.0,Madhya Pradesh,Rajgarh
2007-05-07,Soyabean,Biaora,1200.0,1465.0,1450.0,Madhya Pradesh,Rajgarh
2007-05-08,Soyabean,Biaora,1380.0,1480.0,1480.0,Madhya Pradesh,Rajgarh
2007-05-08,Soyabean,Biaora,1100.0,1466.0,1466.0,Madhya Pradesh,Rajgarh
2007-05-09,Soyabean,Biaora,1200.0,1450.0,1441.0,Madhya Pradesh,Rajgarh
2007-05-09,Soyabean,Biaora,1350.0,1453.0,1453.0,Madhya Pradesh,Rajgarh
2007-05-10,Soyabean,Biaora,1336.0,1458.0,1450.0,Madhya Pradesh,Rajgarh
2007-05-10,Soyabean,Biaora,1001.0,1426.0,1400.0,Madhya Pradesh,Rajgarh
2007-05-11,Soyabean,Biaora,1300.0,1479.0,1473.0,Madhya Pradesh,Rajgarh
2007-05-11,Soyabean,Biaora,801.0,1440.0,1440.0,Madhya Pradesh,Rajgarh
2007-05-12,Soyabean,Biaora,1410.0,1475.0,1430.0,Madhya Pradesh,Rajgarh
2007-05-12,Soyabean,Biaora,1457.0,1476.0,1476.0,Madhya Pradesh,Rajgarh
2007-05-14,Soyabean,Biaora,1291.0,1521.0,1521.0,Madhya Pradesh,Rajgarh
2007-05-14,Soyabean,Biaora,1191.0,1400.0,1400.0,Madhya Pradesh,Rajgarh
2007-05-15,Soyabean,Biaora,1375.0,1501.0,1501.0,Madhya Pradesh,Rajgarh
2007-05-15,Soyabean,Biaora,1440.0,1470.0,1440.0,Madhya Pradesh,Rajgarh
2007-05-16,Soyabean,Biaora,1365.0,1492.0,1475.0,Madhya Pradesh,Rajgarh
2007-05-16,Soyabean,Biaora,1479.0,1479.0,1479.0,Madhya Pradesh,Rajgarh
2007-05-17,Soyabean,Biaora,1439.0,1485.0,1479.0,Madhya Pradesh,Rajgarh
2007-05-17,Soyabean,Biaora,1251.0,2023.0,1442.0,Madhya Pradesh,Rajgarh
2007-05-18,Soyabean,Biaora,1460.0,1477.0,1470.0,Madhya Pradesh,Rajgarh
2007-05-19,Soyabean,Biaora,1460.0,1471.0,1465.0,Madhya Pradesh,Rajgarh
2007-05-19,Soyabean,Biaora,1281.0,1496.0,1478.0,Madhya Pradesh,Rajgarh
2007-05-21,Soyabean,Biaora,1100.0,1445.0,1444.0,Madhya Pradesh,Rajgarh
2007-05-21,Soyabean,Biaora,1200.0,1455.0,1450.0,Madhya Pradesh,Rajgarh
2007-05-22,Soyabean,Biaora,1450.0,1461.0,1455.0,Madhya Pradesh,Rajgarh
2007-05-22,Soyabean,Biaora,1350.0,1505.0,1476.0,Madhya Pradesh,Rajgarh
2007-05-23,Soyabean,Biaora,1457.0,1465.0,1460.0,Madhya Pradesh,Rajgarh
2007-05-23,Soyabean,Biaora,1390.0,1460.0,1460.0,Madhya Pradesh,Rajgarh
2007-05-24,Soyabean,Biaora,1000.0,1447.0,1100.0,Madhya Pradesh,Rajgarh
2007-05-24,Soyabean,Biaora,1435.0,1455.0,1455.0,Madhya Pradesh,Rajgarh
2007-05-25,Soyabean,Biaora,1445.0,1451.0,1451.0,Madhya Pradesh,Rajgarh
2007-05-25,Soyabean,Biaora,1250.0,1500.0,1495.0,Madhya Pradesh,Rajgarh
2007-05-26,Soyabean,Biaora,1280.0,1441.0,1425.0,Madhya Pradesh,Rajgarh
2007-05-26,Soyabean,Biaora,1200.0,1449.0,1448.0,Madhya Pradesh,Rajgarh
2007-05-27,Soyabean,Biaora,1450.0,1465.0,1460.0,Madhya Pradesh,Rajgarh
2007-05-29,Soyabean,Biaora,1440.0,1465.0,1450.0,Madhya Pradesh,Rajgarh
2007-05-30,Soyabean,Biaora,1400.0,1468.0,1450.0,Madhya Pradesh,Rajgarh
2007-06-01,Soyabean,Biaora,1470.0,1490.0,1480.0,Madhya Pradesh,Rajgarh
2007-06-01,Soyabean,Biaora,701.0,1470.0,1460.0,Madhya Pradesh,Rajgarh
2007-06-02,Soyabean,Biaora,1100.0,1505.0,1489.0,Madhya Pradesh,Rajgarh
2007-06-02,Soyabean,Biaora,1474.0,1476.0,1475.0,Madhya Pradesh,Rajgarh
2007-06-03,Soyabean,Biaora,1465.0,1478.0,1470.0,Madhya Pradesh,Rajgarh
2007-06-05,Soyabean,Biaora,1000.0,1462.0,1462.0,Madhya Pradesh,Rajgarh
2007-06-05,Soyabean,Biaora,1376.0,1455.0,1455.0,Madhya Pradesh,Rajgarh
2007-06-07,Soyabean,Biaora,1470.0,1473.0,1471.0,Madhya Pradesh,Rajgarh
2007-06-08,Soyabean,Biaora,1420.0,1468.0,1465.0,Madhya Pradesh,Rajgarh
2007-06-08,Soyabean,Biaora,1200.0,1471.0,1466.0,Madhya Pradesh,Rajgarh
2007-06-09,Soyabean,Biaora,1351.0,1498.0,1490.0,Madhya Pradesh,Rajgarh
2007-06-09,Soyabean,Biaora,1450.0,1462.0,1460.0,Madhya Pradesh,Rajgarh
2007-06-10,Soyabean,Biaora,1445.0,1465.0,1460.0,Madhya Pradesh,Rajgarh
2007-06-11,Soyabean,Biaora,1000.0,1508.0,1495.0,Madhya Pradesh,Rajgarh
2007-06-11,Soyabean,Biaora,1100.0,1651.0,1460.0,Madhya Pradesh,Rajgarh
2007-06-12,Soyabean,Biaora,1460.0,1475.0,1470.0,Madhya Pradesh,Rajgarh
2007-06-13,Soyabean,Biaora,1100.0,1469.0,1469.0,Madhya Pradesh,Rajgarh
2007-06-13,Soyabean,Biaora,1100.0,1490.0,1485.0,Madhya Pradesh,Rajgarh
2007-06-14,Soyabean,Biaora,1425.0,1436.0,1436.0,Madhya Pradesh,Rajgarh
2007-06-14,Soyabean,Biaora,1456.0,1456.0,1456.0,Madhya Pradesh,Rajgarh
2007-06-15,Soyabean,Biaora,1194.0,1480.0,1441.0,Madhya Pradesh,Rajgarh
2007-06-15,Soyabean,Biaora,1200.0,1495.0,1455.0,Madhya Pradesh,Rajgarh
2007-06-16,Soyabean,Biaora,1101.0,1480.0,1460.0,Madhya Pradesh,Rajgarh
2007-06-18,Soyabean,Biaora,1050.0,1484.0,1484.0,Madhya Pradesh,Rajgarh
2007-06-18,Soyabean,Biaora,1180.0,1500.0,1491.0,Madhya Pradesh,Rajgarh
2007-06-19,Soyabean,Biaora,1351.0,1512.0,1512.0,Madhya Pradesh,Rajgarh
2007-06-19,Soyabean,Biaora,1291.0,1488.0,1470.0,Madhya Pradesh,Rajgarh
2007-06-20,Soyabean,Biaora,800.0,1515.0,1490.0,Madhya Pradesh,Rajgarh
2007-06-20,Soyabean,Biaora,1051.0,1496.0,1472.0,Madhya Pradesh,Rajgarh
2007-06-21,Soyabean,Biaora,1201.0,1587.0,1525.0,Madhya Pradesh,Rajgarh
2007-06-21,Soyabean,Biaora,1391.0,1391.0,1391.0,Madhya Pradesh,Rajgarh
2007-06-22,Soyabean,Biaora,1170.0,1530.0,1200.0,Madhya Pradesh,Rajgarh
2007-06-22,Soyabean,Biaora,1310.0,1499.0,1479.0,Madhya Pradesh,Rajgarh
2007-06-23,Soyabean,Biaora,1431.0,1521.0,1515.0,Madhya Pradesh,Rajgarh
2007-06-23,Soyabean,Biaora,1257.0,1507.0,1489.0,Madhya Pradesh,Rajgarh
2007-06-25,Soyabean,Biaora,995.0,1481.0,1461.0,Madhya Pradesh,Rajgarh
2007-06-25,Soyabean,Biaora,1312.0,1481.0,1470.0,Madhya Pradesh,Rajgarh
2007-06-26,Soyabean,Biaora,1300.0,1520.0,1485.0,Madhya Pradesh,Rajgarh
2007-06-26,Soyabean,Biaora,1000.0,1530.0,1471.0,Madhya Pradesh,Rajgarh
2007-06-27,Soyabean,Biaora,1200.0,1520.0,1476.0,Madhya Pradesh,Rajgarh
2007-06-27,Soyabean,Biaora,1333.0,1468.0,1460.0,Madhya Pradesh,Rajgarh
2007-06-28,Soyabean,Biaora,1331.0,1482.0,1476.0,Madhya Pradesh,Rajgarh
2007-06-28,Soyabean,Biaora,1350.0,1511.0,1506.0,Madhya Pradesh,Rajgarh
2007-06-29,Soyabean,Biaora,1278.0,1479.0,1476.0,Madhya Pradesh,Rajgarh
2007-06-30,Soyabean,Biaora,1001.0,1501.0,1477.0,Madhya Pradesh,Rajgarh
2007-07-02,Soyabean,Biaora,1300.0,1522.0,1494.0,Madhya Pradesh,Rajgarh
2007-07-02,Soyabean,Biaora,1200.0,1512.0,1500.0,Madhya Pradesh,Rajgarh
2007-07-03,Soyabean,Biaora,1441.0,1539.0,1539.0,Madhya Pradesh,Rajgarh
2007-07-04,Soyabean,Biaora,1376.0,1530.0,1515.0,Madhya Pradesh,Rajgarh
2007-07-04,Soyabean,Biaora,1151.0,1516.0,1501.0,Madhya Pradesh,Rajgarh
2007-07-05,Soyabean,Biaora,1151.0,1535.0,1515.0,Madhya Pradesh,Rajgarh
2007-07-05,Soyabean,Biaora,1271.0,1509.0,1498.0,Madhya Pradesh,Rajgarh
2007-07-06,Soyabean,Biaora,1332.0,1535.0,1516.0,Madhya Pradesh,Rajgarh
2007-07-06,Soyabean,Biaora,1300.0,1515.0,1514.0,Madhya Pradesh,Rajgarh
2007-07-07,Soyabean,Biaora,1505.0,1505.0,1505.0,Madhya Pradesh,Rajgarh
2007-07-07,Soyabean,Biaora,1425.0,1527.0,1521.0,Madhya Pradesh,Rajgarh
2007-07-09,Soyabean,Biaora,1475.0,1537.0,1500.0,Madhya Pradesh,Rajgarh
2007-07-09,Soyabean,Biaora,1200.0,1509.0,1509.0,Madhya Pradesh,Rajgarh
2007-07-10,Soyabean,Biaora,1251.0,1531.0,1530.0,Madhya Pradesh,Rajgarh
2007-07-11,Soyabean,Biaora,1271.0,1525.0,1516.0,Madhya Pradesh,Rajgarh
2007-07-12,Soyabean,Biaora,1001.0,1566.0,1536.0,Madhya Pradesh,Rajgarh
2007-07-12,Soyabean,Biaora,1001.0,1536.0,1516.0,Madhya Pradesh,Rajgarh
2007-07-13,Soyabean,Biaora,1025.0,1570.0,1530.0,Madhya Pradesh,Rajgarh
2007-07-13,Soyabean,Biaora,1350.0,1498.0,1498.0,Madhya Pradesh,Rajgarh
2007-07-14,Soyabean,Biaora,1375.0,1565.0,1541.0,Madhya Pradesh,Rajgarh
2007-07-14,Soyabean,Biaora,1301.0,1612.0,1601.0,Madhya Pradesh,Rajgarh
2007-07-16,Soyabean,Biaora,1365.0,1561.0,1547.0,Madhya Pradesh,Rajgarh
2007-07-16,Soyabean,Biaora,1000.0,1600.0,1560.0,Madhya Pradesh,Rajgarh
2007-07-17,Soyabean,Biaora,1034.0,1781.0,1524.0,Madhya Pradesh,Rajgarh
2007-07-17,Soyabean,Biaora,1100.0,1565.0,1530.0,Madhya Pradesh,Rajgarh
2007-07-18,Soyabean,Biaora,1375.0,1551.0,1500.0,Madhya Pradesh,Rajgarh
2007-07-18,Soyabean,Biaora,1376.0,1571.0,1555.0,Madhya Pradesh,Rajgarh
2007-07-19,Soyabean,Biaora,1301.0,1546.0,1540.0,Madhya Pradesh,Rajgarh
2007-07-19,Soyabean,Biaora,1320.0,1585.0,1566.0,Madhya Pradesh,Rajgarh
2007-07-20,Soyabean,Biaora,1390.0,1605.0,1600.0,Madhya Pradesh,Rajgarh
2007-07-20,Soyabean,Biaora,1200.0,1560.0,1555.0,Madhya Pradesh,Rajgarh
2007-07-21,Soyabean,Biaora,1150.0,1589.0,1583.0,Madhya Pradesh,Rajgarh
2007-07-21,Soyabean,Biaora,1201.0,1558.0,1555.0,Madhya Pradesh,Rajgarh
2007-07-23,Soyabean,Biaora,960.0,1570.0,1555.0,Madhya Pradesh,Rajgarh
2007-07-23,Soyabean,Biaora,1101.0,1581.0,1575.0,Madhya Pradesh,Rajgarh
2007-07-24,Soyabean,Biaora,1472.0,1562.0,1553.0,Madhya Pradesh,Rajgarh
2007-07-24,Soyabean,Biaora,1301.0,1541.0,1528.0,Madhya Pradesh,Rajgarh
2007-07-25,Soyabean,Biaora,1345.0,1574.0,1560.0,Madhya Pradesh,Rajgarh
2007-07-25,Soyabean,Biaora,1425.0,1551.0,1551.0,Madhya Pradesh,Rajgarh
2007-07-26,Soyabean,Biaora,1420.0,1559.0,1543.0,Madhya Pradesh,Rajgarh
2007-07-26,Soyabean,Biaora,1200.0,1547.0,1540.0,Madhya Pradesh,Rajgarh
2007-07-27,Soyabean,Biaora,1000.0,1544.0,1540.0,Madhya Pradesh,Rajgarh
2007-07-30,Soyabean,Biaora,1220.0,1590.0,1551.0,Madhya Pradesh,Rajgarh
2007-07-30,Soyabean,Biaora,1300.0,1510.0,1504.0,Madhya Pradesh,Rajgarh
2007-07-31,Soyabean,Biaora,1440.0,1522.0,1515.0,Madhya Pradesh,Rajgarh
2007-07-31,Soyabean,Biaora,1101.0,1506.0,1504.0,Madhya Pradesh,Rajgarh
2007-08-01,Soyabean,Biaora,600.0,1560.0,1551.0,Madhya Pradesh,Rajgarh
2007-08-01,Soyabean,Biaora,1000.0,1508.0,1508.0,Madhya Pradesh,Rajgarh
2007-08-02,Soyabean,Biaora,1017.0,1516.0,1515.0,Madhya Pradesh,Rajgarh
2007-08-02,Soyabean,Biaora,1002.0,1506.0,1494.0,Madhya Pradesh,Rajgarh
2007-08-03,Soyabean,Biaora,1350.0,1505.0,1500.0,Madhya Pradesh,Rajgarh
2007-08-03,Soyabean,Biaora,1280.0,1488.0,1480.0,Madhya Pradesh,Rajgarh
2007-08-04,Soyabean,Biaora,1300.0,1497.0,1497.0,Madhya Pradesh,Rajgarh
2007-08-04,Soyabean,Biaora,1100.0,1529.0,1476.0,Madhya Pradesh,Rajgarh
2007-08-06,Soyabean,Biaora,1361.0,1488.0,1460.0,Madhya Pradesh,Rajgarh
2007-08-06,Soyabean,Biaora,1319.0,1460.0,1426.0,Madhya Pradesh,Rajgarh
2007-08-07,Soyabean,Biaora,1270.0,1490.0,1490.0,Madhya Pradesh,Rajgarh
2007-08-07,Soyabean,Biaora,1190.0,1436.0,1436.0,Madhya Pradesh,Rajgarh
2007-08-08,Soyabean,Biaora,1458.0,1458.0,1458.0,Madhya Pradesh,Rajgarh
2007-08-08,Soyabean,Biaora,1386.0,1433.0,1433.0,Madhya Pradesh,Rajgarh
2007-08-09,Soyabean,Biaora,1000.0,1464.0,1450.0,Madhya Pradesh,Rajgarh
2007-08-09,Soyabean,Biaora,1325.0,1499.0,1420.0,Madhya Pradesh,Rajgarh
2007-08-10,Soyabean,Biaora,1341.0,1453.0,1453.0,Madhya Pradesh,Rajgarh
2007-08-10,Soyabean,Biaora,1115.0,1471.0,1451.0,Madhya Pradesh,Rajgarh
2007-08-11,Soyabean,Biaora,1100.0,1472.0,1435.0,Madhya Pradesh,Rajgarh
2007-08-13,Soyabean,Biaora,1270.0,1501.0,1495.0,Madhya Pradesh,Rajgarh
2007-08-13,Soyabean,Biaora,1295.0,1449.0,1449.0,Madhya Pradesh,Rajgarh
2007-08-14,Soyabean,Biaora,1275.0,1525.0,1501.0,Madhya Pradesh,Rajgarh
2007-08-16,Soyabean,Biaora,1401.0,1472.0,1472.0,Madhya Pradesh,Rajgarh
2007-08-16,Soyabean,Biaora,1306.0,1458.0,1458.0,Madhya Pradesh,Rajgarh
2007-08-17,Soyabean,Biaora,1382.0,1440.0,1440.0,Madhya Pradesh,Rajgarh
2007-08-17,Soyabean,Biaora,1100.0,1455.0,1455.0,Madhya Pradesh,Rajgarh
2007-08-18,Soyabean,Biaora,1295.0,1436.0,1429.0,Madhya Pradesh,Rajgarh
2007-08-18,Soyabean,Biaora,1370.0,1472.0,1425.0,Madhya Pradesh,Rajgarh
2007-08-20,Soyabean,Biaora,1000.0,1473.0,1460.0,Madhya Pradesh,Rajgarh
2007-08-20,Soyabean,Biaora,1350.0,1467.0,1467.0,Madhya Pradesh,Rajgarh
2007-08-21,Soyabean,Biaora,1251.0,1462.0,1462.0,Madhya Pradesh,Rajgarh
2007-08-21,Soyabean,Biaora,1431.0,1458.0,1456.0,Madhya Pradesh,Rajgarh
2007-08-22,Soyabean,Biaora,1400.0,1450.0,1450.0,Madhya Pradesh,Rajgarh
2007-08-22,Soyabean,Biaora,1371.0,1476.0,1400.0,Madhya Pradesh,Rajgarh
2007-08-23,Soyabean,Biaora,1370.0,1454.0,1445.0,Madhya Pradesh,Rajgarh
2007-08-23,Soyabean,Biaora,1285.0,1439.0,1427.0,Madhya Pradesh,Rajgarh
2007-08-24,Soyabean,Biaora,1324.0,1456.0,1441.0,Madhya Pradesh,Rajgarh
2007-08-24,Soyabean,Biaora,1375.0,1428.0,1428.0,Madhya Pradesh,Rajgarh
2007-08-25,Soyabean,Biaora,1350.0,1426.0,1426.0,Madhya Pradesh,Rajgarh
2007-08-27,Soyabean,Biaora,1225.0,1435.0,1383.0,Madhya Pradesh,Rajgarh
2007-08-29,Soyabean,Biaora,1365.0,1445.0,1440.0,Madhya Pradesh,Rajgarh
2007-08-30,Soyabean,Biaora,1370.0,1370.0,1370.0,Madhya Pradesh,Rajgarh
2007-08-30,Soyabean,Biaora,1361.0,1405.0,1405.0,Madhya Pradesh,Rajgarh
2007-08-31,Soyabean,Biaora,1250.0,1300.0,1300.0,Madhya Pradesh,Rajgarh
2007-08-31,Soyabean,Biaora,1376.0,1451.0,1450.0,Madhya Pradesh,Rajgarh
2007-09-01,Soyabean,Biaora,1370.0,1428.0,1428.0,Madhya Pradesh,Rajgarh
2007-09-01,Soyabean,Biaora,1200.0,1389.0,1389.0,Madhya Pradesh,Rajgarh
2007-09-05,Soyabean,Biaora,1450.0,1545.0,1480.0,Madhya Pradesh,Rajgarh
2007-09-05,Soyabean,Biaora,1406.0,1466.0,1463.0,Madhya Pradesh,Rajgarh
2007-09-06,Soyabean,Biaora,1513.0,1541.0,1540.0,Madhya Pradesh,Rajgarh
2007-09-06,Soyabean,Biaora,1430.0,1466.0,1430.0,Madhya Pradesh,Rajgarh
2007-09-07,Soyabean,Biaora,1400.0,1533.0,1531.0,Madhya Pradesh,Rajgarh
2007-09-07,Soyabean,Biaora,1400.0,1487.0,1487.0,Madhya Pradesh,Rajgarh
2007-09-08,Soyabean,Biaora,1460.0,1519.0,1519.0,Madhya Pradesh,Rajgarh
2007-09-08,Soyabean,Biaora,1300.0,1586.0,1551.0,Madhya Pradesh,Rajgarh
2007-09-10,Soyabean,Biaora,1250.0,1600.0,1600.0,Madhya Pradesh,Rajgarh
2007-09-10,Soyabean,Biaora,1450.0,1491.0,1450.0,Madhya Pradesh,Rajgarh
2007-09-11,Soyabean,Biaora,1400.0,1509.0,1509.0,Madhya Pradesh,Rajgarh
2007-09-12,Soyabean,Biaora,1405.0,1545.0,1450.0,Madhya Pradesh,Rajgarh
2007-09-12,Soyabean,Biaora,1421.0,1533.0,1528.0,Madhya Pradesh,Rajgarh
2007-09-13,Soyabean,Biaora,1460.0,1508.0,1508.0,Madhya Pradesh,Rajgarh
2007-09-13,Soyabean,Biaora,1151.0,1575.0,1551.0,Madhya Pradesh,Rajgarh
2007-09-14,Soyabean,Biaora,1151.0,1480.0,1480.0,Madhya Pradesh,Rajgarh
2007-09-14,Soyabean,Biaora,1445.0,1507.0,1507.0,Madhya Pradesh,Rajgarh
2007-09-15,Soyabean,Biaora,1411.0,1600.0,1600.0,Madhya Pradesh,Rajgarh
2007-09-17,Soyabean,Biaora,1150.0,1580.0,1580.0,Madhya Pradesh,Rajgarh
2007-09-17,Soyabean,Biaora,1400.0,1500.0,1500.0,Madhya Pradesh,Rajgarh
2007-09-18,Soyabean,Biaora,1440.0,1522.0,1522.0,Madhya Pradesh,Rajgarh
2007-09-18,Soyabean,Biaora,1482.0,1482.0,1482.0,Madhya Pradesh,Rajgarh
2007-09-19,Soyabean,Biaora,1101.0,1581.0,1568.0,Madhya Pradesh,Rajgarh
2007-09-20,Soyabean,Biaora,1440.0,1551.0,1550.0,Madhya Pradesh,Rajgarh
2007-09-20,Soyabean,Biaora,1493.0,1493.0,1493.0,Madhya Pradesh,Rajgarh
2007-09-21,Soyabean,Biaora,1540.0,1540.0,1540.0,Madhya Pradesh,Rajgarh
2007-09-22,Soyabean,Biaora,1510.0,1510.0,1510.0,Madhya Pradesh,Rajgarh
2007-09-22,Soyabean,Biaora,1450.0,1662.0,1548.0,Madhya Pradesh,Rajgarh
2007-09-24,Soyabean,Biaora,1426.0,1576.0,1576.0,Madhya Pradesh,Rajgarh
2007-09-24,Soyabean,Biaora,1350.0,1516.0,1501.0,Madhya Pradesh,Rajgarh
2007-09-25,Soyabean,Biaora,1425.0,1425.0,1425.0,Madhya Pradesh,Rajgarh
2007-09-26,Soyabean,Biaora,1526.0,1599.0,1584.0,Madhya Pradesh,Rajgarh
2007-09-26,Soyabean,Biaora,1104.0,1510.0,1402.0,Madhya Pradesh,Rajgarh
2007-09-27,Soyabean,Biaora,1474.0,1557.0,1540.0,Madhya Pradesh,Rajgarh
2007-09-27,Soyabean,Biaora,956.0,1525.0,1451.0,Madhya Pradesh,Rajgarh
2007-09-28,Soyabean,Biaora,762.0,1507.0,1450.0,Madhya Pradesh,Rajgarh
2007-09-28,Soyabean,Biaora,1375.0,1597.0,1575.0,Madhya Pradesh,Rajgarh
2007-09-29,Soyabean,Biaora,1201.0,1551.0,1551.0,Madhya Pradesh,Rajgarh
2007-10-01,Soyabean,Biaora,1265.0,1480.0,1440.0,Madhya Pradesh,Rajgarh
2007-10-01,Soyabean,Biaora,700.0,1471.0,1100.0,Madhya Pradesh,Rajgarh
2007-10-03,Soyabean,Biaora,900.0,1452.0,1398.0,Madhya Pradesh,Rajgarh
2007-10-03,Soyabean,Biaora,800.0,1474.0,1300.0,Madhya Pradesh,Rajgarh
2007-10-04,Soyabean,Biaora,850.0,1465.0,1411.0,Madhya Pradesh,Rajgarh
2007-10-04,Soyabean,Biaora,1206.0,1506.0,1499.0,Madhya Pradesh,Rajgarh
2007-10-05,Soyabean,Biaora,1330.0,1430.0,1429.0,Madhya Pradesh,Rajgarh
2007-10-05,Soyabean,Biaora,600.0,1490.0,1401.0,Madhya Pradesh,Rajgarh
2007-10-08,Soyabean,Biaora,1000.0,1485.0,1350.0,Madhya Pradesh,Rajgarh
2007-10-08,Soyabean,Biaora,894.0,1468.0,1390.0,Madhya Pradesh,Rajgarh
2007-10-09,Soyabean,Biaora,1100.0,1450.0,1436.0,Madhya Pradesh,Rajgarh
2007-10-09,Soyabean,Biaora,600.0,1475.0,1375.0,Madhya Pradesh,Rajgarh
2007-10-10,Soyabean,Biaora,951.0,1491.0,1450.0,Madhya Pradesh,Rajgarh
2007-10-10,Soyabean,Biaora,1137.0,1481.0,1350.0,Madhya Pradesh,Rajgarh
2007-10-11,Soyabean,Biaora,1061.0,1540.0,1491.0,Madhya Pradesh,Rajgarh
2007-10-11,Soyabean,Biaora,800.0,1525.0,1501.0,Madhya Pradesh,Rajgarh
2007-10-13,Soyabean,Biaora,1370.0,1485.0,1475.0,Madhya Pradesh,Rajgarh
2007-10-13,Soyabean,Biaora,1175.0,1525.0,1445.0,Madhya Pradesh,Rajgarh
2007-10-16,Soyabean,Biaora,956.0,1551.0,1350.0,Madhya Pradesh,Rajgarh
2007-10-16,Soyabean,Biaora,1100.0,1560.0,1500.0,Madhya Pradesh,Rajgarh
2007-10-17,Soyabean,Biaora,1000.0,1556.0,1400.0,Madhya Pradesh,Rajgarh
2007-10-17,Soyabean,Biaora,600.0,1551.0,1475.0,Madhya Pradesh,Rajgarh
2007-10-18,Soyabean,Biaora,875.0,1512.0,1300.0,Madhya Pradesh,Rajgarh
2007-10-18,Soyabean,Biaora,900.0,1533.0,1480.0,Madhya Pradesh,Rajgarh
2007-10-19,Soyabean,Biaora,1280.0,1580.0,1550.0,Madhya Pradesh,Rajgarh
2007-10-19,Soyabean,Biaora,600.0,1560.0,1450.0,Madhya Pradesh,Rajgarh
2007-10-20,Soyabean,Biaora,1312.0,1550.0,1510.0,Madhya Pradesh,Rajgarh
2007-10-20,Soyabean,Biaora,965.0,1529.0,1450.0,Madhya Pradesh,Rajgarh
2007-10-24,Soyabean,Biaora,750.0,1600.0,1501.0,Madhya Pradesh,Rajgarh
2007-10-24,Soyabean,Biaora,700.0,1566.0,1500.0,Madhya Pradesh,Rajgarh
2007-10-25,Soyabean,Biaora,975.0,1557.0,1450.0,Madhya Pradesh,Rajgarh
2007-10-25,Soyabean,Biaora,600.0,1619.0,1500.0,Madhya Pradesh,Rajgarh
2007-10-26,Soyabean,Biaora,900.0,1581.0,1500.0,Madhya Pradesh,Rajgarh
2007-10-26,Soyabean,Biaora,1021.0,1625.0,1551.0,Madhya Pradesh,Rajgarh
2007-10-27,Soyabean,Biaora,800.0,1582.0,1538.0,Madhya Pradesh,Rajgarh
2007-10-27,Soyabean,Biaora,1160.0,1621.0,1540.0,Madhya Pradesh,Rajgarh
2007-10-30,Soyabean,Biaora,600.0,1605.0,1500.0,Madhya Pradesh,Rajgarh
2007-10-30,Soyabean,Biaora,975.0,1617.0,1560.0,Madhya Pradesh,Rajgarh
2007-10-31,Soyabean,Biaora,1000.0,1601.0,1520.0,Madhya Pradesh,Rajgarh
2007-10-31,Soyabean,Biaora,800.0,1592.0,1500.0,Madhya Pradesh,Rajgarh
2007-11-06,Soyabean,Biaora,1401.0,1570.0,1570.0,Madhya Pradesh,Rajgarh
2007-11-06,Soyabean,Biaora,940.0,1584.0,1436.0,Madhya Pradesh,Rajgarh
2007-11-14,Soyabean,Biaora,900.0,1711.0,1677.0,Madhya Pradesh,Rajgarh
2007-11-14,Soyabean,Biaora,1200.0,1703.0,1651.0,Madhya Pradesh,Rajgarh
2007-11-15,Soyabean,Biaora,901.0,1720.0,1691.0,Madhya Pradesh,Rajgarh
2007-11-15,Soyabean,Biaora,1302.0,1752.0,1700.0,Madhya Pradesh,Rajgarh
2007-11-16,Soyabean,Biaora,1180.0,1730.0,1670.0,Madhya Pradesh,Rajgarh
2007-11-16,Soyabean,Biaora,1300.0,1733.0,1640.0,Madhya Pradesh,Rajgarh
2007-11-19,Soyabean,Biaora,1400.0,1667.0,1640.0,Madhya Pradesh,Rajgarh
2007-11-19,Soyabean,Biaora,880.0,1680.0,1669.0,Madhya Pradesh,Rajgarh
2007-11-20,Soyabean,Biaora,1401.0,1657.0,1640.0,Madhya Pradesh,Rajgarh
2007-11-20,Soyabean,Biaora,1489.0,1676.0,1657.0,Madhya Pradesh,Rajgarh
2007-11-21,Soyabean,Biaora,1100.0,1680.0,1668.0,Madhya Pradesh,Rajgarh
2007-11-21,Soyabean,Biaora,1170.0,1698.0,1649.0,Madhya Pradesh,Rajgarh
2007-11-22,Soyabean,Biaora,751.0,1725.0,1550.0,Madhya Pradesh,Rajgarh
2007-11-22,Soyabean,Biaora,1000.0,1696.0,1668.0,Madhya Pradesh,Rajgarh
2007-11-23,Soyabean,Biaora,950.0,1691.0,1667.0,Madhya Pradesh,Rajgarh
2007-11-23,Soyabean,Biaora,1205.0,1695.0,1660.0,Madhya Pradesh,Rajgarh
2007-11-26,Soyabean,Biaora,1100.0,1711.0,1681.0,Madhya Pradesh,Rajgarh
2007-11-28,Soyabean,Biaora,1337.0,1700.0,1680.0,Madhya Pradesh,Rajgarh
2007-11-28,Soyabean,Biaora,1175.0,1709.0,1659.0,Madhya Pradesh,Rajgarh
2007-11-29,Soyabean,Biaora,1471.0,1716.0,1640.0,Madhya Pradesh,Rajgarh
2007-11-29,Soyabean,Biaora,1051.0,1721.0,1716.0,Madhya Pradesh,Rajgarh
2007-12-01,Soyabean,Biaora,1422.0,1690.0,1650.0,Madhya Pradesh,Rajgarh
2007-12-01,Soyabean,Biaora,1200.0,1711.0,1640.0,Madhya Pradesh,Rajgarh
2007-12-03,Soyabean,Biaora,500.0,1668.0,1640.0,Madhya Pradesh,Rajgarh
2007-12-03,Soyabean,Biaora,955.0,1703.0,1678.0,Madhya Pradesh,Rajgarh
2007-12-04,Soyabean,Biaora,1295.0,1638.0,1500.0,Madhya Pradesh,Rajgarh
2007-12-04,Soyabean,Biaora,1095.0,1694.0,1648.0,Madhya Pradesh,Rajgarh
2007-12-05,Soyabean,Biaora,1350.0,1707.0,1670.0,Madhya Pradesh,Rajgarh
2007-12-05,Soyabean,Biaora,600.0,1700.0,1650.0,Madhya Pradesh,Rajgarh
2007-12-06,Soyabean,Biaora,1300.0,1703.0,1660.0,Madhya Pradesh,Rajgarh
2007-12-06,Soyabean,Biaora,1455.0,1721.0,1636.0,Madhya Pradesh,Rajgarh
2007-12-07,Soyabean,Biaora,1200.0,1726.0,1665.0,Madhya Pradesh,Rajgarh
2007-12-07,Soyabean,Biaora,1470.0,1717.0,1690.0,Madhya Pradesh,Rajgarh
2007-12-08,Soyabean,Biaora,1200.0,1731.0,1665.0,Madhya Pradesh,Rajgarh
2007-12-08,Soyabean,Biaora,1050.0,1737.0,1724.0,Madhya Pradesh,Rajgarh
2007-12-10,Soyabean,Biaora,964.0,1752.0,1720.0,Madhya Pradesh,Rajgarh
2007-12-10,Soyabean,Biaora,1500.0,1791.0,1760.0,Madhya Pradesh,Rajgarh
2007-12-11,Soyabean,Biaora,1200.0,1775.0,1650.0,Madhya Pradesh,Rajgarh
2007-12-11,Soyabean,Biaora,1479.0,1775.0,1760.0,Madhya Pradesh,Rajgarh
2007-12-12,Soyabean,Biaora,775.0,1751.0,1720.0,Madhya Pradesh,Rajgarh
2007-12-12,Soyabean,Biaora,1465.0,1772.0,1758.0,Madhya Pradesh,Rajgarh
2007-12-13,Soyabean,Biaora,1000.0,1790.0,1769.0,Madhya Pradesh,Rajgarh
2007-12-13,Soyabean,Biaora,600.0,1791.0,1702.0,Madhya Pradesh,Rajgarh
2007-12-14,Soyabean,Biaora,1425.0,1800.0,1750.0,Madhya Pradesh,Rajgarh
2007-12-14,Soyabean,Biaora,1300.0,1825.0,1767.0,Madhya Pradesh,Rajgarh
2007-12-15,Soyabean,Biaora,1567.0,1841.0,1817.0,Madhya Pradesh,Rajgarh
2007-12-15,Soyabean,Biaora,1550.0,1841.0,1825.0,Madhya Pradesh,Rajgarh
2007-12-17,Soyabean,Biaora,730.0,1875.0,1800.0,Madhya Pradesh,Rajgarh
2007-12-17,Soyabean,Biaora,500.0,1856.0,1750.0,Madhya Pradesh,Rajgarh
2007-12-18,Soyabean,Biaora,1000.0,1815.0,1750.0,Madhya Pradesh,Rajgarh
2007-12-18,Soyabean,Biaora,1025.0,1851.0,1809.0,Madhya Pradesh,Rajgarh
2007-12-19,Soyabean,Biaora,1401.0,1830.0,1825.0,Madhya Pradesh,Rajgarh
2007-12-19,Soyabean,Biaora,1030.0,1852.0,1816.0,Madhya Pradesh,Rajgarh
2007-12-20,Soyabean,Biaora,1100.0,1860.0,1820.0,Madhya Pradesh,Rajgarh
2007-12-20,Soyabean,Biaora,1525.0,1835.0,1815.0,Madhya Pradesh,Rajgarh
2007-12-22,Soyabean,Biaora,1400.0,1886.0,1850.0,Madhya Pradesh,Rajgarh
2007-12-22,Soyabean,Biaora,1290.0,1940.0,1907.0,Madhya Pradesh,Rajgarh
2007-12-24,Soyabean,Biaora,1525.0,1915.0,1850.0,Madhya Pradesh,Rajgarh
2007-12-24,Soyabean,Biaora,1348.0,1926.0,1802.0,Madhya Pradesh,Rajgarh
2007-12-26,Soyabean,Biaora,570.0,1908.0,1900.0,Madhya Pradesh,Rajgarh
2007-12-26,Soyabean,Biaora,1352.0,1912.0,1854.0,Madhya Pradesh,Rajgarh
2007-12-27,Soyabean,Biaora,1511.0,1951.0,1871.0,Madhya Pradesh,Rajgarh
2007-12-27,Soyabean,Biaora,566.0,1933.0,1850.0,Madhya Pradesh,Rajgarh
2007-12-28,Soyabean,Biaora,1652.0,1940.0,1898.0,Madhya Pradesh,Rajgarh
2007-12-28,Soyabean,Biaora,1200.0,1950.0,1921.0,Madhya Pradesh,Rajgarh
2007-12-29,Soyabean,Biaora,800.0,1961.0,1920.0,Madhya Pradesh,Rajgarh
2007-12-29,Soyabean,Biaora,700.0,1962.0,1900.0,Madhya Pradesh,Rajgarh
2007-12-31,Soyabean,Biaora,1501.0,1915.0,1880.0,Madhya Pradesh,Rajgarh
2007-12-31,Soyabean,Biaora,1200.0,1922.0,1900.0,Madhya Pradesh,Rajgarh
2008-01-01,Soyabean,Biaora,1780.0,1933.0,1888.0,Madhya Pradesh,Rajgarh
2008-01-01,Soyabean,Biaora,1701.0,2022.0,1915.0,Madhya Pradesh,Rajgarh
2008-01-02,Soyabean,Biaora,1501.0,1975.0,1900.0,Madhya Pradesh,Rajgarh
2008-01-02,Soyabean,Biaora,1401.0,1981.0,1940.0,Madhya Pradesh,Rajgarh
2008-01-03,Soyabean,Biaora,1301.0,2011.0,1960.0,Madhya Pradesh,Rajgarh
2008-01-03,Soyabean,Biaora,1604.0,2018.0,2000.0,Madhya Pradesh,Rajgarh
2008-01-04,Soyabean,Biaora,1600.0,2012.0,1901.0,Madhya Pradesh,Rajgarh
2008-01-04,Soyabean,Biaora,500.0,1990.0,1950.0,Madhya Pradesh,Rajgarh
2008-01-05,Soyabean,Biaora,1200.0,1981.0,1981.0,Madhya Pradesh,Rajgarh
2008-01-05,Soyabean,Biaora,1201.0,1969.0,1950.0,Madhya Pradesh,Rajgarh
2008-01-07,Soyabean,Biaora,1655.0,1987.0,1955.0,Madhya Pradesh,Rajgarh
2008-01-07,Soyabean,Biaora,1230.0,1955.0,1932.0,Madhya Pradesh,Rajgarh
2008-01-08,Soyabean,Biaora,1850.0,1980.0,1911.0,Madhya Pradesh,Rajgarh
2008-01-08,Soyabean,Biaora,1675.0,1967.0,1959.0,Madhya Pradesh,Rajgarh
2008-01-09,Soyabean,Biaora,900.0,1976.0,1925.0,Madhya Pradesh,Rajgarh
2008-01-09,Soyabean,Biaora,1440.0,1992.0,1985.0,Madhya Pradesh,Rajgarh
2008-01-10,Soyabean,Biaora,1300.0,1975.0,1898.0,Madhya Pradesh,Rajgarh
2008-01-10,Soyabean,Biaora,1300.0,1978.0,1944.0,Madhya Pradesh,Rajgarh
2008-01-11,Soyabean,Biaora,1001.0,1975.0,1950.0,Madhya Pradesh,Rajgarh
2008-01-11,Soyabean,Biaora,1600.0,1992.0,1969.0,Madhya Pradesh,Rajgarh
2008-01-12,Soyabean,Biaora,1761.0,2021.0,2015.0,Madhya Pradesh,Rajgarh
2008-01-12,Soyabean,Biaora,1650.0,2028.0,2002.0,Madhya Pradesh,Rajgarh
2008-01-14,Soyabean,Biaora,1954.0,1965.0,1965.0,Madhya Pradesh,Rajgarh
2008-01-14,Soyabean,Biaora,1465.0,2025.0,2015.0,Madhya Pradesh,Rajgarh
2008-01-15,Soyabean,Biaora,2011.0,2011.0,2011.0,Madhya Pradesh,Rajgarh
2008-01-16,Soyabean,Biaora,1711.0,2050.0,1989.0,Madhya Pradesh,Rajgarh
2008-01-16,Soyabean,Biaora,1780.0,2005.0,2005.0,Madhya Pradesh,Rajgarh
2008-01-17,Soyabean,Biaora,1730.0,2022.0,2014.0,Madhya Pradesh,Rajgarh
2008-01-17,Soyabean,Biaora,1651.0,2115.0,2035.0,Madhya Pradesh,Rajgarh
2008-01-18,Soyabean,Biaora,1401.0,2040.0,1950.0,Madhya Pradesh,Rajgarh
2008-01-18,Soyabean,Biaora,1650.0,2008.0,2002.0,Madhya Pradesh,Rajgarh
2008-01-21,Soyabean,Biaora,1500.0,1981.0,1950.0,Madhya Pradesh,Rajgarh
2008-01-21,Soyabean,Biaora,1301.0,2050.0,1941.0,Madhya Pradesh,Rajgarh
2008-01-22,Soyabean,Biaora,1100.0,1862.0,1830.0,Madhya Pradesh,Rajgarh
2008-01-22,Soyabean,Biaora,1753.0,1955.0,1950.0,Madhya Pradesh,Rajgarh
2008-01-23,Soyabean,Biaora,1600.0,1925.0,1910.0,Madhya Pradesh,Rajgarh
2008-01-23,Soyabean,Biaora,1400.0,1905.0,1901.0,Madhya Pradesh,Rajgarh
2008-01-24,Soyabean,Biaora,900.0,1940.0,1925.0,Madhya Pradesh,Rajgarh
2008-01-24,Soyabean,Biaora,1650.0,1927.0,1921.0,Madhya Pradesh,Rajgarh
2008-01-25,Soyabean,Biaora,900.0,1962.0,1941.0,Madhya Pradesh,Rajgarh
2008-01-25,Soyabean,Biaora,1880.0,1973.0,1958.0,Madhya Pradesh,Rajgarh
2008-01-28,Soyabean,Biaora,1700.0,1990.0,1978.0,Madhya Pradesh,Rajgarh
2008-01-28,Soyabean,Biaora,1800.0,2029.0,2021.0,Madhya Pradesh,Rajgarh
2008-01-29,Soyabean,Biaora,1700.0,2016.0,1940.0,Madhya Pradesh,Rajgarh
2008-01-29,Soyabean,Biaora,1723.0,2011.0,1975.0,Madhya Pradesh,Rajgarh
2008-01-30,Soyabean,Biaora,1877.0,2021.0,2021.0,Madhya Pradesh,Rajgarh
2008-01-30,Soyabean,Biaora,1891.0,1982.0,1965.0,Madhya Pradesh,Rajgarh
2008-02-01,Soyabean,Biaora,1825.0,1984.0,1950.0,Madhya Pradesh,Rajgarh
2008-02-01,Soyabean,Biaora,1752.0,2017.0,1965.0,Madhya Pradesh,Rajgarh
2008-02-02,Soyabean,Biaora,1721.0,2000.0,1925.0,Madhya Pradesh,Rajgarh
2008-02-02,Soyabean,Biaora,1739.0,2028.0,1990.0,Madhya Pradesh,Rajgarh
2008-02-04,Soyabean,Biaora,1700.0,2000.0,1991.0,Madhya Pradesh,Rajgarh
2008-02-04,Soyabean,Biaora,1650.0,2002.0,1990.0,Madhya Pradesh,Rajgarh
2008-02-05,Soyabean,Biaora,1753.0,2100.0,2024.0,Madhya Pradesh,Rajgarh
2008-02-05,Soyabean,Biaora,700.0,2043.0,2026.0,Madhya Pradesh,Rajgarh
2008-02-06,Soyabean,Biaora,1790.0,2028.0,1961.0,Madhya Pradesh,Rajgarh
2008-02-06,Soyabean,Biaora,1846.0,2062.0,2041.0,Madhya Pradesh,Rajgarh
2008-02-07,Soyabean,Biaora,1643.0,2161.0,2025.0,Madhya Pradesh,Rajgarh
2008-02-07,Soyabean,Biaora,1700.0,2023.0,1999.0,Madhya Pradesh,Rajgarh
2008-02-08,Soyabean,Biaora,1698.0,2040.0,1941.0,Madhya Pradesh,Rajgarh
2008-02-08,Soyabean,Biaora,1805.0,2090.0,2050.0,Madhya Pradesh,Rajgarh
2008-02-09,Soyabean,Biaora,1500.0,2048.0,2000.0,Madhya Pradesh,Rajgarh
2008-02-09,Soyabean,Biaora,1906.0,2100.0,2050.0,Madhya Pradesh,Rajgarh
2008-02-11,Soyabean,Biaora,1800.0,1983.0,1970.0,Madhya Pradesh,Rajgarh
2008-02-11,Soyabean,Biaora,1800.0,2050.0,1959.0,Madhya Pradesh,Rajgarh
2008-02-12,Soyabean,Biaora,1900.0,2071.0,2048.0,Madhya Pradesh,Rajgarh
2008-02-12,Soyabean,Biaora,1851.0,2011.0,2000.0,Madhya Pradesh,Rajgarh
2008-02-13,Soyabean,Biaora,1886.0,2037.0,2011.0,Madhya Pradesh,Rajgarh
2008-02-13,Soyabean,Biaora,1751.0,2004.0,2000.0,Madhya Pradesh,Rajgarh
2008-02-14,Soyabean,Biaora,1725.0,2021.0,2016.0,Madhya Pradesh,Rajgarh
2008-02-14,Soyabean,Biaora,1800.0,2041.0,2041.0,Madhya Pradesh,Rajgarh
2008-02-15,Soyabean,Biaora,1880.0,2022.0,2011.0,Madhya Pradesh,Rajgarh
2008-02-15,Soyabean,Biaora,1300.0,2142.0,2065.0,Madhya Pradesh,Rajgarh
2008-02-16,Soyabean,Biaora,1776.0,2022.0,2008.0,Madhya Pradesh,Rajgarh
2008-02-16,Soyabean,Biaora,1691.0,2120.0,2120.0,Madhya Pradesh,Rajgarh
2008-02-18,Soyabean,Biaora,1300.0,1999.0,1976.0,Madhya Pradesh,Rajgarh
2008-02-18,Soyabean,Biaora,1840.0,2031.0,1961.0,Madhya Pradesh,Rajgarh
2008-02-19,Soyabean,Biaora,1870.0,2067.0,1994.0,Madhya Pradesh,Rajgarh
2008-02-19,Soyabean,Biaora,1702.0,2120.0,2110.0,Madhya Pradesh,Rajgarh
2008-02-20,Soyabean,Biaora,1360.0,2095.0,1994.0,Madhya Pradesh,Rajgarh
2008-02-21,Soyabean,Biaora,2018.0,2090.0,2090.0,Madhya Pradesh,Rajgarh
2008-02-23,Soyabean,Biaora,1900.0,2157.0,2100.0,Madhya Pradesh,Rajgarh
2008-02-25,Soyabean,Biaora,1900.0,2352.0,2215.0,Madhya Pradesh,Rajgarh
2008-02-25,Soyabean,Biaora,1750.0,2251.0,2151.0,Madhya Pradesh,Rajgarh
2008-02-26,Soyabean,Biaora,2001.0,2224.0,2210.0,Madhya Pradesh,Rajgarh
2008-02-26,Soyabean,Biaora,700.0,2500.0,2100.0,Madhya Pradesh,Rajgarh
2008-02-27,Soyabean,Biaora,2000.0,2225.0,2150.0,Madhya Pradesh,Rajgarh
2008-02-27,Soyabean,Biaora,2001.0,2261.0,2177.0,Madhya Pradesh,Rajgarh
2008-02-28,Soyabean,Biaora,2000.0,2430.0,2200.0,Madhya Pradesh,Rajgarh
2008-02-28,Soyabean,Biaora,1925.0,2194.0,2150.0,Madhya Pradesh,Rajgarh
2008-02-29,Soyabean,Biaora,1900.0,2226.0,2200.0,Madhya Pradesh,Rajgarh
2008-02-29,Soyabean,Biaora,1904.0,2225.0,2202.0,Madhya Pradesh,Rajgarh
2008-03-01,Soyabean,Biaora,2091.0,2400.0,2239.0,Madhya Pradesh,Rajgarh
2008-03-01,Soyabean,Biaora,2140.0,2249.0,2245.0,Madhya Pradesh,Rajgarh
2008-03-03,Soyabean,Biaora,900.0,2451.0,2251.0,Madhya Pradesh,Rajgarh
2008-03-03,Soyabean,Biaora,2047.0,2300.0,2300.0,Madhya Pradesh,Rajgarh
2008-03-04,Soyabean,Biaora,2050.0,2279.0,2268.0,Madhya Pradesh,Rajgarh
2008-03-04,Soyabean,Biaora,1960.0,2291.0,2291.0,Madhya Pradesh,Rajgarh
2008-03-05,Soyabean,Biaora,1795.0,2335.0,2271.0,Madhya Pradesh,Rajgarh
2008-03-05,Soyabean,Biaora,1522.0,2263.0,2230.0,Madhya Pradesh,Rajgarh
2008-03-07,Soyabean,Biaora,1711.0,2281.0,2100.0,Madhya Pradesh,Rajgarh
2008-03-07,Soyabean,Biaora,1925.0,2251.0,2218.0,Madhya Pradesh,Rajgarh
2008-03-10,Soyabean,Biaora,1956.0,2146.0,2116.0,Madhya Pradesh,Rajgarh
2008-03-10,Soyabean,Biaora,1602.0,2138.0,2138.0,Madhya Pradesh,Rajgarh
2008-03-11,Soyabean,Biaora,1800.0,2271.0,2251.0,Madhya Pradesh,Rajgarh
2008-03-11,Soyabean,Biaora,1951.0,2200.0,2200.0,Madhya Pradesh,Rajgarh
2008-03-12,Soyabean,Biaora,1700.0,2240.0,2211.0,Madhya Pradesh,Rajgarh
2008-03-12,Soyabean,Biaora,1894.0,2171.0,2171.0,Madhya Pradesh,Rajgarh
2008-03-13,Soyabean,Biaora,1925.0,2200.0,2200.0,Madhya Pradesh,Rajgarh
2008-03-13,Soyabean,Biaora,1501.0,2234.0,2212.0,Madhya Pradesh,Rajgarh
2008-03-14,Soyabean,Biaora,1900.0,2218.0,2201.0,Madhya Pradesh,Rajgarh
2008-03-15,Soyabean,Biaora,1776.0,2190.0,2174.0,Madhya Pradesh,Rajgarh
2008-03-15,Soyabean,Biaora,2000.0,2200.0,2121.0,Madhya Pradesh,Rajgarh
2008-03-17,Soyabean,Biaora,1850.0,2126.0,2103.0,Madhya Pradesh,Rajgarh
2008-03-18,Soyabean,Biaora,1651.0,2051.0,2036.0,Madhya Pradesh,Rajgarh
2008-03-18,Soyabean,Biaora,1800.0,2075.0,2075.0,Madhya Pradesh,Rajgarh
2008-03-19,Soyabean,Biaora,1420.0,2160.0,2134.0,Madhya Pradesh,Rajgarh
2008-03-19,Soyabean,Biaora,1801.0,2252.0,2252.0,Madhya Pradesh,Rajgarh
2008-03-20,Soyabean,Biaora,1851.0,2034.0,1990.0,Madhya Pradesh,Rajgarh
2008-03-24,Soyabean,Biaora,1900.0,1970.0,1970.0,Madhya Pradesh,Rajgarh
2008-03-24,Soyabean,Biaora,1971.0,2025.0,2025.0,Madhya Pradesh,Rajgarh
2008-03-25,Soyabean,Biaora,1800.0,2100.0,2100.0,Madhya Pradesh,Rajgarh
2008-03-25,Soyabean,Biaora,1701.0,2110.0,2100.0,Madhya Pradesh,Rajgarh
2008-03-27,Soyabean,Biaora,2000.0,2130.0,2000.0,Madhya Pradesh,Rajgarh
2008-03-27,Soyabean,Biaora,1701.0,2150.0,2022.0,Madhya Pradesh,Rajgarh
2008-03-28,Soyabean,Biaora,1701.0,2144.0,2101.0,Madhya Pradesh,Rajgarh
2008-03-28,Soyabean,Biaora,2074.0,2149.0,2149.0,Madhya Pradesh,Rajgarh
2008-03-29,Soyabean,Biaora,1500.0,2070.0,2050.0,Madhya Pradesh,Rajgarh
2008-03-31,Soyabean,Biaora,1700.0,2100.0,2100.0,Madhya Pradesh,Rajgarh
2008-04-01,Soyabean,Biaora,1850.0,2009.0,2009.0,Madhya Pradesh,Rajgarh
2008-04-01,Soyabean,Biaora,1861.0,2100.0,2100.0,Madhya Pradesh,Rajgarh
2008-04-02,Soyabean,Biaora,1901.0,2089.0,2026.0,Madhya Pradesh,Rajgarh
2008-04-02,Soyabean,Biaora,1301.0,2048.0,2048.0,Madhya Pradesh,Rajgarh
2008-04-03,Soyabean,Biaora,1900.0,1901.0,1901.0,Madhya Pradesh,Rajgarh
2008-04-03,Soyabean,Biaora,1900.0,2081.0,2081.0,Madhya Pradesh,Rajgarh
2008-04-04,Soyabean,Biaora,1500.0,2118.0,2100.0,Madhya Pradesh,Rajgarh
2008-04-05,Soyabean,Biaora,1600.0,1971.0,1971.0,Madhya Pradesh,Rajgarh
2008-04-05,Soyabean,Biaora,1750.0,1800.0,1800.0,Madhya Pradesh,Rajgarh
2008-04-07,Soyabean,Biaora,1900.0,1900.0,1900.0,Madhya Pradesh,Rajgarh
2008-04-08,Soyabean,Biaora,1900.0,2030.0,1950.0,Madhya Pradesh,Rajgarh
2008-04-08,Soyabean,Biaora,1165.0,1960.0,1880.0,Madhya Pradesh,Rajgarh
2008-04-09,Soyabean,Biaora,1900.0,2032.0,1992.0,Madhya Pradesh,Rajgarh
2008-04-09,Soyabean,Biaora,1200.0,2048.0,2048.0,Madhya Pradesh,Rajgarh
2008-04-10,Soyabean,Biaora,1800.0,1900.0,1900.0,Madhya Pradesh,Rajgarh
2008-04-10,Soyabean,Biaora,1501.0,2061.0,2000.0,Madhya Pradesh,Rajgarh
2008-04-11,Soyabean,Biaora,1925.0,2125.0,2010.0,Madhya Pradesh,Rajgarh
2008-04-11,Soyabean,Biaora,1526.0,2056.0,2056.0,Madhya Pradesh,Rajgarh
2008-04-12,Soyabean,Biaora,2025.0,2068.0,2068.0,Madhya Pradesh,Rajgarh
2008-04-12,Soyabean,Biaora,1806.0,2051.0,2051.0,Madhya Pradesh,Rajgarh
2008-04-15,Soyabean,Biaora,1445.0,2062.0,2062.0,Madhya Pradesh,Rajgarh
2008-04-15,Soyabean,Biaora,1939.0,2140.0,2140.0,Madhya Pradesh,Rajgarh
2008-04-16,Soyabean,Biaora,1530.0,2051.0,2025.0,Madhya Pradesh,Rajgarh
2008-04-16,Soyabean,Biaora,1700.0,2140.0,2140.0,Madhya Pradesh,Rajgarh
2008-04-17,Soyabean,Biaora,1800.0,2125.0,1976.0,Madhya Pradesh,Rajgarh
2008-04-17,Soyabean,Biaora,1941.0,2112.0,2052.0,Madhya Pradesh,Rajgarh
2008-04-19,Soyabean,Biaora,1988.0,2021.0,2021.0,Madhya Pradesh,Rajgarh
2008-04-19,Soyabean,Biaora,1850.0,2125.0,2055.0,Madhya Pradesh,Rajgarh
2008-04-21,Soyabean,Biaora,1952.0,2050.0,2043.0,Madhya Pradesh,Rajgarh
2008-04-22,Soyabean,Biaora,1750.0,1852.0,1852.0,Madhya Pradesh,Rajgarh
2008-04-22,Soyabean,Biaora,1951.0,2106.0,2085.0,Madhya Pradesh,Rajgarh
2008-04-23,Soyabean,Biaora,1854.0,2040.0,2040.0,Madhya Pradesh,Rajgarh
2008-04-23,Soyabean,Biaora,2016.0,2060.0,2060.0,Madhya Pradesh,Rajgarh
2008-04-24,Soyabean,Biaora,2000.0,2115.0,2051.0,Madhya Pradesh,Rajgarh
2008-04-25,Soyabean,Biaora,2081.0,2081.0,2081.0,Madhya Pradesh,Rajgarh
2008-04-25,Soyabean,Biaora,1980.0,2091.0,2091.0,Madhya Pradesh,Rajgarh
2008-04-26,Soyabean,Biaora,1800.0,2130.0,2040.0,Madhya Pradesh,Rajgarh
2008-04-28,Soyabean,Biaora,1701.0,2159.0,2150.0,Madhya Pradesh,Rajgarh
2008-04-29,Soyabean,Biaora,2020.0,2150.0,2120.0,Madhya Pradesh,Rajgarh
2008-04-29,Soyabean,Biaora,1994.0,1994.0,1994.0,Madhya Pradesh,Rajgarh
2008-04-30,Soyabean,Biaora,1800.0,1800.0,1800.0,Madhya Pradesh,Rajgarh
2008-04-30,Soyabean,Biaora,1800.0,2150.0,2135.0,Madhya Pradesh,Rajgarh
2008-05-01,Soyabean,Biaora,2000.0,2076.0,2076.0,Madhya Pradesh,Rajgarh
2008-05-01,Soyabean,Biaora,2071.0,2091.0,2091.0,Madhya Pradesh,Rajgarh
2008-05-02,Soyabean,Biaora,2012.0,2130.0,2115.0,Madhya Pradesh,Rajgarh
2008-05-03,Soyabean,Biaora,1959.0,2105.0,2105.0,Madhya Pradesh,Rajgarh
2008-05-03,Soyabean,Biaora,1601.0,2080.0,2075.0,Madhya Pradesh,Rajgarh
2008-05-05,Soyabean,Biaora,2051.0,2134.0,2110.0,Madhya Pradesh,Rajgarh
2008-05-05,Soyabean,Biaora,1960.0,2035.0,2035.0,Madhya Pradesh,Rajgarh
2008-05-06,Soyabean,Biaora,1200.0,2000.0,1850.0,Madhya Pradesh,Rajgarh
2008-05-06,Soyabean,Biaora,2025.0,2101.0,2080.0,Madhya Pradesh,Rajgarh
2008-05-07,Soyabean,Biaora,1900.0,2000.0,2000.0,Madhya Pradesh,Rajgarh
2008-05-07,Soyabean,Biaora,2022.0,2121.0,2121.0,Madhya Pradesh,Rajgarh
2008-05-09,Soyabean,Biaora,2100.0,2107.0,2107.0,Madhya Pradesh,Rajgarh
2008-05-09,Soyabean,Biaora,1850.0,1938.0,1938.0,Madhya Pradesh,Rajgarh
2008-05-10,Soyabean,Biaora,2051.0,2238.0,2180.0,Madhya Pradesh,Rajgarh
2008-05-10,Soyabean,Biaora,1701.0,2175.0,2175.0,Madhya Pradesh,Rajgarh
2008-05-12,Soyabean,Biaora,2051.0,2250.0,2250.0,Madhya Pradesh,Rajgarh
2008-05-12,Soyabean,Biaora,1980.0,2150.0,2150.0,Madhya Pradesh,Rajgarh
2008-05-13,Soyabean,Biaora,2111.0,2115.0,2115.0,Madhya Pradesh,Rajgarh
2008-05-13,Soyabean,Biaora,2050.0,2240.0,2225.0,Madhya Pradesh,Rajgarh
2008-05-14,Soyabean,Biaora,2051.0,2251.0,2251.0,Madhya Pradesh,Rajgarh
2008-05-15,Soyabean,Biaora,2066.0,2175.0,2175.0,Madhya Pradesh,Rajgarh
2008-05-15,Soyabean,Biaora,2060.0,2190.0,2190.0,Madhya Pradesh,Rajgarh
2008-05-16,Soyabean,Biaora,2010.0,2225.0,2225.0,Madhya Pradesh,Rajgarh
2008-05-16,Soyabean,Biaora,1650.0,2200.0,2200.0,Madhya Pradesh,Rajgarh
2008-05-17,Soyabean,Biaora,1900.0,2222.0,2222.0,Madhya Pradesh,Rajgarh
2008-05-17,Soyabean,Biaora,2030.0,2231.0,2180.0,Madhya Pradesh,Rajgarh
2008-05-19,Soyabean,Biaora,1951.0,2200.0,2200.0,Madhya Pradesh,Rajgarh
2008-05-21,Soyabean,Biaora,1850.0,2200.0,2200.0,Madhya Pradesh,Rajgarh
2008-05-22,Soyabean,Biaora,1800.0,2350.0,2350.0,Madhya Pradesh,Rajgarh
2008-05-22,Soyabean,Biaora,2011.0,2352.0,2260.0,Madhya Pradesh,Rajgarh
2008-05-23,Soyabean,Biaora,2125.0,2251.0,2230.0,Madhya Pradesh,Rajgarh
2008-05-24,Soyabean,Biaora,2153.0,2325.0,2295.0,Madhya Pradesh,Rajgarh
2008-05-27,Soyabean,Biaora,1626.0,2260.0,2260.0,Madhya Pradesh,Rajgarh
2008-05-28,Soyabean,Biaora,2156.0,2451.0,2345.0,Madhya Pradesh,Rajgarh
2008-05-28,Soyabean,Biaora,2135.0,2481.0,2330.0,Madhya Pradesh,Rajgarh
2008-05-29,Soyabean,Biaora,2050.0,2303.0,2290.0,Madhya Pradesh,Rajgarh
2008-05-29,Soyabean,Biaora,2001.0,2376.0,2376.0,Madhya Pradesh,Rajgarh
2008-05-30,Soyabean,Biaora,2191.0,2311.0,2298.0,Madhya Pradesh,Rajgarh
2008-05-30,Soyabean,Biaora,2092.0,2333.0,2333.0,Madhya Pradesh,Rajgarh
2008-05-31,Soyabean,Biaora,2000.0,2381.0,2343.0,Madhya Pradesh,Rajgarh
2008-05-31,Soyabean,Biaora,2000.0,2360.0,2250.0,Madhya Pradesh,Rajgarh
2008-06-02,Soyabean,Biaora,2101.0,2392.0,2370.0,Madhya Pradesh,Rajgarh
2008-06-04,Soyabean,Biaora,2271.0,2370.0,2340.0,Madhya Pradesh,Rajgarh
2008-06-04,Soyabean,Biaora,1851.0,2333.0,2333.0,Madhya Pradesh,Rajgarh
2008-06-05,Soyabean,Biaora,1775.0,2511.0,2200.0,Madhya Pradesh,Rajgarh
2008-06-05,Soyabean,Biaora,2225.0,2380.0,2350.0,Madhya Pradesh,Rajgarh
2008-06-06,Soyabean,Biaora,2100.0,2375.0,2351.0,Madhya Pradesh,Rajgarh
2008-06-06,Soyabean,Biaora,2256.0,2256.0,2256.0,Madhya Pradesh,Rajgarh
2008-06-07,Soyabean,Biaora,1911.0,2385.0,2302.0,Madhya Pradesh,Rajgarh
2008-06-07,Soyabean,Biaora,2042.0,2355.0,2301.0,Madhya Pradesh,Rajgarh
2008-06-09,Soyabean,Biaora,1500.0,2385.0,2290.0,Madhya Pradesh,Rajgarh
2008-06-10,Soyabean,Biaora,1900.0,2384.0,2341.0,Madhya Pradesh,Rajgarh
2008-06-11,Soyabean,Biaora,2176.0,2425.0,2351.0,Madhya Pradesh,Rajgarh
2008-06-11,Soyabean,Biaora,1800.0,2447.0,2326.0,Madhya Pradesh,Rajgarh
2008-06-12,Soyabean,Biaora,2050.0,2485.0,2451.0,Madhya Pradesh,Rajgarh
2008-06-13,Soyabean,Biaora,1976.0,2831.0,2442.0,Madhya Pradesh,Rajgarh
2008-06-13,Soyabean,Biaora,1953.0,2450.0,2250.0,Madhya Pradesh,Rajgarh
2008-06-14,Soyabean,Biaora,2186.0,2702.0,2431.0,Madhya Pradesh,Rajgarh
2008-06-14,Soyabean,Biaora,1500.0,2630.0,2360.0,Madhya Pradesh,Rajgarh
2008-06-21,Soyabean,Biaora,1500.0,2630.0,2360.0,Madhya Pradesh,Rajgarh
2008-06-21,Soyabean,Biaora,2186.0,2702.0,2431.0,Madhya Pradesh,Rajgarh
2008-06-23,Soyabean,Biaora,2259.0,2313.0,2304.0,Madhya Pradesh,Rajgarh
2008-06-23,Soyabean,Biaora,2151.0,2301.0,2301.0,Madhya Pradesh,Rajgarh
2008-06-24,Soyabean,Biaora,2151.0,2301.0,2301.0,Madhya Pradesh,Rajgarh
2008-06-24,Soyabean,Biaora,2259.0,2313.0,2304.0,Madhya Pradesh,Rajgarh
2008-06-25,Soyabean,Biaora,2231.0,2299.0,2299.0,Madhya Pradesh,Rajgarh
2008-06-28,Soyabean,Biaora,2156.0,2451.0,2345.0,Madhya Pradesh,Rajgarh
2008-06-28,Soyabean,Biaora,2135.0,2481.0,2330.0,Madhya Pradesh,Rajgarh
2008-06-30,Soyabean,Biaora,2330.0,2330.0,2330.0,Madhya Pradesh,Rajgarh
2008-06-30,Soyabean,Biaora,2092.0,2333.0,2333.0,Madhya Pradesh,Rajgarh
2008-07-01,Soyabean,Biaora,2092.0,2333.0,2333.0,Madhya Pradesh,Rajgarh
2008-07-01,Soyabean,Biaora,1881.0,2151.0,2075.0,Madhya Pradesh,Rajgarh
2008-07-02,Soyabean,Biaora,2101.0,2392.0,2370.0,Madhya Pradesh,Rajgarh
2008-07-02,Soyabean,Biaora,2011.0,2300.0,2250.0,Madhya Pradesh,Rajgarh
2008-07-03,Soyabean,Biaora,2075.0,2450.0,2450.0,Madhya Pradesh,Rajgarh
2008-07-03,Soyabean,Biaora,1500.0,2680.0,2376.0,Madhya Pradesh,Rajgarh
2008-07-04,Soyabean,Biaora,1951.0,2311.0,2300.0,Madhya Pradesh,Rajgarh
2008-07-04,Soyabean,Biaora,1851.0,2333.0,2333.0,Madhya Pradesh,Rajgarh
2008-07-05,Soyabean,Biaora,1875.0,2352.0,2326.0,Madhya Pradesh,Rajgarh
2008-07-05,Soyabean,Biaora,1775.0,2511.0,2200.0,Madhya Pradesh,Rajgarh
2008-07-07,Soyabean,Biaora,1400.0,2355.0,2340.0,Madhya Pradesh,Rajgarh
2008-07-07,Soyabean,Biaora,1900.0,2384.0,2301.0,Madhya Pradesh,Rajgarh
2008-07-08,Soyabean,Biaora,2176.0,2425.0,2351.0,Madhya Pradesh,Rajgarh
2008-07-08,Soyabean,Biaora,1800.0,2447.0,2326.0,Madhya Pradesh,Rajgarh
2008-07-09,Soyabean,Biaora,2050.0,2400.0,2351.0,Madhya Pradesh,Rajgarh
2008-07-09,Soyabean,Biaora,2000.0,2471.0,2201.0,Madhya Pradesh,Rajgarh
2008-07-10,Soyabean,Biaora,1850.0,2425.0,2351.0,Madhya Pradesh,Rajgarh
2008-07-10,Soyabean,Biaora,2152.0,2435.0,2425.0,Madhya Pradesh,Rajgarh
2008-07-12,Soyabean,Biaora,1775.0,2511.0,2200.0,Madhya Pradesh,Rajgarh
2008-07-12,Soyabean,Biaora,1875.0,2352.0,2326.0,Madhya Pradesh,Rajgarh
2008-07-16,Soyabean,Biaora,2150.0,2265.0,2265.0,Madhya Pradesh,Rajgarh
2008-07-16,Soyabean,Biaora,1650.0,2200.0,2200.0,Madhya Pradesh,Rajgarh
2008-07-17,Soyabean,Biaora,2474.0,2650.0,2641.0,Madhya Pradesh,Rajgarh
2008-07-17,Soyabean,Biaora,2014.0,2236.0,2236.0,Madhya Pradesh,Rajgarh
2008-07-19,Soyabean,Biaora,2050.0,2250.0,2170.0,Madhya Pradesh,Rajgarh
2008-07-21,Soyabean,Biaora,1501.0,2640.0,2631.0,Madhya Pradesh,Rajgarh
2008-07-21,Soyabean,Biaora,1851.0,2333.0,2333.0,Madhya Pradesh,Rajgarh
2008-07-22,Soyabean,Biaora,2162.0,2605.0,2500.0,Madhya Pradesh,Rajgarh
2008-07-22,Soyabean,Biaora,2153.0,2325.0,2300.0,Madhya Pradesh,Rajgarh
2008-07-23,Soyabean,Biaora,2448.0,2575.0,2575.0,Madhya Pradesh,Rajgarh
2008-07-23,Soyabean,Biaora,2153.0,2325.0,2300.0,Madhya Pradesh,Rajgarh
2008-07-24,Soyabean,Biaora,2300.0,2565.0,2565.0,Madhya Pradesh,Rajgarh
2008-07-24,Soyabean,Biaora,2350.0,2517.0,2490.0,Madhya Pradesh,Rajgarh
2008-07-25,Soyabean,Biaora,2432.0,2602.0,2602.0,Madhya Pradesh,Rajgarh
2008-07-25,Soyabean,Biaora,2251.0,2604.0,2600.0,Madhya Pradesh,Rajgarh
2008-07-26,Soyabean,Biaora,2100.0,2600.0,2567.0,Madhya Pradesh,Rajgarh
2008-07-26,Soyabean,Biaora,2400.0,2552.0,2552.0,Madhya Pradesh,Rajgarh
2008-07-28,Soyabean,Biaora,1976.0,2528.0,2500.0,Madhya Pradesh,Rajgarh
2008-07-28,Soyabean,Biaora,2450.0,2520.0,2520.0,Madhya Pradesh,Rajgarh
2008-07-29,Soyabean,Biaora,2340.0,2340.0,2340.0,Madhya Pradesh,Rajgarh
2008-07-29,Soyabean,Biaora,2001.0,2376.0,2376.0,Madhya Pradesh,Rajgarh
2008-07-30,Soyabean,Biaora,2330.0,2330.0,2330.0,Madhya Pradesh,Rajgarh
2008-07-30,Soyabean,Biaora,2092.0,2333.0,2333.0,Madhya Pradesh,Rajgarh
2008-07-31,Soyabean,Biaora,2000.0,2520.0,2500.0,Madhya Pradesh,Rajgarh
2008-07-31,Soyabean,Biaora,1851.0,2333.0,2333.0,Madhya Pradesh,Rajgarh
2008-08-01,Soyabean,Biaora,2000.0,2194.0,2194.0,Madhya Pradesh,Rajgarh
2008-08-01,Soyabean,Biaora,2151.0,2301.0,2301.0,Madhya Pradesh,Rajgarh
2008-08-02,Soyabean,Biaora,2275.0,2444.0,2444.0,Madhya Pradesh,Rajgarh
2008-08-04,Soyabean,Biaora,2400.0,2400.0,2400.0,Madhya Pradesh,Rajgarh
2008-08-05,Soyabean,Biaora,2100.0,2480.0,2375.0,Madhya Pradesh,Rajgarh
2008-08-06,Soyabean,Biaora,2000.0,2401.0,2326.0,Madhya Pradesh,Rajgarh
2008-08-06,Soyabean,Biaora,2051.0,2352.0,2334.0,Madhya Pradesh,Rajgarh
2008-08-07,Soyabean,Biaora,2259.0,2313.0,2304.0,Madhya Pradesh,Rajgarh
2008-08-07,Soyabean,Biaora,2151.0,2301.0,2301.0,Madhya Pradesh,Rajgarh
2008-08-11,Soyabean,Biaora,2290.0,2530.0,2370.0,Madhya Pradesh,Rajgarh
2008-08-12,Soyabean,Biaora,2000.0,2451.0,2451.0,Madhya Pradesh,Rajgarh
2008-08-13,Soyabean,Biaora,2375.0,2500.0,2500.0,Madhya Pradesh,Rajgarh
2008-08-13,Soyabean,Biaora,2350.0,2570.0,2480.0,Madhya Pradesh,Rajgarh
2008-08-14,Soyabean,Biaora,2259.0,2313.0,2304.0,Madhya Pradesh,Rajgarh
2008-08-14,Soyabean,Biaora,2151.0,2301.0,2301.0,Madhya Pradesh,Rajgarh
2008-08-22,Soyabean,Biaora,2292.0,2501.0,2490.0,Madhya Pradesh,Rajgarh
2008-08-22,Soyabean,Biaora,2301.0,2485.0,2476.0,Madhya Pradesh,Rajgarh
2008-08-23,Soyabean,Biaora,2355.0,2575.0,2575.0,Madhya Pradesh,Rajgarh
2008-08-23,Soyabean,Biaora,2251.0,2450.0,2450.0,Madhya Pradesh,Rajgarh
2008-08-25,Soyabean,Biaora,2380.0,2550.0,2550.0,Madhya Pradesh,Rajgarh
2008-08-25,Soyabean,Biaora,2225.0,2540.0,2540.0,Madhya Pradesh,Rajgarh
2008-08-26,Soyabean,Biaora,2266.0,2350.0,2331.0,Madhya Pradesh,Rajgarh
2008-08-26,Soyabean,Biaora,2458.0,2458.0,2458.0,Madhya Pradesh,Rajgarh
2008-08-27,Soyabean,Biaora,2340.0,2400.0,2400.0,Madhya Pradesh,Rajgarh
2008-08-28,Soyabean,Biaora,2525.0,2525.0,2525.0,Madhya Pradesh,Rajgarh
2008-08-28,Soyabean,Biaora,2340.0,2500.0,2500.0,Madhya Pradesh,Rajgarh
2008-08-29,Soyabean,Biaora,2434.0,2550.0,2550.0,Madhya Pradesh,Rajgarh
2008-08-29,Soyabean,Biaora,1024.0,2491.0,2481.0,Madhya Pradesh,Rajgarh
2008-08-30,Soyabean,Biaora,2000.0,2230.0,2230.0,Madhya Pradesh,Rajgarh
2008-08-30,Soyabean,Biaora,2300.0,2500.0,2500.0,Madhya Pradesh,Rajgarh
2008-09-01,Soyabean,Biaora,2251.0,2513.0,2513.0,Madhya Pradesh,Rajgarh
2008-09-01,Soyabean,Biaora,2000.0,2491.0,2491.0,Madhya Pradesh,Rajgarh
2008-09-02,Soyabean,Biaora,2350.0,2601.0,2450.0,Madhya Pradesh,Rajgarh
2008-09-02,Soyabean,Biaora,1700.0,2511.0,2511.0,Madhya Pradesh,Rajgarh
2008-09-04,Soyabean,Biaora,2236.0,2236.0,2236.0,Madhya Pradesh,Rajgarh
2008-09-04,Soyabean,Biaora,1800.0,2350.0,2250.0,Madhya Pradesh,Rajgarh
2008-09-08,Soyabean,Biaora,1000.0,2440.0,2440.0,Madhya Pradesh,Rajgarh
2008-09-08,Soyabean,Biaora,2353.0,2550.0,2550.0,Madhya Pradesh,Rajgarh
2008-09-09,Soyabean,Biaora,2300.0,2499.0,2400.0,Madhya Pradesh,Rajgarh
2008-09-09,Soyabean,Biaora,2395.0,2477.0,2477.0,Madhya Pradesh,Rajgarh
2008-09-10,Soyabean,Biaora,2399.0,2461.0,2461.0,Madhya Pradesh,Rajgarh
2008-09-10,Soyabean,Biaora,2125.0,2250.0,2150.0,Madhya Pradesh,Rajgarh
2008-09-17,Soyabean,Biaora,1851.0,2365.0,2365.0,Madhya Pradesh,Rajgarh
2008-09-18,Soyabean,Biaora,2000.0,2251.0,2251.0,Madhya Pradesh,Rajgarh
2008-09-18,Soyabean,Biaora,2138.0,2138.0,2138.0,Madhya Pradesh,Rajgarh
2008-09-20,Soyabean,Biaora,1505.0,2400.0,2200.0,Madhya Pradesh,Rajgarh
2008-09-22,Soyabean,Biaora,1801.0,2327.0,2327.0,Madhya Pradesh,Rajgarh
2008-09-27,Soyabean,Biaora,1623.0,2101.0,1850.0,Madhya Pradesh,Rajgarh
2008-09-27,Soyabean,Biaora,1851.0,1950.0,1950.0,Madhya Pradesh,Rajgarh
2008-09-29,Soyabean,Biaora,1800.0,1875.0,1875.0,Madhya Pradesh,Rajgarh
2008-09-30,Soyabean,Biaora,1500.0,1940.0,1700.0,Madhya Pradesh,Rajgarh
2008-09-30,Soyabean,Biaora,1600.0,1805.0,1650.0,Madhya Pradesh,Rajgarh
2008-10-01,Soyabean,Biaora,1600.0,1980.0,1870.0,Madhya Pradesh,Rajgarh
2008-10-01,Soyabean,Biaora,1600.0,1850.0,1700.0,Madhya Pradesh,Rajgarh
2008-10-03,Soyabean,Biaora,1300.0,1736.0,1580.0,Madhya Pradesh,Rajgarh
2008-10-03,Soyabean,Biaora,1391.0,1719.0,1700.0,Madhya Pradesh,Rajgarh
2008-10-04,Soyabean,Biaora,1290.0,1700.0,1600.0,Madhya Pradesh,Rajgarh
2008-10-04,Soyabean,Biaora,1451.0,1715.0,1715.0,Madhya Pradesh,Rajgarh
2008-10-06,Soyabean,Biaora,1010.0,1900.0,1625.0,Madhya Pradesh,Rajgarh
2008-10-07,Soyabean,Biaora,1292.0,1601.0,1475.0,Madhya Pradesh,Rajgarh
2008-10-07,Soyabean,Biaora,800.0,1900.0,1400.0,Madhya Pradesh,Rajgarh
2008-10-11,Soyabean,Biaora,1150.0,1576.0,1540.0,Madhya Pradesh,Rajgarh
2008-10-11,Soyabean,Biaora,700.0,1600.0,1540.0,Madhya Pradesh,Rajgarh
2008-10-13,Soyabean,Biaora,1015.0,1658.0,1540.0,Madhya Pradesh,Rajgarh
2008-10-16,Soyabean,Biaora,1000.0,1540.0,1475.0,Madhya Pradesh,Rajgarh
2008-10-16,Soyabean,Biaora,1151.0,1538.0,1490.0,Madhya Pradesh,Rajgarh
2008-10-17,Soyabean,Biaora,900.0,1600.0,1491.0,Madhya Pradesh,Rajgarh
2008-10-17,Soyabean,Biaora,900.0,1585.0,1551.0,Madhya Pradesh,Rajgarh
2008-10-18,Soyabean,Biaora,1201.0,1575.0,1521.0,Madhya Pradesh,Rajgarh
2008-10-20,Soyabean,Biaora,1350.0,1622.0,1570.0,Madhya Pradesh,Rajgarh
2008-10-20,Soyabean,Biaora,936.0,1625.0,1600.0,Madhya Pradesh,Rajgarh
2008-10-21,Soyabean,Biaora,1220.0,1623.0,1550.0,Madhya Pradesh,Rajgarh
2008-10-21,Soyabean,Biaora,700.0,1690.0,1625.0,Madhya Pradesh,Rajgarh
2008-10-22,Soyabean,Biaora,1176.0,1722.0,1550.0,Madhya Pradesh,Rajgarh
2008-10-22,Soyabean,Biaora,800.0,1681.0,1500.0,Madhya Pradesh,Rajgarh
2008-10-23,Soyabean,Biaora,1068.0,1632.0,1540.0,Madhya Pradesh,Rajgarh
2008-10-23,Soyabean,Biaora,1000.0,1582.0,1525.0,Madhya Pradesh,Rajgarh
2008-10-24,Soyabean,Biaora,1200.0,1613.0,1500.0,Madhya Pradesh,Rajgarh
2008-10-24,Soyabean,Biaora,701.0,1658.0,1500.0,Madhya Pradesh,Rajgarh
2008-10-25,Soyabean,Biaora,1150.0,1600.0,1550.0,Madhya Pradesh,Rajgarh
2008-10-25,Soyabean,Biaora,1023.0,1581.0,1540.0,Madhya Pradesh,Rajgarh
2008-10-27,Soyabean,Biaora,1480.0,1485.0,1482.0,Madhya Pradesh,Rajgarh
2008-10-27,Soyabean,Biaora,1513.0,1515.0,1515.0,Madhya Pradesh,Rajgarh
2008-10-30,Soyabean,Biaora,1203.0,1647.0,1560.0,Madhya Pradesh,Rajgarh
2008-10-30,Soyabean,Biaora,800.0,1597.0,1561.0,Madhya Pradesh,Rajgarh
2008-10-31,Soyabean,Biaora,1176.0,1622.0,1591.0,Madhya Pradesh,Rajgarh
2008-10-31,Soyabean,Biaora,1000.0,1610.0,1610.0,Madhya Pradesh,Rajgarh
2008-11-01,Soyabean,Biaora,1341.0,1606.0,1541.0,Madhya Pradesh,Rajgarh
2008-11-03,Soyabean,Biaora,1180.0,1659.0,1580.0,Madhya Pradesh,Rajgarh
2008-11-03,Soyabean,Biaora,800.0,1611.0,1550.0,Madhya Pradesh,Rajgarh
2008-11-04,Soyabean,Biaora,926.0,1630.0,1551.0,Madhya Pradesh,Rajgarh
2008-11-04,Soyabean,Biaora,1160.0,1589.0,1540.0,Madhya Pradesh,Rajgarh
2008-11-05,Soyabean,Biaora,800.0,1600.0,1540.0,Madhya Pradesh,Rajgarh
2008-11-05,Soyabean,Biaora,600.0,1638.0,1550.0,Madhya Pradesh,Rajgarh
2008-11-06,Soyabean,Biaora,1000.0,1600.0,1475.0,Madhya Pradesh,Rajgarh
2008-11-06,Soyabean,Biaora,1090.0,1614.0,1530.0,Madhya Pradesh,Rajgarh
2008-11-07,Soyabean,Biaora,600.0,1591.0,1525.0,Madhya Pradesh,Rajgarh
2008-11-07,Soyabean,Biaora,858.0,1581.0,1520.0,Madhya Pradesh,Rajgarh
2008-11-10,Soyabean,Biaora,1205.0,1582.0,1525.0,Madhya Pradesh,Rajgarh
2008-11-10,Soyabean,Biaora,805.0,1615.0,1560.0,Madhya Pradesh,Rajgarh
2008-11-11,Soyabean,Biaora,1253.0,1574.0,1525.0,Madhya Pradesh,Rajgarh
2008-11-11,Soyabean,Biaora,1000.0,1613.0,1550.0,Madhya Pradesh,Rajgarh
2008-11-12,Soyabean,Biaora,1000.0,1578.0,1530.0,Madhya Pradesh,Rajgarh
2008-11-12,Soyabean,Biaora,1000.0,1551.0,1519.0,Madhya Pradesh,Rajgarh
2008-11-14,Soyabean,Biaora,700.0,1530.0,1420.0,Madhya Pradesh,Rajgarh
2008-11-14,Soyabean,Biaora,711.0,1518.0,1480.0,Madhya Pradesh,Rajgarh
2008-11-15,Soyabean,Biaora,600.0,1499.0,1440.0,Madhya Pradesh,Rajgarh
2008-11-15,Soyabean,Biaora,1063.0,1515.0,1470.0,Madhya Pradesh,Rajgarh
2008-11-17,Soyabean,Biaora,1100.0,1476.0,1441.0,Madhya Pradesh,Rajgarh
2008-11-18,Soyabean,Biaora,701.0,1485.0,1440.0,Madhya Pradesh,Rajgarh
2008-11-18,Soyabean,Biaora,1175.0,1471.0,1437.0,Madhya Pradesh,Rajgarh
2008-11-19,Soyabean,Biaora,1000.0,1492.0,1461.0,Madhya Pradesh,Rajgarh
2008-11-19,Soyabean,Biaora,1100.0,1495.0,1471.0,Madhya Pradesh,Rajgarh
2008-11-20,Soyabean,Biaora,1100.0,1526.0,1450.0,Madhya Pradesh,Rajgarh
2008-11-20,Soyabean,Biaora,1025.0,1525.0,1465.0,Madhya Pradesh,Rajgarh
2008-11-21,Soyabean,Biaora,1200.0,1535.0,1501.0,Madhya Pradesh,Rajgarh
2008-11-21,Soyabean,Biaora,1154.0,1550.0,1491.0,Madhya Pradesh,Rajgarh
2008-11-24,Soyabean,Biaora,1400.0,1675.0,1601.0,Madhya Pradesh,Rajgarh
2008-11-24,Soyabean,Biaora,1000.0,1627.0,1550.0,Madhya Pradesh,Rajgarh
2008-11-25,Soyabean,Biaora,1350.0,1600.0,1570.0,Madhya Pradesh,Rajgarh
2008-11-25,Soyabean,Biaora,1275.0,1625.0,1576.0,Madhya Pradesh,Rajgarh
2008-11-26,Soyabean,Biaora,1151.0,1601.0,1590.0,Madhya Pradesh,Rajgarh
2008-11-26,Soyabean,Biaora,1300.0,1601.0,1561.0,Madhya Pradesh,Rajgarh
2008-11-28,Soyabean,Biaora,1000.0,1644.0,1622.0,Madhya Pradesh,Rajgarh
2008-11-28,Soyabean,Biaora,1300.0,1681.0,1651.0,Madhya Pradesh,Rajgarh
2008-11-29,Soyabean,Biaora,1300.0,1676.0,1645.0,Madhya Pradesh,Rajgarh
2008-11-29,Soyabean,Biaora,1260.0,1705.0,1700.0,Madhya Pradesh,Rajgarh
2008-12-01,Soyabean,Biaora,1000.0,1683.0,1659.0,Madhya Pradesh,Rajgarh
2008-12-01,Soyabean,Biaora,1199.0,1712.0,1676.0,Madhya Pradesh,Rajgarh
2008-12-02,Soyabean,Biaora,1291.0,1673.0,1600.0,Madhya Pradesh,Rajgarh
2008-12-03,Soyabean,Biaora,1151.0,1671.0,1641.0,Madhya Pradesh,Rajgarh
2008-12-04,Soyabean,Biaora,1150.0,1650.0,1615.0,Madhya Pradesh,Rajgarh
2008-12-05,Soyabean,Biaora,1001.0,1655.0,1600.0,Madhya Pradesh,Rajgarh
2008-12-05,Soyabean,Biaora,1200.0,1624.0,1605.0,Madhya Pradesh,Rajgarh
2008-12-06,Soyabean,Biaora,1200.0,1626.0,1550.0,Madhya Pradesh,Rajgarh
2008-12-06,Soyabean,Biaora,1000.0,1609.0,1570.0,Madhya Pradesh,Rajgarh
2008-12-08,Soyabean,Biaora,1500.0,1652.0,1599.0,Madhya Pradesh,Rajgarh
2008-12-08,Soyabean,Biaora,1355.0,1640.0,1550.0,Madhya Pradesh,Rajgarh
2008-12-10,Soyabean,Biaora,1450.0,1711.0,1672.0,Madhya Pradesh,Rajgarh
2008-12-11,Soyabean,Biaora,1500.0,1771.0,1690.0,Madhya Pradesh,Rajgarh
2008-12-11,Soyabean,Biaora,1300.0,1767.0,1721.0,Madhya Pradesh,Rajgarh
2008-12-12,Soyabean,Biaora,1300.0,1740.0,1690.0,Madhya Pradesh,Rajgarh
2008-12-12,Soyabean,Biaora,1392.0,1739.0,1700.0,Madhya Pradesh,Rajgarh
2008-12-13,Soyabean,Biaora,1470.0,1742.0,1711.0,Madhya Pradesh,Rajgarh
2008-12-13,Soyabean,Biaora,1410.0,1718.0,1675.0,Madhya Pradesh,Rajgarh
2008-12-15,Soyabean,Biaora,1300.0,1762.0,1675.0,Madhya Pradesh,Rajgarh
2008-12-15,Soyabean,Biaora,1446.0,1700.0,1680.0,Madhya Pradesh,Rajgarh
2008-12-16,Soyabean,Biaora,1000.0,1728.0,1659.0,Madhya Pradesh,Rajgarh
2008-12-16,Soyabean,Biaora,1400.0,1712.0,1662.0,Madhya Pradesh,Rajgarh
2008-12-17,Soyabean,Biaora,1100.0,1726.0,1650.0,Madhya Pradesh,Rajgarh
2008-12-17,Soyabean,Biaora,1392.0,1721.0,1686.0,Madhya Pradesh,Rajgarh
2008-12-18,Soyabean,Biaora,1385.0,1730.0,1700.0,Madhya Pradesh,Rajgarh
2008-12-18,Soyabean,Biaora,1318.0,1747.0,1703.0,Madhya Pradesh,Rajgarh
2008-12-19,Soyabean,Biaora,1501.0,1751.0,1740.0,Madhya Pradesh,Rajgarh
2008-12-19,Soyabean,Biaora,1401.0,1751.0,1715.0,Madhya Pradesh,Rajgarh
2008-12-20,Soyabean,Biaora,1391.0,1745.0,1728.0,Madhya Pradesh,Rajgarh
2008-12-22,Soyabean,Biaora,1430.0,1801.0,1760.0,Madhya Pradesh,Rajgarh
2008-12-22,Soyabean,Biaora,1391.0,1774.0,1752.0,Madhya Pradesh,Rajgarh
2008-12-23,Soyabean,Biaora,1441.0,1797.0,1761.0,Madhya Pradesh,Rajgarh
2008-12-23,Soyabean,Biaora,1100.0,1826.0,1790.0,Madhya Pradesh,Rajgarh
2008-12-24,Soyabean,Biaora,1350.0,1832.0,1826.0,Madhya Pradesh,Rajgarh
2008-12-24,Soyabean,Biaora,1450.0,1816.0,1758.0,Madhya Pradesh,Rajgarh
2008-12-26,Soyabean,Biaora,1351.0,1876.0,1825.0,Madhya Pradesh,Rajgarh
2008-12-26,Soyabean,Biaora,1525.0,1840.0,1788.0,Madhya Pradesh,Rajgarh
2008-12-27,Soyabean,Biaora,1450.0,1886.0,1838.0,Madhya Pradesh,Rajgarh
2008-12-27,Soyabean,Biaora,1151.0,1931.0,1871.0,Madhya Pradesh,Rajgarh
2008-12-29,Soyabean,Biaora,1502.0,1941.0,1850.0,Madhya Pradesh,Rajgarh
2008-12-29,Soyabean,Biaora,1650.0,1930.0,1915.0,Madhya Pradesh,Rajgarh
2008-12-30,Soyabean,Biaora,1203.0,1981.0,1913.0,Madhya Pradesh,Rajgarh
2008-12-30,Soyabean,Biaora,1500.0,1921.0,1880.0,Madhya Pradesh,Rajgarh
2008-12-31,Soyabean,Biaora,1732.0,1938.0,1900.0,Madhya Pradesh,Rajgarh
2008-12-31,Soyabean,Biaora,1391.0,1905.0,1850.0,Madhya Pradesh,Rajgarh
2009-01-01,Soyabean,Biaora,1109.0,1933.0,1850.0,Madhya Pradesh,Rajgarh
2009-01-01,Soyabean,Biaora,1679.0,1924.0,1865.0,Madhya Pradesh,Rajgarh
2009-01-02,Soyabean,Biaora,1350.0,1945.0,1900.0,Madhya Pradesh,Rajgarh
2009-01-02,Soyabean,Biaora,1401.0,1929.0,1895.0,Madhya Pradesh,Rajgarh
2009-01-03,Soyabean,Biaora,1393.0,1931.0,1897.0,Madhya Pradesh,Rajgarh
2009-01-03,Soyabean,Biaora,1200.0,1965.0,1900.0,Madhya Pradesh,Rajgarh
2009-01-05,Soyabean,Biaora,810.0,1987.0,1960.0,Madhya Pradesh,Rajgarh
2009-01-05,Soyabean,Biaora,1500.0,1972.0,1932.0,Madhya Pradesh,Rajgarh
2009-01-06,Soyabean,Biaora,1776.0,2040.0,2011.0,Madhya Pradesh,Rajgarh
2009-01-06,Soyabean,Biaora,1754.0,2051.0,1998.0,Madhya Pradesh,Rajgarh
2009-01-07,Soyabean,Biaora,800.0,2125.0,2075.0,Madhya Pradesh,Rajgarh
2009-01-07,Soyabean,Biaora,1675.0,2082.0,2000.0,Madhya Pradesh,Rajgarh
2009-01-09,Soyabean,Biaora,1563.0,2110.0,2040.0,Madhya Pradesh,Rajgarh
2009-01-09,Soyabean,Biaora,1591.0,2045.0,2040.0,Madhya Pradesh,Rajgarh
2009-01-10,Soyabean,Biaora,2000.0,2181.0,2000.0,Madhya Pradesh,Rajgarh
2009-01-10,Soyabean,Biaora,1810.0,2170.0,2167.0,Madhya Pradesh,Rajgarh
2009-01-12,Soyabean,Biaora,1625.0,2198.0,2100.0,Madhya Pradesh,Rajgarh
2009-01-12,Soyabean,Biaora,1885.0,2300.0,2191.0,Madhya Pradesh,Rajgarh
2009-01-13,Soyabean,Biaora,1734.0,2080.0,2060.0,Madhya Pradesh,Rajgarh
2009-01-13,Soyabean,Biaora,1825.0,2205.0,2080.0,Madhya Pradesh,Rajgarh
2009-01-14,Soyabean,Biaora,2000.0,2000.0,2000.0,Madhya Pradesh,Rajgarh
2009-01-14,Soyabean,Biaora,1875.0,2152.0,2152.0,Madhya Pradesh,Rajgarh
2009-01-15,Soyabean,Biaora,2145.0,2198.0,2198.0,Madhya Pradesh,Rajgarh
2009-01-15,Soyabean,Biaora,2040.0,2166.0,2129.0,Madhya Pradesh,Rajgarh
2009-01-16,Soyabean,Biaora,1990.0,2191.0,2100.0,Madhya Pradesh,Rajgarh
2009-01-17,Soyabean,Biaora,1391.0,2222.0,2185.0,Madhya Pradesh,Rajgarh
2009-01-19,Soyabean,Biaora,1800.0,2204.0,2155.0,Madhya Pradesh,Rajgarh
2009-01-19,Soyabean,Biaora,1981.0,2340.0,2225.0,Madhya Pradesh,Rajgarh
2009-01-20,Soyabean,Biaora,1951.0,2215.0,2150.0,Madhya Pradesh,Rajgarh
2009-01-20,Soyabean,Biaora,1670.0,2218.0,2152.0,Madhya Pradesh,Rajgarh
2009-01-21,Soyabean,Biaora,1500.0,2181.0,2130.0,Madhya Pradesh,Rajgarh
2009-01-22,Soyabean,Biaora,1650.0,2341.0,2250.0,Madhya Pradesh,Rajgarh
2009-01-22,Soyabean,Biaora,1600.0,2311.0,2250.0,Madhya Pradesh,Rajgarh
2009-01-23,Soyabean,Biaora,1500.0,2352.0,2300.0,Madhya Pradesh,Rajgarh
2009-01-23,Soyabean,Biaora,1618.0,2371.0,2270.0,Madhya Pradesh,Rajgarh
2009-01-24,Soyabean,Biaora,1701.0,2380.0,2300.0,Madhya Pradesh,Rajgarh
2009-01-24,Soyabean,Biaora,1600.0,2311.0,2271.0,Madhya Pradesh,Rajgarh
2009-01-27,Soyabean,Biaora,2000.0,2309.0,2164.0,Madhya Pradesh,Rajgarh
2009-01-27,Soyabean,Biaora,1400.0,2404.0,2300.0,Madhya Pradesh,Rajgarh
2009-01-28,Soyabean,Biaora,1201.0,2351.0,2280.0,Madhya Pradesh,Rajgarh
2009-01-28,Soyabean,Biaora,1600.0,2302.0,2282.0,Madhya Pradesh,Rajgarh
2009-01-29,Soyabean,Biaora,1400.0,2364.0,2200.0,Madhya Pradesh,Rajgarh
2009-01-29,Soyabean,Biaora,1664.0,2260.0,2125.0,Madhya Pradesh,Rajgarh
2009-01-30,Soyabean,Biaora,1400.0,2311.0,2275.0,Madhya Pradesh,Rajgarh
2009-01-30,Soyabean,Biaora,1807.0,2270.0,2170.0,Madhya Pradesh,Rajgarh
2009-01-31,Soyabean,Biaora,1390.0,2260.0,2200.0,Madhya Pradesh,Rajgarh
2009-01-31,Soyabean,Biaora,1822.0,2235.0,2189.0,Madhya Pradesh,Rajgarh
2009-02-02,Soyabean,Biaora,1400.0,2229.0,2176.0,Madhya Pradesh,Rajgarh
2009-02-02,Soyabean,Biaora,1500.0,2177.0,2142.0,Madhya Pradesh,Rajgarh
2009-02-03,Soyabean,Biaora,1900.0,2158.0,2130.0,Madhya Pradesh,Rajgarh
2009-02-03,Soyabean,Biaora,1400.0,2151.0,2105.0,Madhya Pradesh,Rajgarh
2009-02-04,Soyabean,Biaora,1665.0,2178.0,2117.0,Madhya Pradesh,Rajgarh
2009-02-04,Soyabean,Biaora,1840.0,2224.0,2176.0,Madhya Pradesh,Rajgarh
2009-02-05,Soyabean,Biaora,1625.0,2301.0,2201.0,Madhya Pradesh,Rajgarh
2009-02-05,Soyabean,Biaora,900.0,2269.0,2100.0,Madhya Pradesh,Rajgarh
2009-02-06,Soyabean,Biaora,2182.0,2301.0,2293.0,Madhya Pradesh,Rajgarh
2009-02-07,Soyabean,Biaora,1800.0,2355.0,2328.0,Madhya Pradesh,Rajgarh
2009-02-07,Soyabean,Biaora,1390.0,2401.0,2300.0,Madhya Pradesh,Rajgarh
2009-02-09,Soyabean,Biaora,2011.0,2300.0,2276.0,Madhya Pradesh,Rajgarh
2009-02-10,Soyabean,Biaora,1725.0,2256.0,2200.0,Madhya Pradesh,Rajgarh
2009-02-10,Soyabean,Biaora,1850.0,2296.0,2260.0,Madhya Pradesh,Rajgarh
2009-02-11,Soyabean,Biaora,1001.0,2250.0,2190.0,Madhya Pradesh,Rajgarh
2009-02-11,Soyabean,Biaora,1814.0,2287.0,2274.0,Madhya Pradesh,Rajgarh
2009-02-12,Soyabean,Biaora,1751.0,2260.0,2176.0,Madhya Pradesh,Rajgarh
2009-02-12,Soyabean,Biaora,1652.0,2264.0,2264.0,Madhya Pradesh,Rajgarh
2009-02-13,Soyabean,Biaora,1885.0,2272.0,2269.0,Madhya Pradesh,Rajgarh
2009-02-13,Soyabean,Biaora,1881.0,2246.0,2199.0,Madhya Pradesh,Rajgarh
2009-02-14,Soyabean,Biaora,2200.0,2200.0,2200.0,Madhya Pradesh,Rajgarh
2009-02-14,Soyabean,Biaora,1725.0,2235.0,2150.0,Madhya Pradesh,Rajgarh
2009-02-16,Soyabean,Biaora,1800.0,2240.0,2200.0,Madhya Pradesh,Rajgarh
2009-02-16,Soyabean,Biaora,1600.0,2199.0,2151.0,Madhya Pradesh,Rajgarh
2009-02-17,Soyabean,Biaora,1551.0,2205.0,2175.0,Madhya Pradesh,Rajgarh
2009-02-17,Soyabean,Biaora,1938.0,2200.0,2132.0,Madhya Pradesh,Rajgarh
2009-02-18,Soyabean,Biaora,1876.0,2152.0,2100.0,Madhya Pradesh,Rajgarh
2009-02-18,Soyabean,Biaora,1936.0,2166.0,2140.0,Madhya Pradesh,Rajgarh
2009-02-19,Soyabean,Biaora,1751.0,2175.0,2075.0,Madhya Pradesh,Rajgarh
2009-02-19,Soyabean,Biaora,1700.0,2119.0,2040.0,Madhya Pradesh,Rajgarh
2009-02-20,Soyabean,Biaora,1600.0,2121.0,1950.0,Madhya Pradesh,Rajgarh
2009-02-20,Soyabean,Biaora,2052.0,2201.0,2185.0,Madhya Pradesh,Rajgarh
2009-02-21,Soyabean,Biaora,1800.0,2110.0,2068.0,Madhya Pradesh,Rajgarh
2009-02-21,Soyabean,Biaora,1112.0,2185.0,2138.0,Madhya Pradesh,Rajgarh
2009-02-24,Soyabean,Biaora,2025.0,2255.0,2235.0,Madhya Pradesh,Rajgarh
2009-02-24,Soyabean,Biaora,1550.0,2180.0,2171.0,Madhya Pradesh,Rajgarh
2009-02-25,Soyabean,Biaora,1203.0,2502.0,2265.0,Madhya Pradesh,Rajgarh
2009-02-25,Soyabean,Biaora,1880.0,2300.0,2239.0,Madhya Pradesh,Rajgarh
2009-02-26,Soyabean,Biaora,1403.0,2274.0,2181.0,Madhya Pradesh,Rajgarh
2009-02-26,Soyabean,Biaora,1900.0,2235.0,2205.0,Madhya Pradesh,Rajgarh
2009-02-27,Soyabean,Biaora,1500.0,2226.0,2205.0,Madhya Pradesh,Rajgarh
2009-02-27,Soyabean,Biaora,1851.0,2300.0,2185.0,Madhya Pradesh,Rajgarh
2009-02-28,Soyabean,Biaora,1901.0,2220.0,2111.0,Madhya Pradesh,Rajgarh
2009-02-28,Soyabean,Biaora,2095.0,2241.0,2218.0,Madhya Pradesh,Rajgarh
2009-03-02,Soyabean,Biaora,1900.0,2220.0,2200.0,Madhya Pradesh,Rajgarh
2009-03-02,Soyabean,Biaora,1859.0,2250.0,2150.0,Madhya Pradesh,Rajgarh
2009-03-03,Soyabean,Biaora,1934.0,2210.0,2200.0,Madhya Pradesh,Rajgarh
2009-03-03,Soyabean,Biaora,1411.0,2199.0,2170.0,Madhya Pradesh,Rajgarh
2009-03-04,Soyabean,Biaora,1501.0,2214.0,2150.0,Madhya Pradesh,Rajgarh
2009-03-04,Soyabean,Biaora,1740.0,2225.0,2160.0,Madhya Pradesh,Rajgarh
2009-03-05,Soyabean,Biaora,1401.0,2291.0,2201.0,Madhya Pradesh,Rajgarh
2009-03-05,Soyabean,Biaora,2000.0,2222.0,2145.0,Madhya Pradesh,Rajgarh
2009-03-06,Soyabean,Biaora,1701.0,2201.0,2180.0,Madhya Pradesh,Rajgarh
2009-03-06,Soyabean,Biaora,1600.0,2230.0,2150.0,Madhya Pradesh,Rajgarh
2009-08-01,Soyabean,Biaora,2018.0,2160.0,2110.0,Madhya Pradesh,Rajgarh
2009-08-02,Soyabean,Biaora,2043.0,2166.0,2100.0,Madhya Pradesh,Rajgarh
2009-08-04,Soyabean,Biaora,2165.0,2259.0,2210.0,Madhya Pradesh,Rajgarh
2009-08-07,Soyabean,Biaora,2208.0,2262.0,2240.0,Madhya Pradesh,Rajgarh
2009-08-08,Soyabean,Biaora,2270.0,2325.0,2300.0,Madhya Pradesh,Rajgarh
2009-08-09,Soyabean,Biaora,2210.0,2280.0,2225.0,Madhya Pradesh,Rajgarh
2009-08-12,Soyabean,Biaora,2195.0,2265.0,2225.0,Madhya Pradesh,Rajgarh
2009-08-13,Soyabean,Biaora,2205.0,2237.0,2225.0,Madhya Pradesh,Rajgarh
2009-08-16,Soyabean,Biaora,2160.0,2210.0,2190.0,Madhya Pradesh,Rajgarh
2009-08-18,Soyabean,Biaora,2135.0,2180.0,2150.0,Madhya Pradesh,Rajgarh
2009-08-19,Soyabean,Biaora,2015.0,2189.0,2100.0,Madhya Pradesh,Rajgarh
2009-08-21,Soyabean,Biaora,2000.0,2190.0,2140.0,Madhya Pradesh,Rajgarh
2009-08-25,Soyabean,Biaora,2160.0,2239.0,2200.0,Madhya Pradesh,Rajgarh
2009-08-27,Soyabean,Biaora,2150.0,2216.0,2200.0,Madhya Pradesh,Rajgarh
2009-08-28,Soyabean,Biaora,2180.0,2195.0,2185.0,Madhya Pradesh,Rajgarh
2009-08-29,Soyabean,Biaora,2129.0,2180.0,2150.0,Madhya Pradesh,Rajgarh
2009-08-30,Soyabean,Biaora,2105.0,2190.0,2145.0,Madhya Pradesh,Rajgarh
2009-09-01,Soyabean,Biaora,2050.0,2120.0,2080.0,Madhya Pradesh,Rajgarh
2009-09-02,Soyabean,Biaora,2040.0,2080.0,2060.0,Madhya Pradesh,Rajgarh
2009-09-04,Soyabean,Biaora,2008.0,2050.0,2020.0,Madhya Pradesh,Rajgarh
2009-09-05,Soyabean,Biaora,1950.0,2020.0,1990.0,Madhya Pradesh,Rajgarh
2009-09-06,Soyabean,Biaora,1915.0,1959.0,1940.0,Madhya Pradesh,Rajgarh
2009-09-08,Soyabean,Biaora,1900.0,1965.0,1945.0,Madhya Pradesh,Rajgarh
2009-09-09,Soyabean,Biaora,1970.0,1976.0,1973.0,Madhya Pradesh,Rajgarh
2009-09-10,Soyabean,Biaora,1900.0,1960.0,1930.0,Madhya Pradesh,Rajgarh
2009-09-11,Soyabean,Biaora,1915.0,1972.0,1945.0,Madhya Pradesh,Rajgarh
2009-09-12,Soyabean,Biaora,1890.0,1940.0,1915.0,Madhya Pradesh,Rajgarh
2009-09-13,Soyabean,Biaora,1800.0,1876.0,1840.0,Madhya Pradesh,Rajgarh
2009-09-16,Soyabean,Biaora,1895.0,1915.0,1905.0,Madhya Pradesh,Rajgarh
2009-09-20,Soyabean,Biaora,1800.0,1875.0,1840.0,Madhya Pradesh,Rajgarh
2009-09-23,Soyabean,Biaora,1805.0,1870.0,1835.0,Madhya Pradesh,Rajgarh
2009-09-24,Soyabean,Biaora,1800.0,1840.0,1820.0,Madhya Pradesh,Rajgarh
2009-09-25,Soyabean,Biaora,1890.0,1930.0,1910.0,Madhya Pradesh,Rajgarh
2009-09-29,Soyabean,Biaora,1896.0,1948.0,1920.0,Madhya Pradesh,Rajgarh
2009-09-30,Soyabean,Biaora,1900.0,1962.0,1930.0,Madhya Pradesh,Rajgarh
2009-10-01,Soyabean,Biaora,1900.0,1989.0,1950.0,Madhya Pradesh,Rajgarh
2009-10-02,Soyabean,Biaora,1905.0,1940.0,1920.0,Madhya Pradesh,Rajgarh
2009-10-03,Soyabean,Biaora,1890.0,1925.0,1910.0,Madhya Pradesh,Rajgarh
2009-10-04,Soyabean,Biaora,1850.0,1925.0,1890.0,Madhya Pradesh,Rajgarh
2009-10-06,Soyabean,Biaora,1890.0,1930.0,1910.0,Madhya Pradesh,Rajgarh
2009-10-07,Soyabean,Biaora,1910.0,2000.0,1960.0,Madhya Pradesh,Rajgarh
2009-10-09,Soyabean,Biaora,1680.0,2021.0,1850.0,Madhya Pradesh,Rajgarh
2009-10-10,Soyabean,Biaora,1850.0,2008.0,1950.0,Madhya Pradesh,Rajgarh
2009-10-11,Soyabean,Biaora,1843.0,1990.0,1900.0,Madhya Pradesh,Rajgarh
2009-10-13,Soyabean,Biaora,1880.0,2000.0,1940.0,Madhya Pradesh,Rajgarh
2009-10-14,Soyabean,Biaora,1895.0,1956.0,1930.0,Madhya Pradesh,Rajgarh
2009-10-21,Soyabean,Biaora,1835.0,1965.0,1900.0,Madhya Pradesh,Rajgarh
2009-10-22,Soyabean,Biaora,1850.0,1935.0,1905.0,Madhya Pradesh,Rajgarh
2009-10-24,Soyabean,Biaora,1800.0,1840.0,1820.0,Madhya Pradesh,Rajgarh
2009-10-25,Soyabean,Biaora,1980.0,2031.0,2000.0,Madhya Pradesh,Rajgarh
2009-10-27,Soyabean,Biaora,1995.0,2020.0,2010.0,Madhya Pradesh,Rajgarh
2009-10-28,Soyabean,Biaora,1980.0,2021.0,2000.0,Madhya Pradesh,Rajgarh
2009-10-30,Soyabean,Biaora,2005.0,2055.0,2030.0,Madhya Pradesh,Rajgarh
2009-10-31,Soyabean,Biaora,2010.0,2060.0,2035.0,Madhya Pradesh,Rajgarh
2009-11-01,Soyabean,Biaora,2010.0,2070.0,2030.0,Madhya Pradesh,Rajgarh
2009-11-03,Soyabean,Biaora,2050.0,2125.0,2090.0,Madhya Pradesh,Rajgarh
2009-11-04,Soyabean,Biaora,2105.0,2140.0,2120.0,Madhya Pradesh,Rajgarh
2009-11-05,Soyabean,Biaora,2142.0,2200.0,2180.0,Madhya Pradesh,Rajgarh
2009-11-06,Soyabean,Biaora,2200.0,2256.0,2225.0,Madhya Pradesh,Rajgarh
2009-11-07,Soyabean,Biaora,2190.0,2235.0,2210.0,Madhya Pradesh,Rajgarh
2009-11-08,Soyabean,Biaora,2200.0,2238.0,2215.0,Madhya Pradesh,Rajgarh
2009-11-10,Soyabean,Biaora,2160.0,2202.0,2190.0,Madhya Pradesh,Rajgarh
2009-11-11,Soyabean,Biaora,2160.0,2202.0,2180.0,Madhya Pradesh,Rajgarh
2009-11-13,Soyabean,Biaora,2142.0,2195.0,2160.0,Madhya Pradesh,Rajgarh
2009-11-14,Soyabean,Biaora,2150.0,2200.0,2175.0,Madhya Pradesh,Rajgarh
2009-11-15,Soyabean,Biaora,2130.0,2195.0,2145.0,Madhya Pradesh,Rajgarh
2009-11-17,Soyabean,Biaora,2220.0,2250.0,2230.0,Madhya Pradesh,Rajgarh
2009-11-18,Soyabean,Biaora,2210.0,2270.0,2240.0,Madhya Pradesh,Rajgarh
2009-11-19,Soyabean,Biaora,2210.0,2252.0,2235.0,Madhya Pradesh,Rajgarh
2009-11-20,Soyabean,Biaora,2195.0,2250.0,2200.0,Madhya Pradesh,Rajgarh
2009-11-21,Soyabean,Biaora,2200.0,2255.0,2230.0,Madhya Pradesh,Rajgarh
2009-11-22,Soyabean,Biaora,2225.0,2282.0,2250.0,Madhya Pradesh,Rajgarh
2009-11-24,Soyabean,Biaora,2300.0,2325.0,2315.0,Madhya Pradesh,Rajgarh
2009-11-25,Soyabean,Biaora,2301.0,2330.0,2315.0,Madhya Pradesh,Rajgarh
2009-11-26,Soyabean,Biaora,2305.0,2359.0,2330.0,Madhya Pradesh,Rajgarh
2009-11-27,Soyabean,Biaora,2280.0,2305.0,2295.0,Madhya Pradesh,Rajgarh
2009-12-01,Soyabean,Biaora,2310.0,2360.0,2330.0,Madhya Pradesh,Rajgarh
2009-12-02,Soyabean,Biaora,2315.0,2360.0,2340.0,Madhya Pradesh,Rajgarh
2009-12-04,Soyabean,Biaora,2260.0,2312.0,2290.0,Madhya Pradesh,Rajgarh
2009-12-05,Soyabean,Biaora,2260.0,2350.0,2300.0,Madhya Pradesh,Rajgarh
2009-12-06,Soyabean,Biaora,2300.0,2336.0,2315.0,Madhya Pradesh,Rajgarh
2009-12-08,Soyabean,Biaora,2282.0,2325.0,2300.0,Madhya Pradesh,Rajgarh
2009-12-09,Soyabean,Biaora,2240.0,2317.0,2280.0,Madhya Pradesh,Rajgarh
2009-12-10,Soyabean,Biaora,2225.0,2260.0,2240.0,Madhya Pradesh,Rajgarh
2009-12-12,Soyabean,Biaora,2280.0,2329.0,2305.0,Madhya Pradesh,Rajgarh
2009-12-13,Soyabean,Biaora,2300.0,2335.0,2310.0,Madhya Pradesh,Rajgarh
2009-12-15,Soyabean,Biaora,2285.0,2372.0,2320.0,Madhya Pradesh,Rajgarh
2009-12-17,Soyabean,Biaora,2295.0,2405.0,2305.0,Madhya Pradesh,Rajgarh
2009-12-18,Soyabean,Biaora,2260.0,2335.0,2300.0,Madhya Pradesh,Rajgarh
2009-12-19,Soyabean,Biaora,2230.0,2318.0,2270.0,Madhya Pradesh,Rajgarh
2009-12-20,Soyabean,Biaora,2230.0,2290.0,2250.0,Madhya Pradesh,Rajgarh
2009-12-22,Soyabean,Biaora,2195.0,2220.0,2210.0,Madhya Pradesh,Rajgarh
2009-12-23,Soyabean,Biaora,2170.0,2249.0,2210.0,Madhya Pradesh,Rajgarh
2009-12-24,Soyabean,Biaora,2205.0,2315.0,2260.0,Madhya Pradesh,Rajgarh
2009-12-25,Soyabean,Biaora,2205.0,2300.0,2255.0,Madhya Pradesh,Rajgarh
2009-12-26,Soyabean,Biaora,2240.0,2375.0,2290.0,Madhya Pradesh,Rajgarh
2009-12-27,Soyabean,Biaora,2295.0,2340.0,2320.0,Madhya Pradesh,Rajgarh
2009-12-29,Soyabean,Biaora,2250.0,2315.0,2280.0,Madhya Pradesh,Rajgarh
2009-12-30,Soyabean,Biaora,2215.0,2331.0,2280.0,Madhya Pradesh,Rajgarh
2009-12-31,Soyabean,Biaora,2215.0,2331.0,2280.0,Madhya Pradesh,Rajgarh
2010-01-01,Soyabean,Biaora,2260.0,2342.0,2300.0,Madhya Pradesh,Rajgarh
2010-01-03,Soyabean,Biaora,2249.0,2350.0,2300.0,Madhya Pradesh,Rajgarh
2010-01-05,Soyabean,Biaora,2215.0,2295.0,2250.0,Madhya Pradesh,Rajgarh
2010-01-06,Soyabean,Biaora,2225.0,2301.0,2260.0,Madhya Pradesh,Rajgarh
2010-01-07,Soyabean,Biaora,2240.0,2301.0,2270.0,Madhya Pradesh,Rajgarh
2010-01-08,Soyabean,Biaora,2249.0,2310.0,2280.0,Madhya Pradesh,Rajgarh
2010-01-09,Soyabean,Biaora,2206.0,2300.0,2250.0,Madhya Pradesh,Rajgarh
2010-01-10,Soyabean,Biaora,2200.0,2305.0,2250.0,Madhya Pradesh,Rajgarh
2010-01-12,Soyabean,Biaora,2190.0,2257.0,2220.0,Madhya Pradesh,Rajgarh
2010-01-16,Soyabean,Biaora,2050.0,2222.0,2140.0,Madhya Pradesh,Rajgarh
2010-01-17,Soyabean,Biaora,2150.0,2200.0,2175.0,Madhya Pradesh,Rajgarh
2010-01-19,Soyabean,Biaora,2100.0,2195.0,2150.0,Madhya Pradesh,Rajgarh
2010-01-22,Soyabean,Biaora,2100.0,2197.0,2140.0,Madhya Pradesh,Rajgarh
2010-01-23,Soyabean,Biaora,2065.0,2115.0,2080.0,Madhya Pradesh,Rajgarh
2010-01-24,Soyabean,Biaora,1950.0,2125.0,2040.0,Madhya Pradesh,Rajgarh
2010-01-27,Soyabean,Biaora,2000.0,2100.0,2050.0,Madhya Pradesh,Rajgarh
2010-01-28,Soyabean,Biaora,1950.0,2028.0,1995.0,Madhya Pradesh,Rajgarh
2010-01-29,Soyabean,Biaora,1900.0,2000.0,1950.0,Madhya Pradesh,Rajgarh
2010-01-30,Soyabean,Biaora,1940.0,2030.0,1990.0,Madhya Pradesh,Rajgarh
2010-01-31,Soyabean,Biaora,1960.0,2045.0,2000.0,Madhya Pradesh,Rajgarh
2010-02-02,Soyabean,Biaora,1995.0,2054.0,2020.0,Madhya Pradesh,Rajgarh
2010-02-03,Soyabean,Biaora,2000.0,2100.0,2050.0,Madhya Pradesh,Rajgarh
2010-02-04,Soyabean,Biaora,1960.0,2060.0,2010.0,Madhya Pradesh,Rajgarh
2010-02-05,Soyabean,Biaora,1980.0,2085.0,2025.0,Madhya Pradesh,Rajgarh
2010-02-06,Soyabean,Biaora,1995.0,2058.0,2040.0,Madhya Pradesh,Rajgarh
2010-02-07,Soyabean,Biaora,2000.0,2100.0,2050.0,Madhya Pradesh,Rajgarh
2010-02-10,Soyabean,Biaora,1950.0,2241.0,2150.0,Madhya Pradesh,Rajgarh
2010-02-11,Soyabean,Biaora,1960.0,2200.0,2100.0,Madhya Pradesh,Rajgarh
2010-02-14,Soyabean,Biaora,2052.0,2195.0,2100.0,Madhya Pradesh,Rajgarh
2010-02-16,Soyabean,Biaora,2065.0,2168.0,2100.0,Madhya Pradesh,Rajgarh
2010-02-17,Soyabean,Biaora,2056.0,2152.0,2100.0,Madhya Pradesh,Rajgarh
2010-02-18,Soyabean,Biaora,1976.0,2148.0,2025.0,Madhya Pradesh,Rajgarh
2010-02-19,Soyabean,Biaora,1895.0,2115.0,2050.0,Madhya Pradesh,Rajgarh
2010-02-21,Soyabean,Biaora,1942.0,2106.0,2025.0,Madhya Pradesh,Rajgarh
2010-02-23,Soyabean,Biaora,1945.0,2060.0,2000.0,Madhya Pradesh,Rajgarh
2010-02-24,Soyabean,Biaora,1910.0,2034.0,1960.0,Madhya Pradesh,Rajgarh
2010-02-25,Soyabean,Biaora,1805.0,2014.0,1910.0,Madhya Pradesh,Rajgarh
2010-02-26,Soyabean,Biaora,1774.0,1988.0,1900.0,Madhya Pradesh,Rajgarh
2010-03-02,Soyabean,Biaora,1930.0,1993.0,1960.0,Madhya Pradesh,Rajgarh
2010-03-03,Soyabean,Biaora,1915.0,1996.0,1950.0,Madhya Pradesh,Rajgarh
2010-03-06,Soyabean,Biaora,1890.0,1996.0,1940.0,Madhya Pradesh,Rajgarh
2010-03-07,Soyabean,Biaora,1970.0,2020.0,1990.0,Madhya Pradesh,Rajgarh
2010-03-09,Soyabean,Biaora,1905.0,2008.0,1950.0,Madhya Pradesh,Rajgarh
2010-03-10,Soyabean,Biaora,1875.0,1950.0,1910.0,Madhya Pradesh,Rajgarh
2010-03-12,Soyabean,Biaora,1862.0,1952.0,1900.0,Madhya Pradesh,Rajgarh
2010-03-13,Soyabean,Biaora,1850.0,1900.0,1875.0,Madhya Pradesh,Rajgarh
2010-03-14,Soyabean,Biaora,1750.0,1847.0,1800.0,Madhya Pradesh,Rajgarh
2010-03-17,Soyabean,Biaora,1850.0,1919.0,1890.0,Madhya Pradesh,Rajgarh
2010-03-19,Soyabean,Biaora,1840.0,1882.0,1860.0,Madhya Pradesh,Rajgarh
2010-03-20,Soyabean,Biaora,1850.0,1887.0,1870.0,Madhya Pradesh,Rajgarh
2010-03-21,Soyabean,Biaora,1850.0,1884.0,1870.0,Madhya Pradesh,Rajgarh
2010-03-25,Soyabean,Biaora,1850.0,1920.0,1890.0,Madhya Pradesh,Rajgarh
2010-03-26,Soyabean,Biaora,1850.0,1900.0,1875.0,Madhya Pradesh,Rajgarh
2010-03-27,Soyabean,Biaora,1850.0,1896.0,1870.0,Madhya Pradesh,Rajgarh
2010-04-01,Soyabean,Biaora,1850.0,1889.0,1870.0,Madhya Pradesh,Rajgarh
2010-04-02,Soyabean,Biaora,1850.0,1891.0,1870.0,Madhya Pradesh,Rajgarh
2010-04-03,Soyabean,Biaora,1850.0,1900.0,1875.0,Madhya Pradesh,Rajgarh
2010-04-04,Soyabean,Biaora,1850.0,1910.0,1880.0,Madhya Pradesh,Rajgarh
2010-04-06,Soyabean,Biaora,1850.0,1896.0,1870.0,Madhya Pradesh,Rajgarh
2010-04-07,Soyabean,Biaora,1850.0,1890.0,1870.0,Madhya Pradesh,Rajgarh
2010-04-08,Soyabean,Biaora,1850.0,1885.0,1870.0,Madhya Pradesh,Rajgarh
2010-04-09,Soyabean,Biaora,1850.0,1884.0,1870.0,Madhya Pradesh,Rajgarh
2010-04-10,Soyabean,Biaora,1835.0,1879.0,1850.0,Madhya Pradesh,Rajgarh
2010-04-11,Soyabean,Biaora,1800.0,1844.0,1822.0,Madhya Pradesh,Rajgarh
2010-04-13,Soyabean,Biaora,1800.0,1850.0,1825.0,Madhya Pradesh,Rajgarh
2010-04-15,Soyabean,Biaora,1800.0,1850.0,1825.0,Madhya Pradesh,Rajgarh
2010-04-16,Soyabean,Biaora,1800.0,1855.0,1830.0,Madhya Pradesh,Rajgarh
2010-04-17,Soyabean,Biaora,1800.0,1846.0,1824.0,Madhya Pradesh,Rajgarh
2010-04-18,Soyabean,Biaora,1799.0,1825.0,1800.0,Madhya Pradesh,Rajgarh
2010-04-20,Soyabean,Biaora,1779.0,1806.0,1790.0,Madhya Pradesh,Rajgarh
2010-04-21,Soyabean,Biaora,1750.0,1823.0,1790.0,Madhya Pradesh,Rajgarh
2010-04-22,Soyabean,Biaora,1799.0,1838.0,1810.0,Madhya Pradesh,Rajgarh
2010-04-23,Soyabean,Biaora,1799.0,1867.0,1820.0,Madhya Pradesh,Rajgarh
2010-04-24,Soyabean,Biaora,1778.0,1874.0,1820.0,Madhya Pradesh,Rajgarh
2010-04-25,Soyabean,Biaora,1815.0,1892.0,1850.0,Madhya Pradesh,Rajgarh
2010-04-27,Soyabean,Biaora,1856.0,1890.0,1870.0,Madhya Pradesh,Rajgarh
2010-04-28,Soyabean,Biaora,1834.0,1889.0,1850.0,Madhya Pradesh,Rajgarh
2010-04-29,Soyabean,Biaora,1846.0,1890.0,1870.0,Madhya Pradesh,Rajgarh
2010-04-30,Soyabean,Biaora,1875.0,1911.0,1895.0,Madhya Pradesh,Rajgarh
2010-05-01,Soyabean,Biaora,1740.0,1904.0,1850.0,Madhya Pradesh,Rajgarh
2010-05-02,Soyabean,Biaora,1799.0,1884.0,1840.0,Madhya Pradesh,Rajgarh
2010-05-04,Soyabean,Biaora,1826.0,1887.0,1850.0,Madhya Pradesh,Rajgarh
2010-05-05,Soyabean,Biaora,1776.0,1867.0,1812.0,Madhya Pradesh,Rajgarh
2010-05-06,Soyabean,Biaora,1801.0,1855.0,1825.0,Madhya Pradesh,Rajgarh
2010-05-07,Soyabean,Biaora,1812.0,1875.0,1850.0,Madhya Pradesh,Rajgarh
2010-05-08,Soyabean,Biaora,1812.0,1895.0,1850.0,Madhya Pradesh,Rajgarh
2010-05-09,Soyabean,Biaora,1804.0,1865.0,1835.0,Madhya Pradesh,Rajgarh
2010-05-11,Soyabean,Biaora,1810.0,1870.0,1840.0,Madhya Pradesh,Rajgarh
2010-05-12,Soyabean,Biaora,1819.0,1868.0,1845.0,Madhya Pradesh,Rajgarh
2010-05-13,Soyabean,Biaora,1803.0,1866.0,1830.0,Madhya Pradesh,Rajgarh
2010-05-15,Soyabean,Biaora,1811.0,1872.0,1840.0,Madhya Pradesh,Rajgarh
2010-05-18,Soyabean,Biaora,1804.0,1850.0,1820.0,Madhya Pradesh,Rajgarh
2010-05-19,Soyabean,Biaora,1805.0,1845.0,1820.0,Madhya Pradesh,Rajgarh
2010-05-20,Soyabean,Biaora,1800.0,1875.0,1840.0,Madhya Pradesh,Rajgarh
2010-05-21,Soyabean,Biaora,1796.0,1885.0,1850.0,Madhya Pradesh,Rajgarh
2010-05-22,Soyabean,Biaora,1805.0,1887.0,1850.0,Madhya Pradesh,Rajgarh
2010-05-23,Soyabean,Biaora,1830.0,1875.0,1850.0,Madhya Pradesh,Rajgarh
2010-05-25,Soyabean,Biaora,1840.0,1900.0,1870.0,Madhya Pradesh,Rajgarh
2010-05-26,Soyabean,Biaora,1835.0,1917.0,1865.0,Madhya Pradesh,Rajgarh
2010-05-27,Soyabean,Biaora,1845.0,1927.0,1900.0,Madhya Pradesh,Rajgarh
2010-05-30,Soyabean,Biaora,1850.0,1928.0,1890.0,Madhya Pradesh,Rajgarh
2010-06-01,Soyabean,Biaora,1836.0,1908.0,1870.0,Madhya Pradesh,Rajgarh
2010-06-02,Soyabean,Biaora,1840.0,1915.0,1880.0,Madhya Pradesh,Rajgarh
2010-06-03,Soyabean,Biaora,1800.0,1889.0,1850.0,Madhya Pradesh,Rajgarh
2010-06-04,Soyabean,Biaora,1799.0,1870.0,1840.0,Madhya Pradesh,Rajgarh
2010-06-05,Soyabean,Biaora,1785.0,1836.0,1810.0,Madhya Pradesh,Rajgarh
2010-06-06,Soyabean,Biaora,1775.0,1849.0,1810.0,Madhya Pradesh,Rajgarh
2010-06-08,Soyabean,Biaora,1764.0,1826.0,1790.0,Madhya Pradesh,Rajgarh
2010-06-09,Soyabean,Biaora,1726.0,1805.0,1770.0,Madhya Pradesh,Rajgarh
2010-06-11,Soyabean,Biaora,1784.0,1828.0,1800.0,Madhya Pradesh,Rajgarh
2010-06-13,Soyabean,Biaora,1760.0,1806.0,1790.0,Madhya Pradesh,Rajgarh
2010-06-15,Soyabean,Biaora,1765.0,1813.0,1785.0,Madhya Pradesh,Rajgarh
2010-06-16,Soyabean,Biaora,1757.0,1809.0,1790.0,Madhya Pradesh,Rajgarh
2010-06-17,Soyabean,Biaora,1725.0,1776.0,1750.0,Madhya Pradesh,Rajgarh
2010-06-18,Soyabean,Biaora,1735.0,1760.0,1745.0,Madhya Pradesh,Rajgarh
2010-06-19,Soyabean,Biaora,1736.0,1785.0,1750.0,Madhya Pradesh,Rajgarh
2010-06-20,Soyabean,Biaora,1750.0,1787.0,1765.0,Madhya Pradesh,Rajgarh
2010-06-22,Soyabean,Biaora,1740.0,1785.0,1760.0,Madhya Pradesh,Rajgarh
2010-06-23,Soyabean,Biaora,1750.0,1790.0,1770.0,Madhya Pradesh,Rajgarh
2010-06-24,Soyabean,Biaora,1775.0,1822.0,1800.0,Madhya Pradesh,Rajgarh
2010-06-25,Soyabean,Biaora,1775.0,1812.0,1795.0,Madhya Pradesh,Rajgarh
2010-06-26,Soyabean,Biaora,1762.0,1824.0,1800.0,Madhya Pradesh,Rajgarh
2010-06-27,Soyabean,Biaora,1768.0,1817.0,1790.0,Madhya Pradesh,Rajgarh
2010-06-29,Soyabean,Biaora,1766.0,1830.0,1800.0,Madhya Pradesh,Rajgarh
2010-06-30,Soyabean,Biaora,1772.0,1812.0,1800.0,Madhya Pradesh,Rajgarh
2010-07-01,Soyabean,Biaora,1905.0,1957.0,1930.0,Madhya Pradesh,Rajgarh
2010-07-02,Soyabean,Biaora,1775.0,1836.0,1805.0,Madhya Pradesh,Rajgarh
2010-07-03,Soyabean,Biaora,1768.0,1824.0,1800.0,Madhya Pradesh,Rajgarh
2010-07-04,Soyabean,Biaora,1758.0,1806.0,1785.0,Madhya Pradesh,Rajgarh
2010-07-06,Soyabean,Biaora,1750.0,1790.0,1780.0,Madhya Pradesh,Rajgarh
2010-07-07,Soyabean,Biaora,1740.0,1793.0,1770.0,Madhya Pradesh,Rajgarh
2010-07-09,Soyabean,Biaora,1773.0,1828.0,1800.0,Madhya Pradesh,Rajgarh
2010-07-10,Soyabean,Biaora,1765.0,1837.0,1800.0,Madhya Pradesh,Rajgarh
2010-07-13,Soyabean,Biaora,1750.0,1797.0,1770.0,Madhya Pradesh,Rajgarh
2010-07-14,Soyabean,Biaora,1775.0,1819.0,1805.0,Madhya Pradesh,Rajgarh
2010-07-15,Soyabean,Biaora,1757.0,1810.0,1790.0,Madhya Pradesh,Rajgarh
2010-07-16,Soyabean,Biaora,1775.0,1851.0,1810.0,Madhya Pradesh,Rajgarh
2010-07-17,Soyabean,Biaora,1778.0,1865.0,1810.0,Madhya Pradesh,Rajgarh
2010-07-18,Soyabean,Biaora,1840.0,1890.0,1860.0,Madhya Pradesh,Rajgarh
2010-07-20,Soyabean,Biaora,1850.0,1913.0,1880.0,Madhya Pradesh,Rajgarh
2010-07-21,Soyabean,Biaora,1860.0,1907.0,1885.0,Madhya Pradesh,Rajgarh
2010-07-22,Soyabean,Biaora,1925.0,2006.0,1960.0,Madhya Pradesh,Rajgarh
2010-07-23,Soyabean,Biaora,1890.0,1980.0,1940.0,Madhya Pradesh,Rajgarh
2010-07-24,Soyabean,Biaora,1899.0,1978.0,1940.0,Madhya Pradesh,Rajgarh
2010-07-25,Soyabean,Biaora,1870.0,1972.0,1920.0,Madhya Pradesh,Rajgarh
2010-07-27,Soyabean,Biaora,1850.0,1885.0,1865.0,Madhya Pradesh,Rajgarh
2010-07-28,Soyabean,Biaora,1875.0,1910.0,1890.0,Madhya Pradesh,Rajgarh
2010-07-29,Soyabean,Biaora,1894.0,1951.0,1905.0,Madhya Pradesh,Rajgarh
2010-07-30,Soyabean,Biaora,1900.0,1983.0,1940.0,Madhya Pradesh,Rajgarh
2010-08-01,Soyabean,Biaora,1905.0,1957.0,1935.0,Madhya Pradesh,Rajgarh
2010-08-03,Soyabean,Biaora,1912.0,1949.0,1935.0,Madhya Pradesh,Rajgarh
2010-08-04,Soyabean,Biaora,1904.0,1945.0,1930.0,Madhya Pradesh,Rajgarh
2010-08-05,Soyabean,Biaora,1880.0,1933.0,1900.0,Madhya Pradesh,Rajgarh
2010-08-06,Soyabean,Biaora,1925.0,1990.0,1960.0,Madhya Pradesh,Rajgarh
2010-08-07,Soyabean,Biaora,1950.0,1983.0,1965.0,Madhya Pradesh,Rajgarh
2010-08-08,Soyabean,Biaora,1885.0,1962.0,1925.0,Madhya Pradesh,Rajgarh
2010-08-11,Soyabean,Biaora,1980.0,2025.0,2000.0,Madhya Pradesh,Rajgarh
2010-08-12,Soyabean,Biaora,1950.0,2027.0,2000.0,Madhya Pradesh,Rajgarh
2010-08-13,Soyabean,Biaora,1972.0,2024.0,2000.0,Madhya Pradesh,Rajgarh
2010-08-14,Soyabean,Biaora,1910.0,2015.0,1960.0,Madhya Pradesh,Rajgarh
2010-08-17,Soyabean,Biaora,1890.0,1983.0,1950.0,Madhya Pradesh,Rajgarh
2010-08-18,Soyabean,Biaora,1870.0,1945.0,1910.0,Madhya Pradesh,Rajgarh
2010-08-19,Soyabean,Biaora,1840.0,1936.0,1900.0,Madhya Pradesh,Rajgarh
2010-08-20,Soyabean,Biaora,1850.0,1931.0,1900.0,Madhya Pradesh,Rajgarh
2010-08-21,Soyabean,Biaora,1905.0,1930.0,1920.0,Madhya Pradesh,Rajgarh
2010-08-22,Soyabean,Biaora,1905.0,1943.0,1930.0,Madhya Pradesh,Rajgarh
2010-08-26,Soyabean,Biaora,1900.0,1957.0,1940.0,Madhya Pradesh,Rajgarh
2010-08-27,Soyabean,Biaora,1890.0,1922.0,1900.0,Madhya Pradesh,Rajgarh
2010-08-28,Soyabean,Biaora,1885.0,1960.0,1920.0,Madhya Pradesh,Rajgarh
2010-08-29,Soyabean,Biaora,1896.0,1950.0,1925.0,Madhya Pradesh,Rajgarh
2010-08-31,Soyabean,Biaora,1845.0,1934.0,1890.0,Madhya Pradesh,Rajgarh
2010-09-02,Soyabean,Biaora,1872.0,1910.0,1890.0,Madhya Pradesh,Rajgarh
2010-09-03,Soyabean,Biaora,1890.0,1931.0,1920.0,Madhya Pradesh,Rajgarh
2010-09-04,Soyabean,Biaora,1890.0,1930.0,1910.0,Madhya Pradesh,Rajgarh
2010-09-05,Soyabean,Biaora,1876.0,1955.0,1915.0,Madhya Pradesh,Rajgarh
2010-09-07,Soyabean,Biaora,1850.0,1940.0,1900.0,Madhya Pradesh,Rajgarh
2010-09-09,Soyabean,Biaora,1889.0,1943.0,1920.0,Madhya Pradesh,Rajgarh
2010-09-10,Soyabean,Biaora,1869.0,1948.0,1910.0,Madhya Pradesh,Rajgarh
2010-09-12,Soyabean,Biaora,1892.0,1942.0,1920.0,Madhya Pradesh,Rajgarh
2010-09-14,Soyabean,Biaora,1865.0,1911.0,1885.0,Madhya Pradesh,Rajgarh
2010-09-15,Soyabean,Biaora,1810.0,1886.0,1850.0,Madhya Pradesh,Rajgarh
2010-09-16,Soyabean,Biaora,1825.0,1894.0,1860.0,Madhya Pradesh,Rajgarh
2010-09-17,Soyabean,Biaora,1850.0,1893.0,1870.0,Madhya Pradesh,Rajgarh
2010-09-21,Soyabean,Biaora,1876.0,1943.0,1910.0,Madhya Pradesh,Rajgarh
2010-09-23,Soyabean,Biaora,1858.0,1935.0,1900.0,Madhya Pradesh,Rajgarh
2010-09-24,Soyabean,Biaora,1879.0,1940.0,1910.0,Madhya Pradesh,Rajgarh
2010-09-26,Soyabean,Biaora,1877.0,1942.0,1910.0,Madhya Pradesh,Rajgarh
2010-09-28,Soyabean,Biaora,1880.0,1915.0,1900.0,Madhya Pradesh,Rajgarh
2010-09-29,Soyabean,Biaora,1845.0,1889.0,1870.0,Madhya Pradesh,Rajgarh
2010-10-01,Soyabean,Biaora,1840.0,1888.0,1865.0,Madhya Pradesh,Rajgarh
2010-10-03,Soyabean,Biaora,1750.0,1825.0,1800.0,Madhya Pradesh,Rajgarh
2010-10-05,Soyabean,Biaora,1800.0,1837.0,1815.0,Madhya Pradesh,Rajgarh
2010-10-06,Soyabean,Biaora,1840.0,1913.0,1890.0,Madhya Pradesh,Rajgarh
2010-10-09,Soyabean,Biaora,1875.0,1988.0,1940.0,Madhya Pradesh,Rajgarh
2010-10-10,Soyabean,Biaora,1868.0,1987.0,1920.0,Madhya Pradesh,Rajgarh
2010-10-12,Soyabean,Biaora,1950.0,2069.0,2000.0,Madhya Pradesh,Rajgarh
2010-10-13,Soyabean,Biaora,1960.0,2060.0,2000.0,Madhya Pradesh,Rajgarh
2010-10-19,Soyabean,Biaora,1935.0,2014.0,1980.0,Madhya Pradesh,Rajgarh
2010-10-20,Soyabean,Biaora,1821.0,1902.0,1850.0,Madhya Pradesh,Rajgarh
2010-10-21,Soyabean,Biaora,1918.0,2053.0,1960.0,Madhya Pradesh,Rajgarh
2010-10-22,Soyabean,Biaora,1875.0,2015.0,1950.0,Madhya Pradesh,Rajgarh
2010-10-23,Soyabean,Biaora,1920.0,2007.0,1975.0,Madhya Pradesh,Rajgarh
2010-10-24,Soyabean,Biaora,1850.0,1980.0,1920.0,Madhya Pradesh,Rajgarh
2010-10-26,Soyabean,Biaora,1890.0,2053.0,1985.0,Madhya Pradesh,Rajgarh
2010-10-27,Soyabean,Biaora,1878.0,2037.0,1975.0,Madhya Pradesh,Rajgarh
2010-10-28,Soyabean,Biaora,1858.0,2026.0,1980.0,Madhya Pradesh,Rajgarh
2010-10-29,Soyabean,Biaora,1880.0,2055.0,1950.0,Madhya Pradesh,Rajgarh
2010-10-30,Soyabean,Biaora,1880.0,2055.0,1950.0,Madhya Pradesh,Rajgarh
2010-10-31,Soyabean,Biaora,1868.0,2027.0,1920.0,Madhya Pradesh,Rajgarh
2010-11-02,Soyabean,Biaora,1900.0,1982.0,1950.0,Madhya Pradesh,Rajgarh
2010-11-07,Soyabean,Biaora,2000.0,2115.0,2050.0,Madhya Pradesh,Rajgarh
2010-11-09,Soyabean,Biaora,1990.0,2171.0,2100.0,Madhya Pradesh,Rajgarh
2010-11-10,Soyabean,Biaora,2140.0,2213.0,2180.0,Madhya Pradesh,Rajgarh
2010-11-11,Soyabean,Biaora,2117.0,2209.0,2160.0,Madhya Pradesh,Rajgarh
2010-11-12,Soyabean,Biaora,2075.0,2181.0,2140.0,Madhya Pradesh,Rajgarh
2010-11-13,Soyabean,Biaora,1985.0,2106.0,2070.0,Madhya Pradesh,Rajgarh
2010-11-14,Soyabean,Biaora,2005.0,2082.0,2045.0,Madhya Pradesh,Rajgarh
2010-11-16,Soyabean,Biaora,2015.0,2157.0,2100.0,Madhya Pradesh,Rajgarh
2010-11-18,Soyabean,Biaora,1994.0,2088.0,2040.0,Madhya Pradesh,Rajgarh
2010-11-19,Soyabean,Biaora,1970.0,2135.0,2025.0,Madhya Pradesh,Rajgarh
2010-11-20,Soyabean,Biaora,2025.0,2136.0,2075.0,Madhya Pradesh,Rajgarh
2010-11-21,Soyabean,Biaora,2018.0,2098.0,2050.0,Madhya Pradesh,Rajgarh
2010-11-23,Soyabean,Biaora,2007.0,2110.0,2050.0,Madhya Pradesh,Rajgarh
2010-11-24,Soyabean,Biaora,1994.0,2123.0,2100.0,Madhya Pradesh,Rajgarh
2010-11-25,Soyabean,Biaora,2010.0,2116.0,2060.0,Madhya Pradesh,Rajgarh
2010-11-26,Soyabean,Biaora,2052.0,2110.0,2080.0,Madhya Pradesh,Rajgarh
2010-11-27,Soyabean,Biaora,1990.0,2025.0,2005.0,Madhya Pradesh,Rajgarh
2010-11-28,Soyabean,Biaora,1982.0,2048.0,2015.0,Madhya Pradesh,Rajgarh
2010-11-30,Soyabean,Biaora,1987.0,2055.0,2020.0,Madhya Pradesh,Rajgarh
2010-12-01,Soyabean,Biaora,1975.0,2056.0,2020.0,Madhya Pradesh,Rajgarh
2010-12-02,Soyabean,Biaora,2001.0,2104.0,2070.0,Madhya Pradesh,Rajgarh
2010-12-03,Soyabean,Biaora,2035.0,2093.0,2050.0,Madhya Pradesh,Rajgarh
2010-12-04,Soyabean,Biaora,2010.0,2122.0,2080.0,Madhya Pradesh,Rajgarh
2010-12-07,Soyabean,Biaora,1987.0,2070.0,2040.0,Madhya Pradesh,Rajgarh
2010-12-08,Soyabean,Biaora,1970.0,2050.0,2000.0,Madhya Pradesh,Rajgarh
2010-12-09,Soyabean,Biaora,1980.0,2106.0,2050.0,Madhya Pradesh,Rajgarh
2010-12-11,Soyabean,Biaora,1975.0,2065.0,2000.0,Madhya Pradesh,Rajgarh
2010-12-12,Soyabean,Biaora,1980.0,2038.0,2005.0,Madhya Pradesh,Rajgarh
2010-12-14,Soyabean,Biaora,2025.0,2085.0,2050.0,Madhya Pradesh,Rajgarh
2010-12-15,Soyabean,Biaora,2025.0,2087.0,2050.0,Madhya Pradesh,Rajgarh
2010-12-18,Soyabean,Biaora,2025.0,2088.0,2050.0,Madhya Pradesh,Rajgarh
2011-01-02,Soyabean,Biaora,2150.0,2278.0,2200.0,Madhya Pradesh,Rajgarh
2011-01-05,Soyabean,Biaora,2190.0,2228.0,2210.0,Madhya Pradesh,Rajgarh
2011-01-06,Soyabean,Biaora,2185.0,2235.0,2200.0,Madhya Pradesh,Rajgarh
2011-01-07,Soyabean,Biaora,2195.0,2240.0,2205.0,Madhya Pradesh,Rajgarh
2011-01-08,Soyabean,Biaora,2180.0,2212.0,2200.0,Madhya Pradesh,Rajgarh
2011-01-09,Soyabean,Biaora,2175.0,2210.0,2200.0,Madhya Pradesh,Rajgarh
2011-01-11,Soyabean,Biaora,2195.0,2235.0,2210.0,Madhya Pradesh,Rajgarh
2011-01-12,Soyabean,Biaora,2180.0,2223.0,2200.0,Madhya Pradesh,Rajgarh
2011-01-13,Soyabean,Biaora,2230.0,2285.0,2250.0,Madhya Pradesh,Rajgarh
2011-01-16,Soyabean,Biaora,2280.0,2315.0,2300.0,Madhya Pradesh,Rajgarh
2011-01-18,Soyabean,Biaora,2250.0,2326.0,2300.0,Madhya Pradesh,Rajgarh
2011-01-19,Soyabean,Biaora,2290.0,2370.0,2350.0,Madhya Pradesh,Rajgarh
2011-01-20,Soyabean,Biaora,2280.0,2366.0,2330.0,Madhya Pradesh,Rajgarh
2011-01-21,Soyabean,Biaora,2335.0,2415.0,2400.0,Madhya Pradesh,Rajgarh
2011-01-22,Soyabean,Biaora,2315.0,2413.0,2390.0,Madhya Pradesh,Rajgarh
2011-01-23,Soyabean,Biaora,2360.0,2405.0,2370.0,Madhya Pradesh,Rajgarh
2011-01-25,Soyabean,Biaora,2325.0,2375.0,2350.0,Madhya Pradesh,Rajgarh
2011-01-27,Soyabean,Biaora,2300.0,2333.0,2320.0,Madhya Pradesh,Rajgarh
2011-01-28,Soyabean,Biaora,2260.0,2300.0,2280.0,Madhya Pradesh,Rajgarh
2011-01-29,Soyabean,Biaora,2280.0,2325.0,2300.0,Madhya Pradesh,Rajgarh
2011-01-30,Soyabean,Biaora,2280.0,2350.0,2310.0,Madhya Pradesh,Rajgarh
2011-02-01,Soyabean,Biaora,2305.0,2388.0,2340.0,Madhya Pradesh,Rajgarh
2011-02-03,Soyabean,Biaora,2360.0,2439.0,2400.0,Madhya Pradesh,Rajgarh
2011-02-05,Soyabean,Biaora,2255.0,2360.0,2300.0,Madhya Pradesh,Rajgarh
2011-02-06,Soyabean,Biaora,2310.0,2352.0,2335.0,Madhya Pradesh,Rajgarh
2011-02-09,Soyabean,Biaora,2320.0,2382.0,2350.0,Madhya Pradesh,Rajgarh
2011-02-10,Soyabean,Biaora,2340.0,2393.0,2365.0,Madhya Pradesh,Rajgarh
2011-02-11,Soyabean,Biaora,2325.0,2355.0,2340.0,Madhya Pradesh,Rajgarh
2011-02-12,Soyabean,Biaora,2320.0,2351.0,2335.0,Madhya Pradesh,Rajgarh
2011-02-13,Soyabean,Biaora,2280.0,2345.0,2310.0,Madhya Pradesh,Rajgarh
2011-02-15,Soyabean,Biaora,2290.0,2345.0,2310.0,Madhya Pradesh,Rajgarh
2011-02-16,Soyabean,Biaora,2240.0,2330.0,2300.0,Madhya Pradesh,Rajgarh
2011-02-17,Soyabean,Biaora,2260.0,2336.0,2300.0,Madhya Pradesh,Rajgarh
2011-02-18,Soyabean,Biaora,2270.0,2329.0,2300.0,Madhya Pradesh,Rajgarh
2011-02-19,Soyabean,Biaora,2300.0,2330.0,2315.0,Madhya Pradesh,Rajgarh
2011-02-20,Soyabean,Biaora,2280.0,2310.0,2300.0,Madhya Pradesh,Rajgarh
2011-02-22,Soyabean,Biaora,2275.0,2365.0,2300.0,Madhya Pradesh,Rajgarh
2011-02-23,Soyabean,Biaora,2260.0,2300.0,2280.0,Madhya Pradesh,Rajgarh
2011-02-24,Soyabean,Biaora,2250.0,2300.0,2275.0,Madhya Pradesh,Rajgarh
2011-02-25,Soyabean,Biaora,2260.0,2274.0,2266.0,Madhya Pradesh,Rajgarh
2011-02-26,Soyabean,Biaora,2275.0,2319.0,2300.0,Madhya Pradesh,Rajgarh
2011-02-27,Soyabean,Biaora,2270.0,2315.0,2300.0,Madhya Pradesh,Rajgarh
2011-03-01,Soyabean,Biaora,2270.0,2332.0,2300.0,Madhya Pradesh,Rajgarh
2011-03-03,Soyabean,Biaora,2280.0,2308.0,2295.0,Madhya Pradesh,Rajgarh
2011-03-05,Soyabean,Biaora,2200.0,2270.0,2240.0,Madhya Pradesh,Rajgarh
2011-03-06,Soyabean,Biaora,2180.0,2200.0,2190.0,Madhya Pradesh,Rajgarh
2011-03-08,Soyabean,Biaora,2200.0,2245.0,2220.0,Madhya Pradesh,Rajgarh
2011-03-09,Soyabean,Biaora,2170.0,2238.0,2200.0,Madhya Pradesh,Rajgarh
2011-03-10,Soyabean,Biaora,2120.0,2201.0,2160.0,Madhya Pradesh,Rajgarh
2011-03-11,Soyabean,Biaora,2180.0,2215.0,2200.0,Madhya Pradesh,Rajgarh
2011-03-12,Soyabean,Biaora,2172.0,2208.0,2195.0,Madhya Pradesh,Rajgarh
2011-03-13,Soyabean,Biaora,2125.0,2188.0,2150.0,Madhya Pradesh,Rajgarh
2011-03-15,Soyabean,Biaora,2050.0,2175.0,2100.0,Madhya Pradesh,Rajgarh
2011-03-16,Soyabean,Biaora,2105.0,2120.0,2110.0,Madhya Pradesh,Rajgarh
2011-03-17,Soyabean,Biaora,2102.0,2142.0,2120.0,Madhya Pradesh,Rajgarh
2011-03-18,Soyabean,Biaora,2090.0,2115.0,2100.0,Madhya Pradesh,Rajgarh
2011-03-19,Soyabean,Biaora,2100.0,2162.0,2130.0,Madhya Pradesh,Rajgarh
2011-03-22,Soyabean,Biaora,2125.0,2185.0,2150.0,Madhya Pradesh,Rajgarh
2011-03-23,Soyabean,Biaora,2125.0,2185.0,2150.0,Madhya Pradesh,Rajgarh
2011-03-25,Soyabean,Biaora,2150.0,2202.0,2175.0,Madhya Pradesh,Rajgarh
2011-03-26,Soyabean,Biaora,2168.0,2214.0,2185.0,Madhya Pradesh,Rajgarh
2011-03-27,Soyabean,Biaora,2120.0,2175.0,2150.0,Madhya Pradesh,Rajgarh
2011-03-29,Soyabean,Biaora,2095.0,2175.0,2100.0,Madhya Pradesh,Rajgarh
2011-04-05,Soyabean,Biaora,2140.0,2200.0,2170.0,Madhya Pradesh,Rajgarh
2011-04-06,Soyabean,Biaora,2195.0,2259.0,2240.0,Madhya Pradesh,Rajgarh
2011-04-07,Soyabean,Biaora,2200.0,2250.0,2225.0,Madhya Pradesh,Rajgarh
2011-04-08,Soyabean,Biaora,2200.0,2250.0,2225.0,Madhya Pradesh,Rajgarh
2011-04-09,Soyabean,Biaora,2240.0,2285.0,2265.0,Madhya Pradesh,Rajgarh
2011-04-10,Soyabean,Biaora,2225.0,2280.0,2250.0,Madhya Pradesh,Rajgarh
2011-04-13,Soyabean,Biaora,2190.0,2295.0,2250.0,Madhya Pradesh,Rajgarh
2011-04-14,Soyabean,Biaora,2200.0,2240.0,2220.0,Madhya Pradesh,Rajgarh
2011-04-15,Soyabean,Biaora,2205.0,2232.0,2215.0,Madhya Pradesh,Rajgarh
2011-04-17,Soyabean,Biaora,2200.0,2215.0,2210.0,Madhya Pradesh,Rajgarh
2011-04-19,Soyabean,Biaora,2189.0,2225.0,2200.0,Madhya Pradesh,Rajgarh
2011-04-20,Soyabean,Biaora,2173.0,2210.0,2190.0,Madhya Pradesh,Rajgarh
2011-04-21,Soyabean,Biaora,2150.0,2198.0,2175.0,Madhya Pradesh,Rajgarh
2011-04-22,Soyabean,Biaora,2115.0,2200.0,2150.0,Madhya Pradesh,Rajgarh
2011-04-23,Soyabean,Biaora,2200.0,2220.0,2210.0,Madhya Pradesh,Rajgarh
2011-04-24,Soyabean,Biaora,2210.0,2245.0,2230.0,Madhya Pradesh,Rajgarh
2011-04-26,Soyabean,Biaora,2195.0,2232.0,2215.0,Madhya Pradesh,Rajgarh
2011-04-27,Soyabean,Biaora,2200.0,2250.0,2225.0,Madhya Pradesh,Rajgarh
2011-04-28,Soyabean,Biaora,2205.0,2250.0,2230.0,Madhya Pradesh,Rajgarh
2011-05-01,Soyabean,Biaora,2230.0,2250.0,2240.0,Madhya Pradesh,Rajgarh
2011-05-04,Soyabean,Biaora,2205.0,2245.0,2220.0,Madhya Pradesh,Rajgarh
2011-05-05,Soyabean,Biaora,2205.0,2243.0,2230.0,Madhya Pradesh,Rajgarh
2011-05-07,Soyabean,Biaora,2150.0,2160.0,2155.0,Madhya Pradesh,Rajgarh
2011-05-08,Soyabean,Biaora,2140.0,2170.0,2155.0,Madhya Pradesh,Rajgarh
2011-05-10,Soyabean,Biaora,2136.0,2170.0,2150.0,Madhya Pradesh,Rajgarh
2011-05-11,Soyabean,Biaora,2155.0,2213.0,2180.0,Madhya Pradesh,Rajgarh
2011-05-12,Soyabean,Biaora,2200.0,2229.0,2210.0,Madhya Pradesh,Rajgarh
2011-05-13,Soyabean,Biaora,2200.0,2230.0,2215.0,Madhya Pradesh,Rajgarh
2011-05-14,Soyabean,Biaora,2200.0,2232.0,2215.0,Madhya Pradesh,Rajgarh
2011-05-15,Soyabean,Biaora,2210.0,2230.0,2220.0,Madhya Pradesh,Rajgarh
2011-05-17,Soyabean,Biaora,2215.0,2238.0,2225.0,Madhya Pradesh,Rajgarh
2011-05-18,Soyabean,Biaora,2230.0,2265.0,2245.0,Madhya Pradesh,Rajgarh
2011-05-19,Soyabean,Biaora,2200.0,2263.0,2240.0,Madhya Pradesh,Rajgarh
2011-05-20,Soyabean,Biaora,2200.0,2258.0,2230.0,Madhya Pradesh,Rajgarh
2011-05-21,Soyabean,Biaora,2190.0,2230.0,2205.0,Madhya Pradesh,Rajgarh
2011-05-25,Soyabean,Biaora,2200.0,2235.0,2215.0,Madhya Pradesh,Rajgarh
2011-05-26,Soyabean,Biaora,2200.0,2239.0,2215.0,Madhya Pradesh,Rajgarh
2011-05-27,Soyabean,Biaora,2205.0,2223.0,2215.0,Madhya Pradesh,Rajgarh
2011-05-28,Soyabean,Biaora,2200.0,2250.0,2225.0,Madhya Pradesh,Rajgarh
2011-06-19,Soyabean,Biaora,2230.0,2300.0,2260.0,Madhya Pradesh,Rajgarh
2011-06-21,Soyabean,Biaora,2140.0,2329.0,2250.0,Madhya Pradesh,Rajgarh
2011-06-25,Soyabean,Biaora,2200.0,2230.0,2215.0,Madhya Pradesh,Rajgarh
2011-06-26,Soyabean,Biaora,2125.0,2250.0,2200.0,Madhya Pradesh,Rajgarh
2011-06-30,Soyabean,Biaora,2150.0,2195.0,2170.0,Madhya Pradesh,Rajgarh
2011-07-02,Soyabean,Biaora,2150.0,2290.0,2220.0,Madhya Pradesh,Rajgarh
2011-07-03,Soyabean,Biaora,2130.0,2250.0,2200.0,Madhya Pradesh,Rajgarh
2011-07-05,Soyabean,Biaora,2210.0,2240.0,2225.0,Madhya Pradesh,Rajgarh
2011-07-06,Soyabean,Biaora,2148.0,2205.0,2180.0,Madhya Pradesh,Rajgarh
2011-07-07,Soyabean,Biaora,2110.0,2165.0,2130.0,Madhya Pradesh,Rajgarh
2011-07-08,Soyabean,Biaora,2125.0,2182.0,2150.0,Madhya Pradesh,Rajgarh
2011-07-12,Soyabean,Biaora,2090.0,2207.0,2150.0,Madhya Pradesh,Rajgarh
2011-07-14,Soyabean,Biaora,2125.0,2178.0,2150.0,Madhya Pradesh,Rajgarh
2011-07-15,Soyabean,Biaora,2115.0,2180.0,2150.0,Madhya Pradesh,Rajgarh
2011-07-16,Soyabean,Biaora,2120.0,2170.0,2145.0,Madhya Pradesh,Rajgarh
2011-07-17,Soyabean,Biaora,2050.0,2160.0,2100.0,Madhya Pradesh,Rajgarh
2011-07-20,Soyabean,Biaora,2160.0,2204.0,2185.0,Madhya Pradesh,Rajgarh
2011-07-21,Soyabean,Biaora,2190.0,2235.0,2210.0,Madhya Pradesh,Rajgarh
2011-07-22,Soyabean,Biaora,2200.0,2258.0,2235.0,Madhya Pradesh,Rajgarh
2011-07-23,Soyabean,Biaora,2205.0,2255.0,2230.0,Madhya Pradesh,Rajgarh
2011-07-24,Soyabean,Biaora,2210.0,2249.0,2225.0,Madhya Pradesh,Rajgarh
2011-07-26,Soyabean,Biaora,2210.0,2258.0,2235.0,Madhya Pradesh,Rajgarh
2011-07-27,Soyabean,Biaora,2210.0,2251.0,2230.0,Madhya Pradesh,Rajgarh
2011-07-28,Soyabean,Biaora,2175.0,2240.0,2210.0,Madhya Pradesh,Rajgarh
2011-07-29,Soyabean,Biaora,2190.0,2248.0,2210.0,Madhya Pradesh,Rajgarh
2011-07-31,Soyabean,Biaora,2228.0,2264.0,2245.0,Madhya Pradesh,Rajgarh
2011-08-02,Soyabean,Biaora,2190.0,2265.0,2230.0,Madhya Pradesh,Rajgarh
2011-08-03,Soyabean,Biaora,2240.0,2258.0,2250.0,Madhya Pradesh,Rajgarh
2011-08-04,Soyabean,Biaora,2250.0,2277.0,2265.0,Madhya Pradesh,Rajgarh
2011-08-05,Soyabean,Biaora,2245.0,2270.0,2265.0,Madhya Pradesh,Rajgarh
2011-08-06,Soyabean,Biaora,2210.0,2261.0,2235.0,Madhya Pradesh,Rajgarh
2011-08-10,Soyabean,Biaora,2155.0,2190.0,2175.0,Madhya Pradesh,Rajgarh
2011-08-11,Soyabean,Biaora,2145.0,2220.0,2180.0,Madhya Pradesh,Rajgarh
2011-08-12,Soyabean,Biaora,2190.0,2220.0,2205.0,Madhya Pradesh,Rajgarh
2011-08-16,Soyabean,Biaora,2135.0,2230.0,2170.0,Madhya Pradesh,Rajgarh
2011-08-17,Soyabean,Biaora,2050.0,2220.0,2140.0,Madhya Pradesh,Rajgarh
2011-08-18,Soyabean,Biaora,2175.0,2230.0,2200.0,Madhya Pradesh,Rajgarh
2011-08-19,Soyabean,Biaora,2190.0,2229.0,2205.0,Madhya Pradesh,Rajgarh
2011-08-20,Soyabean,Biaora,2190.0,2225.0,2210.0,Madhya Pradesh,Rajgarh
2011-08-21,Soyabean,Biaora,2190.0,2235.0,2205.0,Madhya Pradesh,Rajgarh
2011-08-23,Soyabean,Biaora,2190.0,2229.0,2210.0,Madhya Pradesh,Rajgarh
2011-08-24,Soyabean,Biaora,2145.0,2226.0,2190.0,Madhya Pradesh,Rajgarh
2011-08-25,Soyabean,Biaora,2160.0,2232.0,2200.0,Madhya Pradesh,Rajgarh
2011-08-26,Soyabean,Biaora,2170.0,2238.0,2200.0,Madhya Pradesh,Rajgarh
2011-08-27,Soyabean,Biaora,2182.0,2215.0,2200.0,Madhya Pradesh,Rajgarh
2011-08-28,Soyabean,Biaora,2170.0,2242.0,2210.0,Madhya Pradesh,Rajgarh
2011-09-02,Soyabean,Biaora,2196.0,2229.0,2215.0,Madhya Pradesh,Rajgarh
2011-09-03,Soyabean,Biaora,2200.0,2220.0,2210.0,Madhya Pradesh,Rajgarh
2011-09-04,Soyabean,Biaora,2175.0,2225.0,2200.0,Madhya Pradesh,Rajgarh
2011-09-06,Soyabean,Biaora,2175.0,2204.0,2190.0,Madhya Pradesh,Rajgarh
2011-09-07,Soyabean,Biaora,2157.0,2218.0,2200.0,Madhya Pradesh,Rajgarh
2011-09-08,Soyabean,Biaora,2164.0,2170.0,2167.0,Madhya Pradesh,Rajgarh
2011-09-09,Soyabean,Biaora,2185.0,2218.0,2200.0,Madhya Pradesh,Rajgarh
2011-09-13,Soyabean,Biaora,2191.0,2224.0,2210.0,Madhya Pradesh,Rajgarh
2011-09-14,Soyabean,Biaora,2150.0,2216.0,2180.0,Madhya Pradesh,Rajgarh
2011-09-15,Soyabean,Biaora,2180.0,2215.0,2200.0,Madhya Pradesh,Rajgarh
2011-09-16,Soyabean,Biaora,2170.0,2207.0,2190.0,Madhya Pradesh,Rajgarh
2011-09-17,Soyabean,Biaora,2165.0,2207.0,2180.0,Madhya Pradesh,Rajgarh
2011-09-22,Soyabean,Biaora,2140.0,2175.0,2160.0,Madhya Pradesh,Rajgarh
2011-09-23,Soyabean,Biaora,2065.0,2100.0,2080.0,Madhya Pradesh,Rajgarh
2011-09-29,Soyabean,Biaora,1950.0,2050.0,2000.0,Madhya Pradesh,Rajgarh
2011-09-30,Soyabean,Biaora,1980.0,2010.0,2000.0,Madhya Pradesh,Rajgarh
2011-10-01,Soyabean,Biaora,1810.0,1920.0,1850.0,Madhya Pradesh,Rajgarh
2011-10-07,Soyabean,Biaora,1755.0,1965.0,1860.0,Madhya Pradesh,Rajgarh
2011-10-08,Soyabean,Biaora,1920.0,2000.0,1950.0,Madhya Pradesh,Rajgarh
2011-10-09,Soyabean,Biaora,1815.0,2009.0,1920.0,Madhya Pradesh,Rajgarh
2011-10-11,Soyabean,Biaora,1857.0,2014.0,1935.0,Madhya Pradesh,Rajgarh
2011-10-12,Soyabean,Biaora,1950.0,2040.0,2000.0,Madhya Pradesh,Rajgarh
2011-10-13,Soyabean,Biaora,1990.0,2087.0,2040.0,Madhya Pradesh,Rajgarh
2011-10-14,Soyabean,Biaora,1990.0,2055.0,2020.0,Madhya Pradesh,Rajgarh
2011-10-15,Soyabean,Biaora,2000.0,2050.0,2025.0,Madhya Pradesh,Rajgarh
2011-10-16,Soyabean,Biaora,1990.0,2030.0,2000.0,Madhya Pradesh,Rajgarh
2011-10-18,Soyabean,Biaora,1960.0,1992.0,1990.0,Madhya Pradesh,Rajgarh
2011-10-19,Soyabean,Biaora,1920.0,1980.0,1960.0,Madhya Pradesh,Rajgarh
2011-10-20,Soyabean,Biaora,1940.0,2015.0,1985.0,Madhya Pradesh,Rajgarh
2011-10-21,Soyabean,Biaora,2040.0,2093.0,2075.0,Madhya Pradesh,Rajgarh
2011-10-22,Soyabean,Biaora,2070.0,2111.0,2080.0,Madhya Pradesh,Rajgarh
2011-10-23,Soyabean,Biaora,2075.0,2111.0,2090.0,Madhya Pradesh,Rajgarh
2011-10-28,Soyabean,Biaora,2075.0,2301.0,2100.0,Madhya Pradesh,Rajgarh
2011-10-29,Soyabean,Biaora,2050.0,2105.0,2090.0,Madhya Pradesh,Rajgarh
2011-10-30,Soyabean,Biaora,2050.0,2120.0,2100.0,Madhya Pradesh,Rajgarh
2011-11-01,Soyabean,Biaora,2020.0,2085.0,2070.0,Madhya Pradesh,Rajgarh
2011-11-02,Soyabean,Biaora,2040.0,2093.0,2080.0,Madhya Pradesh,Rajgarh
2011-11-03,Soyabean,Biaora,2035.0,2068.0,2050.0,Madhya Pradesh,Rajgarh
2011-11-04,Soyabean,Biaora,2050.0,2101.0,2080.0,Madhya Pradesh,Rajgarh
2011-11-05,Soyabean,Biaora,2050.0,2095.0,2080.0,Madhya Pradesh,Rajgarh
2011-11-11,Soyabean,Biaora,1995.0,2050.0,2035.0,Madhya Pradesh,Rajgarh
2011-11-12,Soyabean,Biaora,2000.0,2044.0,2029.0,Madhya Pradesh,Rajgarh
2011-11-13,Soyabean,Biaora,2010.0,2042.0,2030.0,Madhya Pradesh,Rajgarh
2011-11-15,Soyabean,Biaora,2040.0,2092.0,2080.0,Madhya Pradesh,Rajgarh
2011-11-16,Soyabean,Biaora,2035.0,2095.0,2071.0,Madhya Pradesh,Rajgarh
2011-11-17,Soyabean,Biaora,2030.0,2085.0,2080.0,Madhya Pradesh,Rajgarh
2011-11-18,Soyabean,Biaora,2069.0,2090.0,2080.0,Madhya Pradesh,Rajgarh
2011-11-19,Soyabean,Biaora,2060.0,2105.0,2091.0,Madhya Pradesh,Rajgarh
2011-11-20,Soyabean,Biaora,2044.0,2100.0,2090.0,Madhya Pradesh,Rajgarh
2011-12-15,Soyabean,Biaora,2250.0,2280.0,2265.0,Madhya Pradesh,Rajgarh
2011-12-16,Soyabean,Biaora,2225.0,2260.0,2240.0,Madhya Pradesh,Rajgarh
2011-12-17,Soyabean,Biaora,2245.0,2295.0,2270.0,Madhya Pradesh,Rajgarh
2011-12-18,Soyabean,Biaora,2275.0,2301.0,2290.0,Madhya Pradesh,Rajgarh
2011-12-20,Soyabean,Biaora,2280.0,2324.0,2300.0,Madhya Pradesh,Rajgarh
2011-12-21,Soyabean,Biaora,2290.0,2323.0,2305.0,Madhya Pradesh,Rajgarh
2011-12-22,Soyabean,Biaora,2265.0,2305.0,2280.0,Madhya Pradesh,Rajgarh
2011-12-23,Soyabean,Biaora,2276.0,2310.0,2295.0,Madhya Pradesh,Rajgarh
2011-12-25,Soyabean,Biaora,2300.0,2319.0,2310.0,Madhya Pradesh,Rajgarh
2011-12-27,Soyabean,Biaora,2308.0,2345.0,2323.0,Madhya Pradesh,Rajgarh
2011-12-28,Soyabean,Biaora,2325.0,2385.0,2350.0,Madhya Pradesh,Rajgarh
2011-12-29,Soyabean,Biaora,2360.0,2400.0,2380.0,Madhya Pradesh,Rajgarh
2011-12-30,Soyabean,Biaora,2350.0,2385.0,2370.0,Madhya Pradesh,Rajgarh
2011-12-31,Soyabean,Biaora,2362.0,2398.0,2380.0,Madhya Pradesh,Rajgarh
2012-01-01,Soyabean,Biaora,2375.0,2404.0,2390.0,Madhya Pradesh,Rajgarh
2012-01-07,Soyabean,Biaora,2320.0,2371.0,2350.0,Madhya Pradesh,Rajgarh
2012-01-08,Soyabean,Biaora,2290.0,2355.0,2325.0,Madhya Pradesh,Rajgarh
2012-01-10,Soyabean,Biaora,2400.0,2438.0,2420.0,Madhya Pradesh,Rajgarh
2012-01-11,Soyabean,Biaora,2395.0,2420.0,2405.0,Madhya Pradesh,Rajgarh
2012-01-13,Soyabean,Biaora,2380.0,2430.0,2400.0,Madhya Pradesh,Rajgarh
2012-01-17,Soyabean,Biaora,2360.0,2400.0,2380.0,Madhya Pradesh,Rajgarh
2012-01-18,Soyabean,Biaora,2300.0,2362.0,2330.0,Madhya Pradesh,Rajgarh
2012-01-19,Soyabean,Biaora,2280.0,2365.0,2320.0,Madhya Pradesh,Rajgarh
2012-01-20,Soyabean,Biaora,2350.0,2405.0,2380.0,Madhya Pradesh,Rajgarh
2012-01-21,Soyabean,Biaora,2370.0,2410.0,2385.0,Madhya Pradesh,Rajgarh
2012-01-22,Soyabean,Biaora,2355.0,2424.0,2385.0,Madhya Pradesh,Rajgarh
2012-01-24,Soyabean,Biaora,2385.0,2438.0,2400.0,Madhya Pradesh,Rajgarh
2012-02-14,Soyabean,Biaora,2350.0,2400.0,2375.0,Madhya Pradesh,Rajgarh
2012-02-15,Soyabean,Biaora,2360.0,2402.0,2380.0,Madhya Pradesh,Rajgarh
2012-02-16,Soyabean,Biaora,2360.0,2408.0,2384.0,Madhya Pradesh,Rajgarh
2012-02-17,Soyabean,Biaora,2380.0,2411.0,2395.0,Madhya Pradesh,Rajgarh
2012-02-18,Soyabean,Biaora,2405.0,2430.0,2420.0,Madhya Pradesh,Rajgarh
2012-02-22,Soyabean,Biaora,2395.0,2465.0,2415.0,Madhya Pradesh,Rajgarh
2012-02-24,Soyabean,Biaora,2405.0,2451.0,2430.0,Madhya Pradesh,Rajgarh
2012-02-29,Soyabean,Biaora,2500.0,2539.0,2520.0,Madhya Pradesh,Rajgarh
2012-03-01,Soyabean,Biaora,2510.0,2540.0,2520.0,Madhya Pradesh,Rajgarh
2012-03-03,Soyabean,Biaora,2530.0,2564.0,2550.0,Madhya Pradesh,Rajgarh
2012-03-04,Soyabean,Biaora,2530.0,2570.0,2550.0,Madhya Pradesh,Rajgarh
2012-03-06,Soyabean,Biaora,2500.0,2603.0,2550.0,Madhya Pradesh,Rajgarh
2012-03-07,Soyabean,Biaora,2600.0,2680.0,2640.0,Madhya Pradesh,Rajgarh
2012-03-16,Soyabean,Biaora,2705.0,2743.0,2720.0,Madhya Pradesh,Rajgarh
2012-03-17,Soyabean,Biaora,2715.0,2740.0,2730.0,Madhya Pradesh,Rajgarh
2012-03-20,Soyabean,Biaora,2705.0,2722.0,2715.0,Madhya Pradesh,Rajgarh
2012-03-21,Soyabean,Biaora,2705.0,2732.0,2715.0,Madhya Pradesh,Rajgarh
2012-03-24,Soyabean,Biaora,2720.0,2799.0,2750.0,Madhya Pradesh,Rajgarh
2012-03-25,Soyabean,Biaora,2770.0,2820.0,2800.0,Madhya Pradesh,Rajgarh
2012-03-28,Soyabean,Biaora,2802.0,2846.0,2820.0,Madhya Pradesh,Rajgarh
2012-04-05,Soyabean,Biaora,2875.0,2980.0,2940.0,Madhya Pradesh,Rajgarh
2012-04-07,Soyabean,Biaora,2900.0,3070.0,3050.0,Madhya Pradesh,Rajgarh
2012-04-08,Soyabean,Biaora,3025.0,3080.0,3050.0,Madhya Pradesh,Rajgarh
2012-04-18,Soyabean,Biaora,3086.0,3103.0,3095.0,Madhya Pradesh,Rajgarh
2012-04-20,Soyabean,Biaora,3025.0,3088.0,3050.0,Madhya Pradesh,Rajgarh
2012-04-21,Soyabean,Biaora,3020.0,3102.0,3080.0,Madhya Pradesh,Rajgarh
2012-04-22,Soyabean,Biaora,3105.0,3180.0,3150.0,Madhya Pradesh,Rajgarh
2012-04-25,Soyabean,Biaora,3195.0,3218.0,3205.0,Madhya Pradesh,Rajgarh
2012-04-26,Soyabean,Biaora,3200.0,3280.0,3250.0,Madhya Pradesh,Rajgarh
2012-04-28,Soyabean,Biaora,3320.0,3352.0,3340.0,Madhya Pradesh,Rajgarh
2012-04-29,Soyabean,Biaora,3420.0,3490.0,3480.0,Madhya Pradesh,Rajgarh
2012-05-02,Soyabean,Biaora,3500.0,3570.0,3540.0,Madhya Pradesh,Rajgarh
2012-05-03,Soyabean,Biaora,3570.0,3583.0,3580.0,Madhya Pradesh,Rajgarh
2012-05-05,Soyabean,Biaora,3500.0,3560.0,3530.0,Madhya Pradesh,Rajgarh
2012-05-06,Soyabean,Biaora,3400.0,3415.0,3410.0,Madhya Pradesh,Rajgarh
2012-05-09,Soyabean,Biaora,3375.0,3452.0,3400.0,Madhya Pradesh,Rajgarh
2012-05-10,Soyabean,Biaora,3400.0,3420.0,3410.0,Madhya Pradesh,Rajgarh
2012-05-11,Soyabean,Biaora,3418.0,3462.0,3420.0,Madhya Pradesh,Rajgarh
2012-05-13,Soyabean,Biaora,3200.0,3244.0,3220.0,Madhya Pradesh,Rajgarh
2012-05-15,Soyabean,Biaora,3205.0,3270.0,3230.0,Madhya Pradesh,Rajgarh
2012-05-16,Soyabean,Biaora,3150.0,3281.0,3250.0,Madhya Pradesh,Rajgarh
2012-05-17,Soyabean,Biaora,3180.0,3250.0,3210.0,Madhya Pradesh,Rajgarh
2012-05-18,Soyabean,Biaora,3150.0,3290.0,3200.0,Madhya Pradesh,Rajgarh
2012-05-19,Soyabean,Biaora,3205.0,3301.0,3250.0,Madhya Pradesh,Rajgarh
2012-05-20,Soyabean,Biaora,3215.0,3312.0,3260.0,Madhya Pradesh,Rajgarh
2012-05-23,Soyabean,Biaora,3240.0,3390.0,3325.0,Madhya Pradesh,Rajgarh
2012-05-26,Soyabean,Biaora,2900.0,3290.0,3100.0,Madhya Pradesh,Rajgarh
2012-05-27,Soyabean,Biaora,3190.0,3294.0,3250.0,Madhya Pradesh,Rajgarh
2012-05-28,Soyabean,Biaora,3200.0,3275.0,3240.0,Madhya Pradesh,Rajgarh
2012-05-30,Soyabean,Biaora,3200.0,3290.0,3250.0,Madhya Pradesh,Rajgarh
2012-05-31,Soyabean,Biaora,3190.0,3276.0,3240.0,Madhya Pradesh,Rajgarh
2012-06-01,Soyabean,Biaora,3050.0,3318.0,3150.0,Madhya Pradesh,Rajgarh
2012-06-02,Soyabean,Biaora,3210.0,3318.0,3275.0,Madhya Pradesh,Rajgarh
2012-06-03,Soyabean,Biaora,3296.0,3360.0,3350.0,Madhya Pradesh,Rajgarh
2012-06-05,Soyabean,Biaora,3300.0,3385.0,3350.0,Madhya Pradesh,Rajgarh
2012-06-06,Soyabean,Biaora,3050.0,3419.0,3250.0,Madhya Pradesh,Rajgarh
2012-06-07,Soyabean,Biaora,3310.0,3515.0,3400.0,Madhya Pradesh,Rajgarh
2012-06-08,Soyabean,Biaora,3250.0,3460.0,3300.0,Madhya Pradesh,Rajgarh
2012-06-09,Soyabean,Biaora,3305.0,3365.0,3330.0,Madhya Pradesh,Rajgarh
2012-06-10,Soyabean,Biaora,3305.0,3380.0,3350.0,Madhya Pradesh,Rajgarh
2012-06-12,Soyabean,Biaora,3225.0,3430.0,3400.0,Madhya Pradesh,Rajgarh
2012-06-13,Soyabean,Biaora,3270.0,3420.0,3350.0,Madhya Pradesh,Rajgarh
2012-06-14,Soyabean,Biaora,3260.0,3508.0,3380.0,Madhya Pradesh,Rajgarh
2012-06-15,Soyabean,Biaora,3260.0,3405.0,3300.0,Madhya Pradesh,Rajgarh
2012-06-16,Soyabean,Biaora,3298.0,3442.0,3350.0,Madhya Pradesh,Rajgarh
2012-06-17,Soyabean,Biaora,3225.0,3360.0,3300.0,Madhya Pradesh,Rajgarh
2012-06-20,Soyabean,Biaora,3340.0,3731.0,3500.0,Madhya Pradesh,Rajgarh
2012-06-21,Soyabean,Biaora,3410.0,3525.0,3450.0,Madhya Pradesh,Rajgarh
2012-06-23,Soyabean,Biaora,3405.0,3541.0,3450.0,Madhya Pradesh,Rajgarh
2012-06-24,Soyabean,Biaora,3390.0,3512.0,3450.0,Madhya Pradesh,Rajgarh
2012-06-26,Soyabean,Biaora,3390.0,3620.0,3530.0,Madhya Pradesh,Rajgarh
2012-06-27,Soyabean,Biaora,3495.0,3610.0,3540.0,Madhya Pradesh,Rajgarh
2012-06-28,Soyabean,Biaora,3515.0,3720.0,3600.0,Madhya Pradesh,Rajgarh
2012-06-29,Soyabean,Biaora,3560.0,3760.0,3620.0,Madhya Pradesh,Rajgarh
2012-07-03,Soyabean,Biaora,3600.0,3809.0,3790.0,Madhya Pradesh,Rajgarh
2012-07-04,Soyabean,Biaora,3750.0,3966.0,3850.0,Madhya Pradesh,Rajgarh
2012-07-05,Soyabean,Biaora,3605.0,3975.0,3820.0,Madhya Pradesh,Rajgarh
2012-07-06,Soyabean,Biaora,3900.0,4020.0,3980.0,Madhya Pradesh,Rajgarh
2012-07-07,Soyabean,Biaora,3800.0,4015.0,3900.0,Madhya Pradesh,Rajgarh
2012-07-08,Soyabean,Biaora,4000.0,4111.0,4060.0,Madhya Pradesh,Rajgarh
2012-07-10,Soyabean,Biaora,3800.0,4150.0,4080.0,Madhya Pradesh,Rajgarh
2012-07-11,Soyabean,Biaora,3955.0,4043.0,4000.0,Madhya Pradesh,Rajgarh
2012-07-12,Soyabean,Biaora,3900.0,4043.0,3950.0,Madhya Pradesh,Rajgarh
2012-07-13,Soyabean,Biaora,4060.0,4164.0,4110.0,Madhya Pradesh,Rajgarh
2012-07-14,Soyabean,Biaora,4045.0,4255.0,4100.0,Madhya Pradesh,Rajgarh
2012-07-15,Soyabean,Biaora,4120.0,4251.0,4200.0,Madhya Pradesh,Rajgarh
2012-07-17,Soyabean,Biaora,4296.0,4372.0,4310.0,Madhya Pradesh,Rajgarh
2012-07-18,Soyabean,Biaora,4453.0,4507.0,4480.0,Madhya Pradesh,Rajgarh
2012-07-20,Soyabean,Biaora,4660.0,4700.0,4680.0,Madhya Pradesh,Rajgarh
2012-07-21,Soyabean,Biaora,4790.0,4820.0,4800.0,Madhya Pradesh,Rajgarh
2012-07-22,Soyabean,Biaora,4920.0,5007.0,4950.0,Madhya Pradesh,Rajgarh
2012-07-25,Soyabean,Biaora,4450.0,5460.0,4850.0,Madhya Pradesh,Rajgarh
2012-07-26,Soyabean,Biaora,4505.0,4620.0,4580.0,Madhya Pradesh,Rajgarh
2012-07-27,Soyabean,Biaora,4470.0,4535.0,4500.0,Madhya Pradesh,Rajgarh
2012-07-28,Soyabean,Biaora,4490.0,4525.0,4510.0,Madhya Pradesh,Rajgarh
2012-07-29,Soyabean,Biaora,4320.0,4430.0,4380.0,Madhya Pradesh,Rajgarh
2012-07-31,Soyabean,Biaora,4270.0,4307.0,4285.0,Madhya Pradesh,Rajgarh
2012-08-01,Soyabean,Biaora,4150.0,4210.0,4180.0,Madhya Pradesh,Rajgarh
2012-08-04,Soyabean,Biaora,4180.0,4236.0,4200.0,Madhya Pradesh,Rajgarh
2012-08-05,Soyabean,Biaora,4300.0,4340.0,4320.0,Madhya Pradesh,Rajgarh
2012-08-07,Soyabean,Biaora,4115.0,4302.0,4200.0,Madhya Pradesh,Rajgarh
2012-08-08,Soyabean,Biaora,4275.0,4325.0,4300.0,Madhya Pradesh,Rajgarh
2012-08-09,Soyabean,Biaora,4270.0,4352.0,4300.0,Madhya Pradesh,Rajgarh
2012-08-11,Soyabean,Biaora,4200.0,4277.0,4240.0,Madhya Pradesh,Rajgarh
2012-08-12,Soyabean,Biaora,4260.0,4320.0,4285.0,Madhya Pradesh,Rajgarh
2012-08-14,Soyabean,Biaora,4150.0,4200.0,4175.0,Madhya Pradesh,Rajgarh
2012-08-16,Soyabean,Biaora,4200.0,4350.0,4275.0,Madhya Pradesh,Rajgarh
2012-08-18,Soyabean,Biaora,4175.0,4265.0,4200.0,Madhya Pradesh,Rajgarh
2012-08-19,Soyabean,Biaora,4000.0,4280.0,4120.0,Madhya Pradesh,Rajgarh
2012-08-21,Soyabean,Biaora,4150.0,4225.0,4190.0,Madhya Pradesh,Rajgarh
2012-08-23,Soyabean,Biaora,4250.0,4274.0,4260.0,Madhya Pradesh,Rajgarh
2012-08-24,Soyabean,Biaora,4250.0,4310.0,4280.0,Madhya Pradesh,Rajgarh
2012-08-25,Soyabean,Biaora,4170.0,4302.0,4250.0,Madhya Pradesh,Rajgarh
2012-08-26,Soyabean,Biaora,4300.0,4350.0,4325.0,Madhya Pradesh,Rajgarh
2012-08-28,Soyabean,Biaora,4270.0,4305.0,4285.0,Madhya Pradesh,Rajgarh
2012-08-29,Soyabean,Biaora,4247.0,4270.0,4250.0,Madhya Pradesh,Rajgarh
2012-08-30,Soyabean,Biaora,4250.0,4330.0,4300.0,Madhya Pradesh,Rajgarh
2012-08-31,Soyabean,Biaora,4200.0,4250.0,4225.0,Madhya Pradesh,Rajgarh
2012-09-02,Soyabean,Biaora,4300.0,4315.0,4310.0,Madhya Pradesh,Rajgarh
2012-09-04,Soyabean,Biaora,3600.0,4200.0,3700.0,Madhya Pradesh,Rajgarh
2012-09-06,Soyabean,Biaora,4200.0,4320.0,4250.0,Madhya Pradesh,Rajgarh
2012-09-08,Soyabean,Biaora,4000.0,4100.0,4050.0,Madhya Pradesh,Rajgarh
2012-09-09,Soyabean,Biaora,3500.0,4050.0,3800.0,Madhya Pradesh,Rajgarh
2012-09-11,Soyabean,Biaora,3991.0,4160.0,4050.0,Madhya Pradesh,Rajgarh
2012-09-13,Soyabean,Biaora,3925.0,4020.0,4000.0,Madhya Pradesh,Rajgarh
2012-09-14,Soyabean,Biaora,3900.0,4000.0,3950.0,Madhya Pradesh,Rajgarh
2012-09-15,Soyabean,Biaora,4010.0,4125.0,4050.0,Madhya Pradesh,Rajgarh
2012-09-18,Soyabean,Biaora,3620.0,4000.0,3800.0,Madhya Pradesh,Rajgarh
2012-09-20,Soyabean,Biaora,3820.0,4025.0,3950.0,Madhya Pradesh,Rajgarh
2012-09-21,Soyabean,Biaora,3350.0,3350.0,3350.0,Madhya Pradesh,Rajgarh
2012-09-22,Soyabean,Biaora,3300.0,3400.0,3350.0,Madhya Pradesh,Rajgarh
2012-09-23,Soyabean,Biaora,3200.0,3450.0,3325.0,Madhya Pradesh,Rajgarh
2012-09-25,Soyabean,Biaora,2750.0,3314.0,3000.0,Madhya Pradesh,Rajgarh
2012-09-26,Soyabean,Biaora,2896.0,3311.0,3050.0,Madhya Pradesh,Rajgarh
2012-09-27,Soyabean,Biaora,2800.0,3300.0,3000.0,Madhya Pradesh,Rajgarh
2012-09-28,Soyabean,Biaora,2500.0,3210.0,2950.0,Madhya Pradesh,Rajgarh
2012-10-03,Soyabean,Biaora,2410.0,2725.0,2550.0,Madhya Pradesh,Rajgarh
2012-10-04,Soyabean,Biaora,2610.0,2752.0,2700.0,Madhya Pradesh,Rajgarh
2012-10-05,Soyabean,Biaora,2810.0,2899.0,2850.0,Madhya Pradesh,Rajgarh
2012-10-06,Soyabean,Biaora,2920.0,3000.0,2950.0,Madhya Pradesh,Rajgarh
2012-10-07,Soyabean,Biaora,2904.0,3006.0,2950.0,Madhya Pradesh,Rajgarh
2012-10-09,Soyabean,Biaora,2950.0,3005.0,2980.0,Madhya Pradesh,Rajgarh
2012-10-10,Soyabean,Biaora,3080.0,3130.0,3100.0,Madhya Pradesh,Rajgarh
2012-10-11,Soyabean,Biaora,3100.0,3152.0,3125.0,Madhya Pradesh,Rajgarh
2012-10-12,Soyabean,Biaora,3080.0,3135.0,3110.0,Madhya Pradesh,Rajgarh
2012-10-13,Soyabean,Biaora,3025.0,3092.0,3060.0,Madhya Pradesh,Rajgarh
2012-10-14,Soyabean,Biaora,2950.0,3020.0,2990.0,Madhya Pradesh,Rajgarh
2012-10-18,Soyabean,Biaora,2880.0,2971.0,2920.0,Madhya Pradesh,Rajgarh
2012-10-19,Soyabean,Biaora,2980.0,3040.0,3010.0,Madhya Pradesh,Rajgarh
2012-10-20,Soyabean,Biaora,2960.0,3021.0,3000.0,Madhya Pradesh,Rajgarh
2012-10-21,Soyabean,Biaora,2975.0,3071.0,3000.0,Madhya Pradesh,Rajgarh
2012-10-30,Soyabean,Biaora,3060.0,3105.0,3080.0,Madhya Pradesh,Rajgarh
2012-10-31,Soyabean,Biaora,3085.0,3135.0,3100.0,Madhya Pradesh,Rajgarh
2012-11-01,Soyabean,Biaora,3180.0,3210.0,3195.0,Madhya Pradesh,Rajgarh
2012-11-02,Soyabean,Biaora,3170.0,3225.0,3200.0,Madhya Pradesh,Rajgarh
2012-11-03,Soyabean,Biaora,3115.0,3175.0,3150.0,Madhya Pradesh,Rajgarh
2012-11-06,Soyabean,Biaora,3100.0,3212.0,3160.0,Madhya Pradesh,Rajgarh
2012-11-07,Soyabean,Biaora,3180.0,3215.0,3200.0,Madhya Pradesh,Rajgarh
2012-11-08,Soyabean,Biaora,3180.0,3226.0,3200.0,Madhya Pradesh,Rajgarh
2012-11-09,Soyabean,Biaora,3200.0,3266.0,3230.0,Madhya Pradesh,Rajgarh
2012-11-10,Soyabean,Biaora,3120.0,3218.0,3160.0,Madhya Pradesh,Rajgarh
2012-11-16,Soyabean,Biaora,3111.0,3154.0,3130.0,Madhya Pradesh,Rajgarh
2012-11-17,Soyabean,Biaora,3115.0,3212.0,3165.0,Madhya Pradesh,Rajgarh
2012-11-18,Soyabean,Biaora,3100.0,3172.0,3140.0,Madhya Pradesh,Rajgarh
2012-11-20,Soyabean,Biaora,3152.0,3201.0,3180.0,Madhya Pradesh,Rajgarh
2012-11-21,Soyabean,Biaora,3075.0,3195.0,3150.0,Madhya Pradesh,Rajgarh
2012-11-22,Soyabean,Biaora,3085.0,3181.0,3130.0,Madhya Pradesh,Rajgarh
2012-11-23,Soyabean,Biaora,3114.0,3178.0,3150.0,Madhya Pradesh,Rajgarh
2012-11-27,Soyabean,Biaora,3135.0,3177.0,3150.0,Madhya Pradesh,Rajgarh
2012-11-29,Soyabean,Biaora,3095.0,3162.0,3125.0,Madhya Pradesh,Rajgarh
2012-11-30,Soyabean,Biaora,3078.0,3152.0,3120.0,Madhya Pradesh,Rajgarh
2012-12-01,Soyabean,Biaora,3024.0,3107.0,3070.0,Madhya Pradesh,Rajgarh
2012-12-02,Soyabean,Biaora,3005.0,3072.0,3040.0,Madhya Pradesh,Rajgarh
2012-12-04,Soyabean,Biaora,3004.0,3072.0,3040.0,Madhya Pradesh,Rajgarh
2012-12-05,Soyabean,Biaora,3014.0,3077.0,3040.0,Madhya Pradesh,Rajgarh
2012-12-06,Soyabean,Biaora,3116.0,3151.0,3135.0,Madhya Pradesh,Rajgarh
2012-12-07,Soyabean,Biaora,3108.0,3156.0,3130.0,Madhya Pradesh,Rajgarh
2012-12-08,Soyabean,Biaora,3078.0,3125.0,3100.0,Madhya Pradesh,Rajgarh
2012-12-09,Soyabean,Biaora,3077.0,3137.0,3120.0,Madhya Pradesh,Rajgarh
2012-12-11,Soyabean,Biaora,3122.0,3178.0,3150.0,Madhya Pradesh,Rajgarh
2012-12-12,Soyabean,Biaora,3135.0,3176.0,3155.0,Madhya Pradesh,Rajgarh
2012-12-14,Soyabean,Biaora,3140.0,3225.0,3200.0,Madhya Pradesh,Rajgarh
2012-12-15,Soyabean,Biaora,3205.0,3280.0,3250.0,Madhya Pradesh,Rajgarh
2012-12-16,Soyabean,Biaora,3200.0,3252.0,3230.0,Madhya Pradesh,Rajgarh
2012-12-18,Soyabean,Biaora,3215.0,3290.0,3240.0,Madhya Pradesh,Rajgarh
2012-12-19,Soyabean,Biaora,3196.0,3233.0,3210.0,Madhya Pradesh,Rajgarh
2012-12-21,Soyabean,Biaora,3210.0,3237.0,3220.0,Madhya Pradesh,Rajgarh
2012-12-22,Soyabean,Biaora,3228.0,3265.0,3245.0,Madhya Pradesh,Rajgarh
2012-12-23,Soyabean,Biaora,3213.0,3250.0,3235.0,Madhya Pradesh,Rajgarh
2012-12-25,Soyabean,Biaora,3172.0,3223.0,3200.0,Madhya Pradesh,Rajgarh
2012-12-26,Soyabean,Biaora,3142.0,3229.0,3185.0,Madhya Pradesh,Rajgarh
2012-12-27,Soyabean,Biaora,3088.0,3208.0,3150.0,Madhya Pradesh,Rajgarh
2012-12-28,Soyabean,Biaora,3160.0,3225.0,3200.0,Madhya Pradesh,Rajgarh
2012-12-29,Soyabean,Biaora,3175.0,3262.0,3220.0,Madhya Pradesh,Rajgarh
2012-12-30,Soyabean,Biaora,3191.0,3251.0,3210.0,Madhya Pradesh,Rajgarh
2013-01-01,Soyabean,Biaora,3182.0,3248.0,3220.0,Madhya Pradesh,Rajgarh
2013-01-02,Soyabean,Biaora,3125.0,3278.0,3220.0,Madhya Pradesh,Rajgarh
2013-01-03,Soyabean,Biaora,3183.0,3269.0,3215.0,Madhya Pradesh,Rajgarh
2013-01-04,Soyabean,Biaora,3145.0,3250.0,3200.0,Madhya Pradesh,Rajgarh
2013-01-08,Soyabean,Biaora,3080.0,3190.0,3140.0,Madhya Pradesh,Rajgarh
2013-01-09,Soyabean,Biaora,3060.0,3190.0,3120.0,Madhya Pradesh,Rajgarh
2013-01-10,Soyabean,Biaora,3098.0,3202.0,3150.0,Madhya Pradesh,Rajgarh
2013-01-12,Soyabean,Biaora,3040.0,3181.0,3100.0,Madhya Pradesh,Rajgarh
2013-01-15,Soyabean,Biaora,3084.0,3258.0,3180.0,Madhya Pradesh,Rajgarh
2013-01-16,Soyabean,Biaora,3090.0,3250.0,3180.0,Madhya Pradesh,Rajgarh
2013-01-17,Soyabean,Biaora,3098.0,3200.0,3150.0,Madhya Pradesh,Rajgarh
2013-01-18,Soyabean,Biaora,3089.0,3201.0,3150.0,Madhya Pradesh,Rajgarh
2013-01-19,Soyabean,Biaora,3071.0,3211.0,3120.0,Madhya Pradesh,Rajgarh
2013-01-20,Soyabean,Biaora,3099.0,3204.0,3150.0,Madhya Pradesh,Rajgarh
2013-01-22,Soyabean,Biaora,3088.0,3228.0,3150.0,Madhya Pradesh,Rajgarh
2013-01-23,Soyabean,Biaora,3125.0,3246.0,3175.0,Madhya Pradesh,Rajgarh
2013-01-24,Soyabean,Biaora,3105.0,3217.0,3180.0,Madhya Pradesh,Rajgarh
2013-01-27,Soyabean,Biaora,3088.0,3227.0,3110.0,Madhya Pradesh,Rajgarh
2013-01-29,Soyabean,Biaora,3088.0,3206.0,3150.0,Madhya Pradesh,Rajgarh
2013-01-30,Soyabean,Biaora,3075.0,3222.0,3150.0,Madhya Pradesh,Rajgarh
2013-01-31,Soyabean,Biaora,3080.0,3227.0,3180.0,Madhya Pradesh,Rajgarh
2013-02-01,Soyabean,Biaora,3096.0,3226.0,3150.0,Madhya Pradesh,Rajgarh
2013-02-02,Soyabean,Biaora,3132.0,3229.0,3185.0,Madhya Pradesh,Rajgarh
2013-02-03,Soyabean,Biaora,3101.0,3234.0,3165.0,Madhya Pradesh,Rajgarh
2013-02-05,Soyabean,Biaora,3114.0,3265.0,3180.0,Madhya Pradesh,Rajgarh
2013-02-06,Soyabean,Biaora,3150.0,3244.0,3200.0,Madhya Pradesh,Rajgarh
2013-02-07,Soyabean,Biaora,3136.0,3224.0,3180.0,Madhya Pradesh,Rajgarh
2013-02-12,Soyabean,Biaora,3126.0,3217.0,3180.0,Madhya Pradesh,Rajgarh
2013-02-13,Soyabean,Biaora,3107.0,3198.0,3150.0,Madhya Pradesh,Rajgarh
2013-02-14,Soyabean,Biaora,3070.0,3205.0,3120.0,Madhya Pradesh,Rajgarh
2013-02-16,Soyabean,Biaora,3150.0,3227.0,3200.0,Madhya Pradesh,Rajgarh
2013-02-17,Soyabean,Biaora,3139.0,3242.0,3185.0,Madhya Pradesh,Rajgarh
2013-02-19,Soyabean,Biaora,3150.0,3300.0,3225.0,Madhya Pradesh,Rajgarh
2013-02-22,Soyabean,Biaora,3109.0,3325.0,3180.0,Madhya Pradesh,Rajgarh
2013-02-23,Soyabean,Biaora,3080.0,3318.0,3150.0,Madhya Pradesh,Rajgarh
2013-02-27,Soyabean,Biaora,3135.0,3279.0,3200.0,Madhya Pradesh,Rajgarh
2013-02-28,Soyabean,Biaora,3171.0,3279.0,3240.0,Madhya Pradesh,Rajgarh
2013-03-02,Soyabean,Biaora,3105.0,3224.0,3175.0,Madhya Pradesh,Rajgarh
2013-03-03,Soyabean,Biaora,3045.0,3250.0,3180.0,Madhya Pradesh,Rajgarh
2013-03-05,Soyabean,Biaora,3090.0,3304.0,3200.0,Madhya Pradesh,Rajgarh
2013-03-06,Soyabean,Biaora,3140.0,3377.0,3200.0,Madhya Pradesh,Rajgarh
2013-03-07,Soyabean,Biaora,3250.0,3346.0,3300.0,Madhya Pradesh,Rajgarh
2013-03-08,Soyabean,Biaora,3211.0,3398.0,3325.0,Madhya Pradesh,Rajgarh
2013-03-09,Soyabean,Biaora,3290.0,3457.0,3370.0,Madhya Pradesh,Rajgarh
2013-03-12,Soyabean,Biaora,3250.0,3461.0,3350.0,Madhya Pradesh,Rajgarh
2013-03-13,Soyabean,Biaora,3310.0,3440.0,3380.0,Madhya Pradesh,Rajgarh
2013-03-14,Soyabean,Biaora,3162.0,3457.0,3400.0,Madhya Pradesh,Rajgarh
2013-03-15,Soyabean,Biaora,3300.0,3436.0,3370.0,Madhya Pradesh,Rajgarh
2013-03-16,Soyabean,Biaora,3276.0,3420.0,3350.0,Madhya Pradesh,Rajgarh
2013-03-17,Soyabean,Biaora,3305.0,3430.0,3400.0,Madhya Pradesh,Rajgarh
2013-03-19,Soyabean,Biaora,3300.0,3450.0,3375.0,Madhya Pradesh,Rajgarh
2013-03-20,Soyabean,Biaora,3200.0,3472.0,3325.0,Madhya Pradesh,Rajgarh
2013-03-23,Soyabean,Biaora,3290.0,3538.0,3450.0,Madhya Pradesh,Rajgarh
2013-03-24,Soyabean,Biaora,3480.0,3561.0,3500.0,Madhya Pradesh,Rajgarh
2013-04-02,Soyabean,Biaora,3350.0,3618.0,3550.0,Madhya Pradesh,Rajgarh
2013-04-03,Soyabean,Biaora,3350.0,3618.0,3400.0,Madhya Pradesh,Rajgarh
2013-04-04,Soyabean,Biaora,3495.0,3816.0,3600.0,Madhya Pradesh,Rajgarh
2013-04-05,Soyabean,Biaora,3560.0,3882.0,3700.0,Madhya Pradesh,Rajgarh
2013-04-07,Soyabean,Biaora,3575.0,3897.0,3750.0,Madhya Pradesh,Rajgarh
2013-04-09,Soyabean,Biaora,3880.0,3925.0,3910.0,Madhya Pradesh,Rajgarh
2013-04-12,Soyabean,Biaora,3680.0,3940.0,3820.0,Madhya Pradesh,Rajgarh
2013-04-13,Soyabean,Biaora,3670.0,3852.0,3750.0,Madhya Pradesh,Rajgarh
2013-04-16,Soyabean,Biaora,3645.0,3780.0,3700.0,Madhya Pradesh,Rajgarh
2013-04-17,Soyabean,Biaora,3545.0,3760.0,3600.0,Madhya Pradesh,Rajgarh
2013-04-20,Soyabean,Biaora,3355.0,3865.0,3600.0,Madhya Pradesh,Rajgarh
2013-04-21,Soyabean,Biaora,3725.0,3990.0,3850.0,Madhya Pradesh,Rajgarh
2013-04-24,Soyabean,Biaora,3515.0,3885.0,3600.0,Madhya Pradesh,Rajgarh
2013-04-26,Soyabean,Biaora,3730.0,4075.0,3900.0,Madhya Pradesh,Rajgarh
2013-04-27,Soyabean,Biaora,3690.0,4020.0,3875.0,Madhya Pradesh,Rajgarh
2013-04-28,Soyabean,Biaora,3570.0,3940.0,3850.0,Madhya Pradesh,Rajgarh
2013-05-02,Soyabean,Biaora,3675.0,3840.0,3750.0,Madhya Pradesh,Rajgarh
2013-05-03,Soyabean,Biaora,3550.0,3825.0,3700.0,Madhya Pradesh,Rajgarh
2013-05-04,Soyabean,Biaora,3800.0,3940.0,3880.0,Madhya Pradesh,Rajgarh
2013-05-07,Soyabean,Biaora,3645.0,3875.0,3750.0,Madhya Pradesh,Rajgarh
2013-05-08,Soyabean,Biaora,3655.0,3905.0,3750.0,Madhya Pradesh,Rajgarh
2013-05-10,Soyabean,Biaora,3795.0,3905.0,3800.0,Madhya Pradesh,Rajgarh
2013-05-11,Soyabean,Biaora,3570.0,3875.0,3750.0,Madhya Pradesh,Rajgarh
2013-05-12,Soyabean,Biaora,3560.0,3940.0,3750.0,Madhya Pradesh,Rajgarh
2013-05-14,Soyabean,Biaora,3800.0,3985.0,3900.0,Madhya Pradesh,Rajgarh
2013-05-15,Soyabean,Biaora,3810.0,3965.0,3880.0,Madhya Pradesh,Rajgarh
2013-05-16,Soyabean,Biaora,3815.0,3990.0,3940.0,Madhya Pradesh,Rajgarh
2013-05-18,Soyabean,Biaora,3870.0,4005.0,3950.0,Madhya Pradesh,Rajgarh
2013-05-19,Soyabean,Biaora,3850.0,4010.0,3950.0,Madhya Pradesh,Rajgarh
2013-05-21,Soyabean,Biaora,3840.0,4085.0,3950.0,Madhya Pradesh,Rajgarh
2013-05-22,Soyabean,Biaora,3910.0,4095.0,3980.0,Madhya Pradesh,Rajgarh
2013-05-23,Soyabean,Biaora,3790.0,4075.0,3950.0,Madhya Pradesh,Rajgarh
2013-05-24,Soyabean,Biaora,3865.0,4085.0,3950.0,Madhya Pradesh,Rajgarh
2013-05-25,Soyabean,Biaora,3840.0,4025.0,3900.0,Madhya Pradesh,Rajgarh
2013-05-26,Soyabean,Biaora,3625.0,4015.0,3850.0,Madhya Pradesh,Rajgarh
2013-05-28,Soyabean,Biaora,3670.0,3965.0,3700.0,Madhya Pradesh,Rajgarh
2013-05-29,Soyabean,Biaora,3375.0,3770.0,3500.0,Madhya Pradesh,Rajgarh
2013-05-30,Soyabean,Biaora,3590.0,3745.0,3650.0,Madhya Pradesh,Rajgarh
2013-06-01,Soyabean,Biaora,3685.0,3825.0,3750.0,Madhya Pradesh,Rajgarh
2013-06-04,Soyabean,Biaora,3625.0,3805.0,3720.0,Madhya Pradesh,Rajgarh
2013-06-05,Soyabean,Biaora,3605.0,3710.0,3650.0,Madhya Pradesh,Rajgarh
2013-06-06,Soyabean,Biaora,3615.0,3755.0,3700.0,Madhya Pradesh,Rajgarh
2013-06-07,Soyabean,Biaora,3610.0,3730.0,3650.0,Madhya Pradesh,Rajgarh
2013-06-09,Soyabean,Biaora,3615.0,3780.0,3700.0,Madhya Pradesh,Rajgarh
2013-06-11,Soyabean,Biaora,3690.0,3730.0,3710.0,Madhya Pradesh,Rajgarh
2013-06-12,Soyabean,Biaora,3380.0,3775.0,3650.0,Madhya Pradesh,Rajgarh
2013-06-13,Soyabean,Biaora,3560.0,3790.0,3675.0,Madhya Pradesh,Rajgarh
2013-06-14,Soyabean,Biaora,3680.0,3785.0,3725.0,Madhya Pradesh,Rajgarh
2013-06-15,Soyabean,Biaora,3690.0,3865.0,3780.0,Madhya Pradesh,Rajgarh
2013-06-16,Soyabean,Biaora,3505.0,3775.0,3630.0,Madhya Pradesh,Rajgarh
2013-06-18,Soyabean,Biaora,3730.0,3890.0,3800.0,Madhya Pradesh,Rajgarh
2013-06-19,Soyabean,Biaora,3655.0,3840.0,3725.0,Madhya Pradesh,Rajgarh
2013-06-20,Soyabean,Biaora,3760.0,3855.0,3800.0,Madhya Pradesh,Rajgarh
2013-06-21,Soyabean,Biaora,3590.0,3835.0,3720.0,Madhya Pradesh,Rajgarh
2013-06-22,Soyabean,Biaora,3695.0,3800.0,3720.0,Madhya Pradesh,Rajgarh
2013-06-25,Soyabean,Biaora,3560.0,3655.0,3600.0,Madhya Pradesh,Rajgarh
2013-06-26,Soyabean,Biaora,3325.0,3550.0,3450.0,Madhya Pradesh,Rajgarh
2013-06-28,Soyabean,Biaora,3375.0,3505.0,3450.0,Madhya Pradesh,Rajgarh
2013-06-29,Soyabean,Biaora,3390.0,3545.0,3450.0,Madhya Pradesh,Rajgarh
2013-06-30,Soyabean,Biaora,3425.0,3540.0,3485.0,Madhya Pradesh,Rajgarh
2013-07-02,Soyabean,Biaora,3475.0,3495.0,3480.0,Madhya Pradesh,Rajgarh
2013-07-03,Soyabean,Biaora,3475.0,3545.0,3510.0,Madhya Pradesh,Rajgarh
2013-07-05,Soyabean,Biaora,3370.0,3540.0,3450.0,Madhya Pradesh,Rajgarh
2013-07-06,Soyabean,Biaora,3425.0,3545.0,3500.0,Madhya Pradesh,Rajgarh
2013-07-07,Soyabean,Biaora,3265.0,3535.0,3450.0,Madhya Pradesh,Rajgarh
2013-07-09,Soyabean,Biaora,3380.0,3555.0,3470.0,Madhya Pradesh,Rajgarh
2013-07-11,Soyabean,Biaora,3485.0,3670.0,3510.0,Madhya Pradesh,Rajgarh
2013-07-13,Soyabean,Biaora,3405.0,3615.0,3500.0,Madhya Pradesh,Rajgarh
2013-07-14,Soyabean,Biaora,3470.0,3575.0,3520.0,Madhya Pradesh,Rajgarh
2013-07-16,Soyabean,Biaora,3445.0,3560.0,3500.0,Madhya Pradesh,Rajgarh
2013-07-17,Soyabean,Biaora,3375.0,3580.0,3435.0,Madhya Pradesh,Rajgarh
2013-07-18,Soyabean,Biaora,3275.0,3530.0,3350.0,Madhya Pradesh,Rajgarh
2013-07-19,Soyabean,Biaora,3350.0,3445.0,3400.0,Madhya Pradesh,Rajgarh
2013-07-20,Soyabean,Biaora,3305.0,3385.0,3350.0,Madhya Pradesh,Rajgarh
2013-07-21,Soyabean,Biaora,3320.0,3390.0,3350.0,Madhya Pradesh,Rajgarh
2013-07-23,Soyabean,Biaora,3195.0,3285.0,3200.0,Madhya Pradesh,Rajgarh
2013-07-24,Soyabean,Biaora,3135.0,3220.0,3175.0,Madhya Pradesh,Rajgarh
2013-07-25,Soyabean,Biaora,3045.0,3135.0,3100.0,Madhya Pradesh,Rajgarh
2013-07-26,Soyabean,Biaora,2980.0,3055.0,3010.0,Madhya Pradesh,Rajgarh
2013-07-30,Soyabean,Biaora,2775.0,2990.0,2850.0,Madhya Pradesh,Rajgarh
2013-08-01,Soyabean,Biaora,3010.0,3080.0,3050.0,Madhya Pradesh,Rajgarh
2013-08-02,Soyabean,Biaora,3045.0,3140.0,3100.0,Madhya Pradesh,Rajgarh
2013-08-03,Soyabean,Biaora,2925.0,3155.0,3050.0,Madhya Pradesh,Rajgarh
2013-08-04,Soyabean,Biaora,3005.0,3145.0,3100.0,Madhya Pradesh,Rajgarh
2013-08-07,Soyabean,Biaora,3080.0,3175.0,3130.0,Madhya Pradesh,Rajgarh
2013-08-10,Soyabean,Biaora,3105.0,3255.0,3175.0,Madhya Pradesh,Rajgarh
2013-08-11,Soyabean,Biaora,3270.0,3365.0,3305.0,Madhya Pradesh,Rajgarh
2013-08-14,Soyabean,Biaora,3365.0,3450.0,3415.0,Madhya Pradesh,Rajgarh
2013-08-17,Soyabean,Biaora,3160.0,3365.0,3280.0,Madhya Pradesh,Rajgarh
2013-08-18,Soyabean,Biaora,3245.0,3360.0,3300.0,Madhya Pradesh,Rajgarh
2013-08-23,Soyabean,Biaora,3375.0,3375.0,3375.0,Madhya Pradesh,Rajgarh
2013-08-24,Soyabean,Biaora,3370.0,3555.0,3450.0,Madhya Pradesh,Rajgarh
2013-08-25,Soyabean,Biaora,3475.0,3580.0,3540.0,Madhya Pradesh,Rajgarh
2013-08-27,Soyabean,Biaora,3550.0,3670.0,3620.0,Madhya Pradesh,Rajgarh
2013-08-29,Soyabean,Biaora,3395.0,3705.0,3650.0,Madhya Pradesh,Rajgarh
2013-08-30,Soyabean,Biaora,3305.0,3515.0,3410.0,Madhya Pradesh,Rajgarh
2013-08-31,Soyabean,Biaora,3320.0,3525.0,3450.0,Madhya Pradesh,Rajgarh
2013-09-01,Soyabean,Biaora,3295.0,3430.0,3350.0,Madhya Pradesh,Rajgarh
2013-09-04,Soyabean,Biaora,3245.0,3450.0,3350.0,Madhya Pradesh,Rajgarh
2013-09-08,Soyabean,Biaora,3315.0,3395.0,3350.0,Madhya Pradesh,Rajgarh
2013-09-10,Soyabean,Biaora,3205.0,3275.0,3240.0,Madhya Pradesh,Rajgarh
2013-09-11,Soyabean,Biaora,3235.0,3315.0,3275.0,Madhya Pradesh,Rajgarh
2013-09-12,Soyabean,Biaora,3245.0,3360.0,3300.0,Madhya Pradesh,Rajgarh
2013-09-13,Soyabean,Biaora,3350.0,3435.0,3390.0,Madhya Pradesh,Rajgarh
2013-09-14,Soyabean,Biaora,3200.0,3445.0,3350.0,Madhya Pradesh,Rajgarh
2013-09-15,Soyabean,Biaora,3350.0,3405.0,3375.0,Madhya Pradesh,Rajgarh
2013-09-17,Soyabean,Biaora,3225.0,3395.0,3320.0,Madhya Pradesh,Rajgarh
2013-09-19,Soyabean,Biaora,3170.0,3285.0,3235.0,Madhya Pradesh,Rajgarh
2013-09-20,Soyabean,Biaora,3230.0,3290.0,3255.0,Madhya Pradesh,Rajgarh
2013-09-21,Soyabean,Biaora,3210.0,3305.0,3250.0,Madhya Pradesh,Rajgarh
2013-09-22,Soyabean,Biaora,3080.0,3275.0,3150.0,Madhya Pradesh,Rajgarh
2013-09-24,Soyabean,Biaora,3195.0,3330.0,3250.0,Madhya Pradesh,Rajgarh
2013-09-25,Soyabean,Biaora,2430.0,3395.0,3030.0,Madhya Pradesh,Rajgarh
2013-09-26,Soyabean,Biaora,2510.0,3430.0,3220.0,Madhya Pradesh,Rajgarh
2013-09-28,Soyabean,Biaora,2775.0,3420.0,3250.0,Madhya Pradesh,Rajgarh
2013-10-01,Soyabean,Biaora,2945.0,3435.0,3200.0,Madhya Pradesh,Rajgarh
2013-10-06,Soyabean,Biaora,2980.0,3405.0,3150.0,Madhya Pradesh,Rajgarh
2013-10-10,Soyabean,Biaora,3025.0,3670.0,3450.0,Madhya Pradesh,Rajgarh
2013-10-11,Soyabean,Biaora,2725.0,3565.0,3000.0,Madhya Pradesh,Rajgarh
2013-10-17,Soyabean,Biaora,2310.0,3820.0,3000.0,Madhya Pradesh,Rajgarh
2013-10-19,Soyabean,Biaora,2215.0,3985.0,3000.0,Madhya Pradesh,Rajgarh
2013-10-22,Soyabean,Biaora,2100.0,3780.0,3000.0,Madhya Pradesh,Rajgarh
2013-10-23,Soyabean,Biaora,2015.0,4005.0,3000.0,Madhya Pradesh,Rajgarh
2013-10-24,Soyabean,Biaora,2350.0,3905.0,3100.0,Madhya Pradesh,Rajgarh
2013-10-25,Soyabean,Biaora,2510.0,4060.0,3100.0,Madhya Pradesh,Rajgarh
2013-10-29,Soyabean,Biaora,2715.0,4065.0,3200.0,Madhya Pradesh,Rajgarh
2013-10-30,Soyabean,Biaora,2780.0,4285.0,3300.0,Madhya Pradesh,Rajgarh
2013-10-31,Soyabean,Biaora,2950.0,4365.0,3500.0,Madhya Pradesh,Rajgarh
2013-11-06,Soyabean,Biaora,2615.0,4085.0,3300.0,Madhya Pradesh,Rajgarh
2013-11-07,Soyabean,Biaora,2810.0,4195.0,3450.0,Madhya Pradesh,Rajgarh
2013-11-08,Soyabean,Biaora,2810.0,4165.0,3700.0,Madhya Pradesh,Rajgarh
2013-11-14,Soyabean,Biaora,3225.0,4060.0,3500.0,Madhya Pradesh,Rajgarh
2013-11-16,Soyabean,Biaora,3115.0,4070.0,3450.0,Madhya Pradesh,Rajgarh
2013-11-19,Soyabean,Biaora,3285.0,3785.0,3500.0,Madhya Pradesh,Rajgarh
2013-11-20,Soyabean,Biaora,3265.0,3890.0,3500.0,Madhya Pradesh,Rajgarh
2013-11-21,Soyabean,Biaora,3120.0,3965.0,3500.0,Madhya Pradesh,Rajgarh
2013-11-22,Soyabean,Biaora,2705.0,3960.0,3200.0,Madhya Pradesh,Rajgarh
2013-11-27,Soyabean,Biaora,3115.0,3970.0,3450.0,Madhya Pradesh,Rajgarh
2013-11-28,Soyabean,Biaora,3150.0,3865.0,3450.0,Madhya Pradesh,Rajgarh
2013-11-29,Soyabean,Biaora,2985.0,3870.0,3450.0,Madhya Pradesh,Rajgarh
2013-11-30,Soyabean,Biaora,3025.0,3870.0,3400.0,Madhya Pradesh,Rajgarh
2013-12-01,Soyabean,Biaora,3265.0,3840.0,3500.0,Madhya Pradesh,Rajgarh
2013-12-03,Soyabean,Biaora,2935.0,3780.0,3400.0,Madhya Pradesh,Rajgarh
2013-12-04,Soyabean,Biaora,3020.0,3865.0,3400.0,Madhya Pradesh,Rajgarh
2013-12-05,Soyabean,Biaora,3015.0,3780.0,3400.0,Madhya Pradesh,Rajgarh
2013-12-06,Soyabean,Biaora,2985.0,3750.0,3330.0,Madhya Pradesh,Rajgarh
2013-12-07,Soyabean,Biaora,2985.0,3720.0,3400.0,Madhya Pradesh,Rajgarh
2013-12-11,Soyabean,Biaora,2970.0,3725.0,3200.0,Madhya Pradesh,Rajgarh
2013-12-12,Soyabean,Biaora,3115.0,3790.0,3450.0,Madhya Pradesh,Rajgarh
2013-12-13,Soyabean,Biaora,3145.0,3855.0,3450.0,Madhya Pradesh,Rajgarh
2013-12-14,Soyabean,Biaora,3355.0,3920.0,3690.0,Madhya Pradesh,Rajgarh
2013-12-15,Soyabean,Biaora,3170.0,4030.0,3500.0,Madhya Pradesh,Rajgarh
2013-12-17,Soyabean,Biaora,3185.0,3875.0,3460.0,Madhya Pradesh,Rajgarh
2013-12-18,Soyabean,Biaora,2995.0,3850.0,3430.0,Madhya Pradesh,Rajgarh
2013-12-19,Soyabean,Biaora,3035.0,3910.0,3490.0,Madhya Pradesh,Rajgarh
2013-12-20,Soyabean,Biaora,3210.0,3865.0,3450.0,Madhya Pradesh,Rajgarh
2013-12-28,Soyabean,Biaora,3170.0,3725.0,3350.0,Madhya Pradesh,Rajgarh
2014-01-02,Soyabean,Biaora,3185.0,3700.0,3400.0,Madhya Pradesh,Rajgarh
2014-01-07,Soyabean,Biaora,3165.0,3690.0,3450.0,Madhya Pradesh,Rajgarh
2014-01-08,Soyabean,Biaora,3080.0,3760.0,3325.0,Madhya Pradesh,Rajgarh
2014-01-09,Soyabean,Biaora,3210.0,3700.0,3460.0,Madhya Pradesh,Rajgarh
2014-01-10,Soyabean,Biaora,3155.0,3670.0,3400.0,Madhya Pradesh,Rajgarh
2014-01-11,Soyabean,Biaora,3225.0,3695.0,3440.0,Madhya Pradesh,Rajgarh
2014-01-16,Soyabean,Biaora,3190.0,3705.0,3350.0,Madhya Pradesh,Rajgarh
2014-01-17,Soyabean,Biaora,3180.0,3700.0,3350.0,Madhya Pradesh,Rajgarh
2014-01-18,Soyabean,Biaora,3210.0,3685.0,3440.0,Madhya Pradesh,Rajgarh
2014-01-19,Soyabean,Biaora,2990.0,3805.0,3470.0,Madhya Pradesh,Rajgarh
2014-01-21,Soyabean,Biaora,3120.0,3740.0,3420.0,Madhya Pradesh,Rajgarh
2014-01-22,Soyabean,Biaora,3205.0,3560.0,3350.0,Madhya Pradesh,Rajgarh
2014-01-24,Soyabean,Biaora,3285.0,3670.0,3450.0,Madhya Pradesh,Rajgarh
2014-01-28,Soyabean,Biaora,3210.0,3750.0,3450.0,Madhya Pradesh,Rajgarh
2014-01-29,Soyabean,Biaora,3145.0,3765.0,3400.0,Madhya Pradesh,Rajgarh
2014-01-31,Soyabean,Biaora,3210.0,3700.0,3450.0,Madhya Pradesh,Rajgarh
2014-02-02,Soyabean,Biaora,3140.0,3805.0,3450.0,Madhya Pradesh,Rajgarh
2014-02-05,Soyabean,Biaora,3220.0,3835.0,3560.0,Madhya Pradesh,Rajgarh
2014-02-06,Soyabean,Biaora,3195.0,3705.0,3400.0,Madhya Pradesh,Rajgarh
2014-02-07,Soyabean,Biaora,3215.0,3805.0,3480.0,Madhya Pradesh,Rajgarh
2014-02-09,Soyabean,Biaora,3165.0,3720.0,3400.0,Madhya Pradesh,Rajgarh
2014-02-11,Soyabean,Biaora,3140.0,3830.0,3500.0,Madhya Pradesh,Rajgarh
2014-02-12,Soyabean,Biaora,3165.0,3680.0,3350.0,Madhya Pradesh,Rajgarh
2014-02-13,Soyabean,Biaora,3255.0,3815.0,3500.0,Madhya Pradesh,Rajgarh
2014-02-15,Soyabean,Biaora,3195.0,3670.0,3400.0,Madhya Pradesh,Rajgarh
2014-02-16,Soyabean,Biaora,3160.0,3810.0,3450.0,Madhya Pradesh,Rajgarh
2014-02-18,Soyabean,Biaora,3245.0,3820.0,3500.0,Madhya Pradesh,Rajgarh
2014-02-19,Soyabean,Biaora,3290.0,3810.0,3650.0,Madhya Pradesh,Rajgarh
2014-02-21,Soyabean,Biaora,3190.0,3905.0,3500.0,Madhya Pradesh,Rajgarh
2014-02-22,Soyabean,Biaora,3225.0,3840.0,3500.0,Madhya Pradesh,Rajgarh
2014-02-23,Soyabean,Biaora,3265.0,3745.0,3450.0,Madhya Pradesh,Rajgarh
2014-02-25,Soyabean,Biaora,3215.0,3720.0,3450.0,Madhya Pradesh,Rajgarh
2014-02-28,Soyabean,Biaora,3215.0,3790.0,3500.0,Madhya Pradesh,Rajgarh
2014-03-04,Soyabean,Biaora,3260.0,3905.0,3500.0,Madhya Pradesh,Rajgarh
2014-03-05,Soyabean,Biaora,3410.0,4215.0,3800.0,Madhya Pradesh,Rajgarh
2014-03-06,Soyabean,Biaora,3615.0,4085.0,3820.0,Madhya Pradesh,Rajgarh
2014-03-07,Soyabean,Biaora,3175.0,4010.0,3600.0,Madhya Pradesh,Rajgarh
2014-03-08,Soyabean,Biaora,3510.0,3970.0,3725.0,Madhya Pradesh,Rajgarh
2014-03-09,Soyabean,Biaora,3345.0,4000.0,3650.0,Madhya Pradesh,Rajgarh
2014-03-11,Soyabean,Biaora,3285.0,3975.0,3550.0,Madhya Pradesh,Rajgarh
2014-03-12,Soyabean,Biaora,3510.0,4095.0,3750.0,Madhya Pradesh,Rajgarh
2014-03-13,Soyabean,Biaora,3075.0,3780.0,3400.0,Madhya Pradesh,Rajgarh
2014-03-14,Soyabean,Biaora,3210.0,3895.0,3500.0,Madhya Pradesh,Rajgarh
2014-03-15,Soyabean,Biaora,3175.0,3890.0,3450.0,Madhya Pradesh,Rajgarh
2014-03-16,Soyabean,Biaora,3210.0,3855.0,3500.0,Madhya Pradesh,Rajgarh
2014-03-19,Soyabean,Biaora,3195.0,3820.0,3500.0,Madhya Pradesh,Rajgarh
2014-03-20,Soyabean,Biaora,3245.0,3730.0,3400.0,Madhya Pradesh,Rajgarh
2014-03-22,Soyabean,Biaora,3280.0,3895.0,3500.0,Madhya Pradesh,Rajgarh
2014-03-23,Soyabean,Biaora,3305.0,4075.0,3650.0,Madhya Pradesh,Rajgarh
2014-03-25,Soyabean,Biaora,3205.0,3900.0,3560.0,Madhya Pradesh,Rajgarh
2014-03-26,Soyabean,Biaora,3000.0,3890.0,3500.0,Madhya Pradesh,Rajgarh
2014-03-28,Soyabean,Biaora,3310.0,3715.0,3500.0,Madhya Pradesh,Rajgarh
2014-04-02,Soyabean,Biaora,3620.0,4040.0,3800.0,Madhya Pradesh,Rajgarh
2014-04-03,Soyabean,Biaora,3420.0,3985.0,3600.0,Madhya Pradesh,Rajgarh
2014-04-04,Soyabean,Biaora,3610.0,3940.0,3750.0,Madhya Pradesh,Rajgarh
2014-04-05,Soyabean,Biaora,3510.0,3915.0,3750.0,Madhya Pradesh,Rajgarh
2014-04-06,Soyabean,Biaora,3415.0,3950.0,3625.0,Madhya Pradesh,Rajgarh
2014-04-09,Soyabean,Biaora,3620.0,3825.0,3700.0,Madhya Pradesh,Rajgarh
2014-04-10,Soyabean,Biaora,3710.0,4000.0,3850.0,Madhya Pradesh,Rajgarh
2014-04-11,Soyabean,Biaora,3680.0,3790.0,3720.0,Madhya Pradesh,Rajgarh
2014-04-12,Soyabean,Biaora,3620.0,3950.0,3750.0,Madhya Pradesh,Rajgarh
2014-04-19,Soyabean,Biaora,3510.0,4030.0,3725.0,Madhya Pradesh,Rajgarh
2014-04-20,Soyabean,Biaora,3900.0,4210.0,4150.0,Madhya Pradesh,Rajgarh
2014-04-23,Soyabean,Biaora,3930.0,4260.0,4050.0,Madhya Pradesh,Rajgarh
2014-04-25,Soyabean,Biaora,3965.0,4600.0,4250.0,Madhya Pradesh,Rajgarh
2014-04-26,Soyabean,Biaora,4010.0,4600.0,4300.0,Madhya Pradesh,Rajgarh
2014-04-27,Soyabean,Biaora,4310.0,4590.0,4425.0,Madhya Pradesh,Rajgarh
2014-05-06,Soyabean,Biaora,4020.0,4860.0,4425.0,Madhya Pradesh,Rajgarh
2014-05-07,Soyabean,Biaora,4035.0,4470.0,4225.0,Madhya Pradesh,Rajgarh
2014-05-08,Soyabean,Biaora,3995.0,4370.0,4100.0,Madhya Pradesh,Rajgarh
2014-05-10,Soyabean,Biaora,4040.0,4290.0,4150.0,Madhya Pradesh,Rajgarh
2014-05-11,Soyabean,Biaora,4310.0,4615.0,4450.0,Madhya Pradesh,Rajgarh
2014-05-13,Soyabean,Biaora,3815.0,4425.0,4100.0,Madhya Pradesh,Rajgarh
2014-05-15,Soyabean,Biaora,4205.0,4590.0,4400.0,Madhya Pradesh,Rajgarh
2014-05-16,Soyabean,Biaora,3985.0,4630.0,4300.0,Madhya Pradesh,Rajgarh
2014-05-17,Soyabean,Biaora,4135.0,4505.0,4320.0,Madhya Pradesh,Rajgarh
2014-05-18,Soyabean,Biaora,4230.0,4865.0,4500.0,Madhya Pradesh,Rajgarh
2014-05-21,Soyabean,Biaora,4180.0,5500.0,4700.0,Madhya Pradesh,Rajgarh
2014-05-22,Soyabean,Biaora,4265.0,5120.0,4500.0,Madhya Pradesh,Rajgarh
2014-05-24,Soyabean,Biaora,3915.0,4510.0,4250.0,Madhya Pradesh,Rajgarh
2014-05-25,Soyabean,Biaora,3995.0,5085.0,4500.0,Madhya Pradesh,Rajgarh
2014-05-27,Soyabean,Biaora,3805.0,4215.0,4000.0,Madhya Pradesh,Rajgarh
2014-05-29,Soyabean,Biaora,3920.0,4920.0,4450.0,Madhya Pradesh,Rajgarh
2014-05-30,Soyabean,Biaora,4050.0,4415.0,4200.0,Madhya Pradesh,Rajgarh
2014-06-01,Soyabean,Biaora,3810.0,4215.0,4000.0,Madhya Pradesh,Rajgarh
2014-06-03,Soyabean,Biaora,3620.0,4265.0,3890.0,Madhya Pradesh,Rajgarh
2014-06-04,Soyabean,Biaora,3890.0,4275.0,4025.0,Madhya Pradesh,Rajgarh
2014-06-06,Soyabean,Biaora,3655.0,3845.0,3720.0,Madhya Pradesh,Rajgarh
2014-06-07,Soyabean,Biaora,3705.0,4045.0,3850.0,Madhya Pradesh,Rajgarh
2014-06-08,Soyabean,Biaora,3515.0,4325.0,4000.0,Madhya Pradesh,Rajgarh
2014-06-10,Soyabean,Biaora,3550.0,4525.0,4110.0,Madhya Pradesh,Rajgarh
2014-06-14,Soyabean,Biaora,3680.0,4250.0,3900.0,Madhya Pradesh,Rajgarh
2014-06-15,Soyabean,Biaora,3650.0,4700.0,4000.0,Madhya Pradesh,Rajgarh
2014-07-23,Soyabean,Biaora,3435.0,3975.0,3600.0,Madhya Pradesh,Rajgarh
2014-07-24,Soyabean,Biaora,3385.0,4150.0,3600.0,Madhya Pradesh,Rajgarh
2014-07-25,Soyabean,Biaora,3265.0,4095.0,3550.0,Madhya Pradesh,Rajgarh
2014-07-27,Soyabean,Biaora,3520.0,4080.0,3750.0,Madhya Pradesh,Rajgarh
2014-07-30,Soyabean,Biaora,3620.0,4055.0,3850.0,Madhya Pradesh,Rajgarh
2014-08-01,Soyabean,Biaora,3455.0,3920.0,3650.0,Madhya Pradesh,Rajgarh
2014-08-02,Soyabean,Biaora,3445.0,3900.0,3550.0,Madhya Pradesh,Rajgarh
2014-08-03,Soyabean,Biaora,3395.0,3880.0,3550.0,Madhya Pradesh,Rajgarh
2014-08-05,Soyabean,Biaora,3210.0,3825.0,3550.0,Madhya Pradesh,Rajgarh
2014-08-12,Soyabean,Biaora,3420.0,3505.0,3460.0,Madhya Pradesh,Rajgarh
2014-08-13,Soyabean,Biaora,3210.0,3535.0,3350.0,Madhya Pradesh,Rajgarh
2014-08-14,Soyabean,Biaora,3210.0,3730.0,3500.0,Madhya Pradesh,Rajgarh
2014-08-16,Soyabean,Biaora,2565.0,3690.0,3500.0,Madhya Pradesh,Rajgarh
2014-08-17,Soyabean,Biaora,3310.0,3685.0,3450.0,Madhya Pradesh,Rajgarh
2014-08-19,Soyabean,Biaora,3020.0,3630.0,3400.0,Madhya Pradesh,Rajgarh
2014-08-20,Soyabean,Biaora,3160.0,3680.0,3350.0,Madhya Pradesh,Rajgarh
2014-08-21,Soyabean,Biaora,3095.0,3500.0,3300.0,Madhya Pradesh,Rajgarh
2014-08-22,Soyabean,Biaora,3305.0,3645.0,3450.0,Madhya Pradesh,Rajgarh
2014-08-23,Soyabean,Biaora,2905.0,3520.0,3250.0,Madhya Pradesh,Rajgarh
2014-08-24,Soyabean,Biaora,3410.0,3455.0,3435.0,Madhya Pradesh,Rajgarh
2014-08-27,Soyabean,Biaora,3310.0,3475.0,3400.0,Madhya Pradesh,Rajgarh
2014-08-30,Soyabean,Biaora,3305.0,3460.0,3375.0,Madhya Pradesh,Rajgarh
2014-08-31,Soyabean,Biaora,2915.0,3300.0,3100.0,Madhya Pradesh,Rajgarh
2014-09-02,Soyabean,Biaora,2990.0,3400.0,3200.0,Madhya Pradesh,Rajgarh
2014-09-03,Soyabean,Biaora,2840.0,3370.0,3050.0,Madhya Pradesh,Rajgarh
2014-09-04,Soyabean,Biaora,2870.0,3320.0,3050.0,Madhya Pradesh,Rajgarh
2014-09-09,Soyabean,Biaora,3300.0,3365.0,3330.0,Madhya Pradesh,Rajgarh
2014-09-10,Soyabean,Biaora,3155.0,3475.0,3200.0,Madhya Pradesh,Rajgarh
2014-09-11,Soyabean,Biaora,2995.0,3085.0,3040.0,Madhya Pradesh,Rajgarh
2014-09-12,Soyabean,Biaora,2810.0,3020.0,2910.0,Madhya Pradesh,Rajgarh
2014-09-13,Soyabean,Biaora,2920.0,3150.0,3050.0,Madhya Pradesh,Rajgarh
2014-09-14,Soyabean,Biaora,2690.0,3135.0,3000.0,Madhya Pradesh,Rajgarh
2014-09-16,Soyabean,Biaora,3015.0,3270.0,3125.0,Madhya Pradesh,Rajgarh
2014-09-17,Soyabean,Biaora,3150.0,3420.0,3280.0,Madhya Pradesh,Rajgarh
2014-09-18,Soyabean,Biaora,2920.0,3430.0,3200.0,Madhya Pradesh,Rajgarh
2014-09-19,Soyabean,Biaora,3250.0,3355.0,3300.0,Madhya Pradesh,Rajgarh
2014-09-20,Soyabean,Biaora,2985.0,3220.0,3180.0,Madhya Pradesh,Rajgarh
2014-09-21,Soyabean,Biaora,2930.0,3150.0,3010.0,Madhya Pradesh,Rajgarh
2014-09-26,Soyabean,Biaora,2795.0,3055.0,2915.0,Madhya Pradesh,Rajgarh
2014-09-28,Soyabean,Biaora,2830.0,3145.0,3000.0,Madhya Pradesh,Rajgarh
2014-09-30,Soyabean,Biaora,2860.0,3065.0,2950.0,Madhya Pradesh,Rajgarh
2014-10-04,Soyabean,Biaora,2805.0,2985.0,2850.0,Madhya Pradesh,Rajgarh
2014-10-05,Soyabean,Biaora,2705.0,2895.0,2800.0,Madhya Pradesh,Rajgarh
2014-10-07,Soyabean,Biaora,2720.0,2930.0,2800.0,Madhya Pradesh,Rajgarh
2014-10-11,Soyabean,Biaora,2315.0,2790.0,2700.0,Madhya Pradesh,Rajgarh
2014-10-12,Soyabean,Biaora,2340.0,2815.0,2750.0,Madhya Pradesh,Rajgarh
2014-10-14,Soyabean,Biaora,2610.0,2820.0,2750.0,Madhya Pradesh,Rajgarh
2014-10-15,Soyabean,Biaora,2730.0,2905.0,2850.0,Madhya Pradesh,Rajgarh
2014-10-16,Soyabean,Biaora,2705.0,2915.0,2800.0,Madhya Pradesh,Rajgarh
2014-10-17,Soyabean,Biaora,2775.0,3035.0,2900.0,Madhya Pradesh,Rajgarh
2014-10-18,Soyabean,Biaora,2705.0,3005.0,2850.0,Madhya Pradesh,Rajgarh
2014-10-19,Soyabean,Biaora,2465.0,2945.0,2700.0,Madhya Pradesh,Rajgarh
2014-10-26,Soyabean,Biaora,2480.0,3051.0,2800.0,Madhya Pradesh,Rajgarh
2014-10-28,Soyabean,Biaora,2750.0,2945.0,2900.0,Madhya Pradesh,Rajgarh
2014-10-29,Soyabean,Biaora,2865.0,2990.0,2900.0,Madhya Pradesh,Rajgarh
2014-10-30,Soyabean,Biaora,3075.0,3290.0,3200.0,Madhya Pradesh,Rajgarh
2014-10-31,Soyabean,Biaora,3065.0,3235.0,3100.0,Madhya Pradesh,Rajgarh
2014-11-01,Soyabean,Biaora,3040.0,3315.0,3150.0,Madhya Pradesh,Rajgarh
2014-11-02,Soyabean,Biaora,3130.0,3350.0,3265.0,Madhya Pradesh,Rajgarh
2014-11-05,Soyabean,Biaora,3025.0,3210.0,3100.0,Madhya Pradesh,Rajgarh
2014-11-06,Soyabean,Biaora,3025.0,3230.0,3100.0,Madhya Pradesh,Rajgarh
2014-11-07,Soyabean,Biaora,3075.0,3250.0,3150.0,Madhya Pradesh,Rajgarh
2014-11-08,Soyabean,Biaora,3065.0,3225.0,3175.0,Madhya Pradesh,Rajgarh
2014-11-09,Soyabean,Biaora,3080.0,3220.0,3120.0,Madhya Pradesh,Rajgarh
2014-11-11,Soyabean,Biaora,2950.0,3230.0,3150.0,Madhya Pradesh,Rajgarh
2014-11-12,Soyabean,Biaora,3015.0,3350.0,3160.0,Madhya Pradesh,Rajgarh
2014-11-13,Soyabean,Biaora,3050.0,3235.0,3100.0,Madhya Pradesh,Rajgarh
2014-11-18,Soyabean,Biaora,3075.0,3225.0,3115.0,Madhya Pradesh,Rajgarh
2014-11-20,Soyabean,Biaora,2980.0,3170.0,3025.0,Madhya Pradesh,Rajgarh
2014-11-21,Soyabean,Biaora,3040.0,3225.0,3115.0,Madhya Pradesh,Rajgarh
2014-11-23,Soyabean,Biaora,3095.0,3265.0,3125.0,Madhya Pradesh,Rajgarh
2014-11-25,Soyabean,Biaora,3145.0,3280.0,3200.0,Madhya Pradesh,Rajgarh
2014-11-26,Soyabean,Biaora,3115.0,3335.0,3250.0,Madhya Pradesh,Rajgarh
2014-11-27,Soyabean,Biaora,3075.0,3355.0,3200.0,Madhya Pradesh,Rajgarh
2014-11-28,Soyabean,Biaora,3120.0,3305.0,3250.0,Madhya Pradesh,Rajgarh
2014-11-29,Soyabean,Biaora,3060.0,3235.0,3125.0,Madhya Pradesh,Rajgarh
2014-11-30,Soyabean,Biaora,3065.0,3285.0,3125.0,Madhya Pradesh,Rajgarh
2014-12-05,Soyabean,Biaora,3050.0,3225.0,3150.0,Madhya Pradesh,Rajgarh
2014-12-06,Soyabean,Biaora,3040.0,3260.0,3150.0,Madhya Pradesh,Rajgarh
2014-12-09,Soyabean,Biaora,3165.0,3310.0,3225.0,Madhya Pradesh,Rajgarh
2014-12-10,Soyabean,Biaora,3125.0,3315.0,3280.0,Madhya Pradesh,Rajgarh
2014-12-11,Soyabean,Biaora,3115.0,3325.0,3250.0,Madhya Pradesh,Rajgarh
2014-12-14,Soyabean,Biaora,3125.0,3340.0,3260.0,Madhya Pradesh,Rajgarh
2014-12-16,Soyabean,Biaora,3050.0,3335.0,3180.0,Madhya Pradesh,Rajgarh
2014-12-17,Soyabean,Biaora,3140.0,3265.0,3210.0,Madhya Pradesh,Rajgarh
2014-12-18,Soyabean,Biaora,3120.0,3270.0,3180.0,Madhya Pradesh,Rajgarh
2014-12-19,Soyabean,Biaora,3080.0,3320.0,3220.0,Madhya Pradesh,Rajgarh
2014-12-20,Soyabean,Biaora,3100.0,3305.0,3250.0,Madhya Pradesh,Rajgarh
2014-12-21,Soyabean,Biaora,3070.0,3330.0,3275.0,Madhya Pradesh,Rajgarh
2014-12-23,Soyabean,Biaora,3085.0,3340.0,3150.0,Madhya Pradesh,Rajgarh
2014-12-24,Soyabean,Biaora,3165.0,3330.0,3200.0,Madhya Pradesh,Rajgarh
2014-12-26,Soyabean,Biaora,3180.0,3400.0,3300.0,Madhya Pradesh,Rajgarh
2014-12-31,Soyabean,Biaora,3250.0,3405.0,3365.0,Madhya Pradesh,Rajgarh
2015-01-01,Soyabean,Biaora,3250.0,3330.0,3300.0,Madhya Pradesh,Rajgarh
2015-01-02,Soyabean,Biaora,3255.0,3330.0,3300.0,Madhya Pradesh,Rajgarh
2015-01-03,Soyabean,Biaora,3125.0,3340.0,3230.0,Madhya Pradesh,Rajgarh
2015-01-06,Soyabean,Biaora,3270.0,3400.0,3340.0,Madhya Pradesh,Rajgarh
2015-01-07,Soyabean,Biaora,3230.0,3435.0,3325.0,Madhya Pradesh,Rajgarh
2015-01-08,Soyabean,Biaora,3275.0,3410.0,3350.0,Madhya Pradesh,Rajgarh
2015-01-09,Soyabean,Biaora,3235.0,3350.0,3280.0,Madhya Pradesh,Rajgarh
2015-01-10,Soyabean,Biaora,3155.0,3295.0,3220.0,Madhya Pradesh,Rajgarh
2015-01-11,Soyabean,Biaora,3210.0,3395.0,3300.0,Madhya Pradesh,Rajgarh
2015-01-16,Soyabean,Biaora,3195.0,3280.0,3240.0,Madhya Pradesh,Rajgarh
2015-01-17,Soyabean,Biaora,3190.0,3330.0,3300.0,Madhya Pradesh,Rajgarh
2015-02-04,Soyabean,Biaora,3150.0,3420.0,3300.0,Madhya Pradesh,Rajgarh
2015-02-05,Soyabean,Biaora,3230.0,3450.0,3310.0,Madhya Pradesh,Rajgarh
2015-02-06,Soyabean,Biaora,3215.0,3430.0,3310.0,Madhya Pradesh,Rajgarh
2015-02-07,Soyabean,Biaora,3045.0,3470.0,3300.0,Madhya Pradesh,Rajgarh
2015-02-08,Soyabean,Biaora,2940.0,3495.0,3250.0,Madhya Pradesh,Rajgarh
2015-02-10,Soyabean,Biaora,3185.0,3435.0,3325.0,Madhya Pradesh,Rajgarh
2015-02-11,Soyabean,Biaora,3105.0,3465.0,3310.0,Madhya Pradesh,Rajgarh
2015-02-12,Soyabean,Biaora,3095.0,3475.0,3250.0,Madhya Pradesh,Rajgarh
2015-02-14,Soyabean,Biaora,3125.0,3480.0,3350.0,Madhya Pradesh,Rajgarh
2015-02-15,Soyabean,Biaora,3185.0,3420.0,3310.0,Madhya Pradesh,Rajgarh
2015-02-20,Soyabean,Biaora,3185.0,3400.0,3250.0,Madhya Pradesh,Rajgarh
2015-02-21,Soyabean,Biaora,3190.0,3320.0,3250.0,Madhya Pradesh,Rajgarh
2015-02-22,Soyabean,Biaora,3135.0,3340.0,3275.0,Madhya Pradesh,Rajgarh
2015-02-24,Soyabean,Biaora,3005.0,3210.0,3100.0,Madhya Pradesh,Rajgarh
2015-02-25,Soyabean,Biaora,3075.0,3220.0,3150.0,Madhya Pradesh,Rajgarh
2015-03-01,Soyabean,Biaora,3070.0,3185.0,3120.0,Madhya Pradesh,Rajgarh
2015-03-04,Soyabean,Biaora,3045.0,3165.0,3100.0,Madhya Pradesh,Rajgarh
2015-03-05,Soyabean,Biaora,3055.0,3200.0,3125.0,Madhya Pradesh,Rajgarh
2015-03-08,Soyabean,Biaora,3040.0,3155.0,3100.0,Madhya Pradesh,Rajgarh
2015-03-11,Soyabean,Biaora,2875.0,3120.0,2960.0,Madhya Pradesh,Rajgarh
2015-03-12,Soyabean,Biaora,3050.0,3110.0,3080.0,Madhya Pradesh,Rajgarh
2015-03-13,Soyabean,Biaora,3060.0,3145.0,3100.0,Madhya Pradesh,Rajgarh
2015-03-14,Soyabean,Biaora,3035.0,3140.0,3100.0,Madhya Pradesh,Rajgarh
2015-03-15,Soyabean,Biaora,3050.0,3210.0,3125.0,Madhya Pradesh,Rajgarh
2015-03-17,Soyabean,Biaora,3065.0,3180.0,3120.0,Madhya Pradesh,Rajgarh
2015-03-18,Soyabean,Biaora,3060.0,3175.0,3100.0,Madhya Pradesh,Rajgarh
2015-03-19,Soyabean,Biaora,3065.0,3175.0,3100.0,Madhya Pradesh,Rajgarh
2015-03-22,Soyabean,Biaora,3050.0,3135.0,3100.0,Madhya Pradesh,Rajgarh
2015-03-24,Soyabean,Biaora,2999.0,3140.0,3075.0,Madhya Pradesh,Rajgarh
2015-03-25,Soyabean,Biaora,3065.0,3175.0,3100.0,Madhya Pradesh,Rajgarh
2015-03-26,Soyabean,Biaora,3015.0,3120.0,3075.0,Madhya Pradesh,Rajgarh
2015-03-29,Soyabean,Biaora,3035.0,3105.0,3080.0,Madhya Pradesh,Rajgarh
2015-04-05,Soyabean,Biaora,3095.0,3220.0,3150.0,Madhya Pradesh,Rajgarh
2015-04-07,Soyabean,Biaora,3120.0,3245.0,3190.0,Madhya Pradesh,Rajgarh
2015-04-08,Soyabean,Biaora,3050.0,3295.0,3150.0,Madhya Pradesh,Rajgarh
2015-04-09,Soyabean,Biaora,3180.0,3310.0,3250.0,Madhya Pradesh,Rajgarh
2015-04-10,Soyabean,Biaora,3145.0,3315.0,3220.0,Madhya Pradesh,Rajgarh
2015-04-11,Soyabean,Biaora,3095.0,3305.0,3200.0,Madhya Pradesh,Rajgarh
2015-04-12,Soyabean,Biaora,3085.0,3305.0,3150.0,Madhya Pradesh,Rajgarh
2015-04-15,Soyabean,Biaora,3195.0,3360.0,3250.0,Madhya Pradesh,Rajgarh
2015-04-16,Soyabean,Biaora,3165.0,3460.0,3300.0,Madhya Pradesh,Rajgarh
2015-04-17,Soyabean,Biaora,3160.0,3385.0,3250.0,Madhya Pradesh,Rajgarh
2015-04-19,Soyabean,Biaora,3150.0,3415.0,3300.0,Madhya Pradesh,Rajgarh
2015-04-22,Soyabean,Biaora,3295.0,3520.0,3350.0,Madhya Pradesh,Rajgarh
2015-04-23,Soyabean,Biaora,3365.0,3630.0,3480.0,Madhya Pradesh,Rajgarh
2015-04-24,Soyabean,Biaora,3480.0,3690.0,3550.0,Madhya Pradesh,Rajgarh
2015-04-25,Soyabean,Biaora,3520.0,3750.0,3650.0,Madhya Pradesh,Rajgarh
2015-04-28,Soyabean,Biaora,3690.0,3950.0,3800.0,Madhya Pradesh,Rajgarh
2015-04-29,Soyabean,Biaora,3725.0,3890.0,3800.0,Madhya Pradesh,Rajgarh
2015-04-30,Soyabean,Biaora,3675.0,3780.0,3700.0,Madhya Pradesh,Rajgarh
2015-05-02,Soyabean,Biaora,3740.0,4000.0,3850.0,Madhya Pradesh,Rajgarh
2015-05-05,Soyabean,Biaora,3680.0,3895.0,3750.0,Madhya Pradesh,Rajgarh
2015-05-07,Soyabean,Biaora,3880.0,3910.0,3900.0,Madhya Pradesh,Rajgarh
2015-05-08,Soyabean,Biaora,3665.0,3970.0,3850.0,Madhya Pradesh,Rajgarh
2015-05-09,Soyabean,Biaora,3740.0,3995.0,3850.0,Madhya Pradesh,Rajgarh
2015-05-10,Soyabean,Biaora,3815.0,3905.0,3850.0,Madhya Pradesh,Rajgarh
2015-05-12,Soyabean,Biaora,3750.0,3915.0,3825.0,Madhya Pradesh,Rajgarh
2015-05-13,Soyabean,Biaora,3715.0,3868.0,3750.0,Madhya Pradesh,Rajgarh
2015-05-15,Soyabean,Biaora,3685.0,3875.0,3750.0,Madhya Pradesh,Rajgarh
2015-05-19,Soyabean,Biaora,3695.0,5115.0,3850.0,Madhya Pradesh,Rajgarh
2015-05-20,Soyabean,Biaora,3720.0,4110.0,3950.0,Madhya Pradesh,Rajgarh
2015-05-21,Soyabean,Biaora,3735.0,4200.0,4000.0,Madhya Pradesh,Rajgarh
2015-05-22,Soyabean,Biaora,3600.0,4105.0,3850.0,Madhya Pradesh,Rajgarh
2015-05-23,Soyabean,Biaora,3630.0,4085.0,3850.0,Madhya Pradesh,Rajgarh
2015-05-24,Soyabean,Biaora,3655.0,4060.0,3850.0,Madhya Pradesh,Rajgarh
2015-05-26,Soyabean,Biaora,3540.0,4000.0,3670.0,Madhya Pradesh,Rajgarh
2015-05-27,Soyabean,Biaora,3645.0,3980.0,3820.0,Madhya Pradesh,Rajgarh
2015-05-28,Soyabean,Biaora,3620.0,3715.0,3650.0,Madhya Pradesh,Rajgarh
2015-05-29,Soyabean,Biaora,3550.0,4080.0,3800.0,Madhya Pradesh,Rajgarh
2015-05-30,Soyabean,Biaora,3560.0,3720.0,3600.0,Madhya Pradesh,Rajgarh
2015-06-02,Soyabean,Biaora,3595.0,3740.0,3700.0,Madhya Pradesh,Rajgarh
2015-06-03,Soyabean,Biaora,3750.0,4335.0,4100.0,Madhya Pradesh,Rajgarh
2015-06-04,Soyabean,Biaora,3750.0,3990.0,3825.0,Madhya Pradesh,Rajgarh
2015-06-05,Soyabean,Biaora,3705.0,4240.0,3950.0,Madhya Pradesh,Rajgarh
2015-06-06,Soyabean,Biaora,3695.0,3815.0,3755.0,Madhya Pradesh,Rajgarh
2015-06-07,Soyabean,Biaora,3650.0,3900.0,3800.0,Madhya Pradesh,Rajgarh
2015-06-09,Soyabean,Biaora,3450.0,3580.0,3500.0,Madhya Pradesh,Rajgarh
2015-06-10,Soyabean,Biaora,3310.0,3525.0,3425.0,Madhya Pradesh,Rajgarh
2015-06-11,Soyabean,Biaora,3405.0,5550.0,4200.0,Madhya Pradesh,Rajgarh
2015-06-12,Soyabean,Biaora,3255.0,3525.0,3400.0,Madhya Pradesh,Rajgarh
2015-06-13,Soyabean,Biaora,3210.0,3415.0,3325.0,Madhya Pradesh,Rajgarh
2015-06-14,Soyabean,Biaora,3290.0,3755.0,3450.0,Madhya Pradesh,Rajgarh
2015-06-17,Soyabean,Biaora,3095.0,3420.0,3250.0,Madhya Pradesh,Rajgarh
2015-06-18,Soyabean,Biaora,3265.0,3485.0,3350.0,Madhya Pradesh,Rajgarh
2015-06-19,Soyabean,Biaora,3245.0,3455.0,3325.0,Madhya Pradesh,Rajgarh
2015-06-23,Soyabean,Biaora,3265.0,3595.0,3400.0,Madhya Pradesh,Rajgarh
2015-06-24,Soyabean,Biaora,3185.0,3345.0,3250.0,Madhya Pradesh,Rajgarh
2015-06-25,Soyabean,Biaora,3250.0,3500.0,3375.0,Madhya Pradesh,Rajgarh
2015-06-26,Soyabean,Biaora,3210.0,4335.0,3500.0,Madhya Pradesh,Rajgarh
2015-06-27,Soyabean,Biaora,3255.0,3370.0,3300.0,Madhya Pradesh,Rajgarh
2015-06-28,Soyabean,Biaora,3280.0,3625.0,3450.0,Madhya Pradesh,Rajgarh
2015-06-30,Soyabean,Biaora,3195.0,3370.0,3275.0,Madhya Pradesh,Rajgarh
2015-07-01,Soyabean,Biaora,3290.0,3455.0,3360.0,Madhya Pradesh,Rajgarh
2015-07-02,Soyabean,Biaora,3250.0,3475.0,3375.0,Madhya Pradesh,Rajgarh
2015-07-05,Soyabean,Biaora,3305.0,3375.0,3325.0,Madhya Pradesh,Rajgarh
2015-07-07,Soyabean,Biaora,3245.0,3360.0,3300.0,Madhya Pradesh,Rajgarh
2015-07-08,Soyabean,Biaora,3135.0,3280.0,3200.0,Madhya Pradesh,Rajgarh
2015-07-09,Soyabean,Biaora,3000.0,3375.0,3180.0,Madhya Pradesh,Rajgarh
2015-07-10,Soyabean,Biaora,3240.0,3385.0,3300.0,Madhya Pradesh,Rajgarh
2015-07-12,Soyabean,Biaora,3205.0,3290.0,3250.0,Madhya Pradesh,Rajgarh
2015-07-14,Soyabean,Biaora,3305.0,3360.0,3320.0,Madhya Pradesh,Rajgarh
2015-07-15,Soyabean,Biaora,3225.0,3335.0,3275.0,Madhya Pradesh,Rajgarh
2015-07-17,Soyabean,Biaora,3245.0,3300.0,3275.0,Madhya Pradesh,Rajgarh
2015-07-21,Soyabean,Biaora,3210.0,3275.0,3240.0,Madhya Pradesh,Rajgarh
2015-07-22,Soyabean,Biaora,3000.0,3150.0,3075.0,Madhya Pradesh,Rajgarh
2015-07-23,Soyabean,Biaora,3050.0,3135.0,3100.0,Madhya Pradesh,Rajgarh
2015-07-24,Soyabean,Biaora,3060.0,3650.0,3350.0,Madhya Pradesh,Rajgarh
2015-07-26,Soyabean,Biaora,3005.0,3030.0,3020.0,Madhya Pradesh,Rajgarh
2015-07-28,Soyabean,Biaora,2930.0,2990.0,2960.0,Madhya Pradesh,Rajgarh
2015-07-29,Soyabean,Biaora,2945.0,3040.0,3010.0,Madhya Pradesh,Rajgarh
2015-07-30,Soyabean,Biaora,2945.0,3020.0,2980.0,Madhya Pradesh,Rajgarh
2015-07-31,Soyabean,Biaora,3005.0,3075.0,3040.0,Madhya Pradesh,Rajgarh
2015-08-01,Soyabean,Biaora,2975.0,3055.0,3010.0,Madhya Pradesh,Rajgarh
2015-08-02,Soyabean,Biaora,3010.0,3050.0,3020.0,Madhya Pradesh,Rajgarh
2015-08-04,Soyabean,Biaora,2865.0,2965.0,2900.0,Madhya Pradesh,Rajgarh
2015-08-05,Soyabean,Biaora,2890.0,3005.0,2950.0,Madhya Pradesh,Rajgarh
2015-08-06,Soyabean,Biaora,2915.0,2980.0,2950.0,Madhya Pradesh,Rajgarh
2015-08-07,Soyabean,Biaora,2850.0,2990.0,2920.0,Madhya Pradesh,Rajgarh
2015-08-08,Soyabean,Biaora,2855.0,2975.0,2920.0,Madhya Pradesh,Rajgarh
2015-08-09,Soyabean,Biaora,2845.0,3005.0,2925.0,Madhya Pradesh,Rajgarh
2015-08-12,Soyabean,Biaora,2985.0,3105.0,3050.0,Madhya Pradesh,Rajgarh
2015-08-13,Soyabean,Biaora,2875.0,3140.0,3015.0,Madhya Pradesh,Rajgarh
2015-08-16,Soyabean,Biaora,2905.0,3135.0,3050.0,Madhya Pradesh,Rajgarh
2015-08-18,Soyabean,Biaora,2600.0,3180.0,2850.0,Madhya Pradesh,Rajgarh
2015-08-19,Soyabean,Biaora,3120.0,3195.0,3150.0,Madhya Pradesh,Rajgarh
2015-08-21,Soyabean,Biaora,3000.0,3165.0,3100.0,Madhya Pradesh,Rajgarh
2015-08-23,Soyabean,Biaora,3020.0,3150.0,3100.0,Madhya Pradesh,Rajgarh
2015-08-25,Soyabean,Biaora,2935.0,3150.0,3050.0,Madhya Pradesh,Rajgarh
2015-08-26,Soyabean,Biaora,2790.0,3100.0,3000.0,Madhya Pradesh,Rajgarh
2015-08-27,Soyabean,Biaora,3020.0,3135.0,3080.0,Madhya Pradesh,Rajgarh
2015-08-28,Soyabean,Biaora,3030.0,3100.0,3050.0,Madhya Pradesh,Rajgarh
2015-09-01,Soyabean,Biaora,3075.0,3250.0,3150.0,Madhya Pradesh,Rajgarh
2015-09-04,Soyabean,Biaora,3105.0,3260.0,3175.0,Madhya Pradesh,Rajgarh
2015-09-06,Soyabean,Biaora,3195.0,3245.0,3220.0,Madhya Pradesh,Rajgarh
2015-09-08,Soyabean,Biaora,3110.0,3280.0,3200.0,Madhya Pradesh,Rajgarh
2015-09-09,Soyabean,Biaora,3060.0,3205.0,3120.0,Madhya Pradesh,Rajgarh
2015-09-10,Soyabean,Biaora,3115.0,3210.0,3160.0,Madhya Pradesh,Rajgarh
2015-09-11,Soyabean,Biaora,3090.0,3165.0,3100.0,Madhya Pradesh,Rajgarh
2015-09-12,Soyabean,Biaora,3115.0,3205.0,3160.0,Madhya Pradesh,Rajgarh
2015-09-15,Soyabean,Biaora,3015.0,3175.0,3100.0,Madhya Pradesh,Rajgarh
2015-09-16,Soyabean,Biaora,3005.0,3165.0,3075.0,Madhya Pradesh,Rajgarh
2015-09-18,Soyabean,Biaora,3095.0,3205.0,3150.0,Madhya Pradesh,Rajgarh
2015-09-19,Soyabean,Biaora,3105.0,3160.0,3120.0,Madhya Pradesh,Rajgarh
2015-09-20,Soyabean,Biaora,2970.0,3165.0,3100.0,Madhya Pradesh,Rajgarh
2015-09-22,Soyabean,Biaora,2965.0,3195.0,3150.0,Madhya Pradesh,Rajgarh
2015-09-23,Soyabean,Biaora,3045.0,3205.0,3100.0,Madhya Pradesh,Rajgarh
2015-09-24,Soyabean,Biaora,3065.0,3205.0,3100.0,Madhya Pradesh,Rajgarh
2015-09-26,Soyabean,Biaora,3125.0,3375.0,3250.0,Madhya Pradesh,Rajgarh
2015-09-29,Soyabean,Biaora,3240.0,3510.0,3450.0,Madhya Pradesh,Rajgarh
2015-09-30,Soyabean,Biaora,3170.0,3505.0,3350.0,Madhya Pradesh,Rajgarh
2015-10-01,Soyabean,Biaora,3270.0,3580.0,3400.0,Madhya Pradesh,Rajgarh
2015-10-03,Soyabean,Biaora,3290.0,3620.0,3400.0,Madhya Pradesh,Rajgarh
2015-10-04,Soyabean,Biaora,3240.0,3750.0,3500.0,Madhya Pradesh,Rajgarh
2015-10-06,Soyabean,Biaora,3390.0,3915.0,3500.0,Madhya Pradesh,Rajgarh
2015-10-07,Soyabean,Biaora,3750.0,4315.0,4000.0,Madhya Pradesh,Rajgarh
2015-10-08,Soyabean,Biaora,3755.0,4245.0,4000.0,Madhya Pradesh,Rajgarh
2015-10-10,Soyabean,Biaora,3465.0,4105.0,3750.0,Madhya Pradesh,Rajgarh
2015-10-11,Soyabean,Biaora,3310.0,4385.0,4000.0,Madhya Pradesh,Rajgarh
2015-10-14,Soyabean,Biaora,3340.0,3850.0,3550.0,Madhya Pradesh,Rajgarh
2015-10-15,Soyabean,Biaora,3220.0,4065.0,3600.0,Madhya Pradesh,Rajgarh
2015-10-16,Soyabean,Biaora,3325.0,4100.0,3600.0,Madhya Pradesh,Rajgarh
2015-10-17,Soyabean,Biaora,3240.0,3925.0,3500.0,Madhya Pradesh,Rajgarh
2015-10-18,Soyabean,Biaora,3195.0,4035.0,3600.0,Madhya Pradesh,Rajgarh
2015-10-20,Soyabean,Biaora,3235.0,3855.0,3500.0,Madhya Pradesh,Rajgarh
2015-10-23,Soyabean,Biaora,3305.0,3855.0,3500.0,Madhya Pradesh,Rajgarh
2015-10-25,Soyabean,Biaora,3215.0,3690.0,3400.0,Madhya Pradesh,Rajgarh
2015-10-27,Soyabean,Biaora,3195.0,3805.0,3500.0,Madhya Pradesh,Rajgarh
2015-10-28,Soyabean,Biaora,3650.0,3815.0,3700.0,Madhya Pradesh,Rajgarh
2015-10-29,Soyabean,Biaora,3105.0,3680.0,3350.0,Madhya Pradesh,Rajgarh
2015-10-30,Soyabean,Biaora,3080.0,3805.0,3450.0,Madhya Pradesh,Rajgarh
2015-11-01,Soyabean,Biaora,3085.0,3790.0,3340.0,Madhya Pradesh,Rajgarh
2015-11-03,Soyabean,Biaora,3065.0,3780.0,3325.0,Madhya Pradesh,Rajgarh
2015-11-04,Soyabean,Biaora,3115.0,3820.0,3520.0,Madhya Pradesh,Rajgarh
2015-11-05,Soyabean,Biaora,3160.0,3795.0,3450.0,Madhya Pradesh,Rajgarh
2015-11-06,Soyabean,Biaora,3135.0,3825.0,3520.0,Madhya Pradesh,Rajgarh
2015-11-07,Soyabean,Biaora,3140.0,3840.0,3500.0,Madhya Pradesh,Rajgarh
2015-11-08,Soyabean,Biaora,3195.0,3705.0,3425.0,Madhya Pradesh,Rajgarh
2015-11-13,Soyabean,Biaora,3240.0,4000.0,3800.0,Madhya Pradesh,Rajgarh
2015-11-14,Soyabean,Biaora,3145.0,4510.0,3850.0,Madhya Pradesh,Rajgarh
2015-11-15,Soyabean,Biaora,3150.0,3605.0,3340.0,Madhya Pradesh,Rajgarh
2015-11-18,Soyabean,Biaora,3180.0,3675.0,3450.0,Madhya Pradesh,Rajgarh
2015-11-19,Soyabean,Biaora,3210.0,3690.0,3450.0,Madhya Pradesh,Rajgarh
2015-11-20,Soyabean,Biaora,3225.0,3680.0,3500.0,Madhya Pradesh,Rajgarh
2015-11-21,Soyabean,Biaora,3205.0,3705.0,3505.0,Madhya Pradesh,Rajgarh
2015-11-24,Soyabean,Biaora,3215.0,3720.0,3475.0,Madhya Pradesh,Rajgarh
2015-11-25,Soyabean,Biaora,3195.0,3600.0,3350.0,Madhya Pradesh,Rajgarh
2015-11-26,Soyabean,Biaora,3075.0,3720.0,3400.0,Madhya Pradesh,Rajgarh
2015-11-27,Soyabean,Biaora,3265.0,3705.0,3450.0,Madhya Pradesh,Rajgarh
2015-11-28,Soyabean,Biaora,3205.0,3605.0,3400.0,Madhya Pradesh,Rajgarh
2015-11-29,Soyabean,Biaora,3205.0,3655.0,3450.0,Madhya Pradesh,Rajgarh
2015-12-01,Soyabean,Biaora,3140.0,3585.0,3300.0,Madhya Pradesh,Rajgarh
2015-12-02,Soyabean,Biaora,3145.0,3555.0,3250.0,Madhya Pradesh,Rajgarh
2015-12-03,Soyabean,Biaora,3160.0,3540.0,3400.0,Madhya Pradesh,Rajgarh
2015-12-04,Soyabean,Biaora,3090.0,3565.0,3350.0,Madhya Pradesh,Rajgarh
2015-12-06,Soyabean,Biaora,3120.0,3490.0,3325.0,Madhya Pradesh,Rajgarh
2015-12-08,Soyabean,Biaora,3120.0,3540.0,3350.0,Madhya Pradesh,Rajgarh
2015-12-09,Soyabean,Biaora,3105.0,3465.0,3250.0,Madhya Pradesh,Rajgarh
2015-12-10,Soyabean,Biaora,2990.0,3405.0,3220.0,Madhya Pradesh,Rajgarh
2015-12-12,Soyabean,Biaora,3110.0,3465.0,3310.0,Madhya Pradesh,Rajgarh
2015-12-13,Soyabean,Biaora,3035.0,3475.0,3250.0,Madhya Pradesh,Rajgarh
2015-12-15,Soyabean,Biaora,3195.0,3400.0,3305.0,Madhya Pradesh,Rajgarh
2015-12-16,Soyabean,Biaora,3065.0,3420.0,3250.0,Madhya Pradesh,Rajgarh
2015-12-17,Soyabean,Biaora,3060.0,3425.0,3250.0,Madhya Pradesh,Rajgarh
2015-12-18,Soyabean,Biaora,2995.0,3420.0,3220.0,Madhya Pradesh,Rajgarh
2015-12-19,Soyabean,Biaora,3040.0,3465.0,3250.0,Madhya Pradesh,Rajgarh
2015-12-20,Soyabean,Biaora,3165.0,3485.0,3320.0,Madhya Pradesh,Rajgarh
2015-12-22,Soyabean,Biaora,3120.0,3540.0,3400.0,Madhya Pradesh,Rajgarh
2015-12-23,Soyabean,Biaora,3035.0,3580.0,3250.0,Madhya Pradesh,Rajgarh
2015-12-26,Soyabean,Biaora,3195.0,3625.0,3350.0,Madhya Pradesh,Rajgarh
2015-12-27,Soyabean,Biaora,3120.0,3605.0,3350.0,Madhya Pradesh,Rajgarh
2015-12-29,Soyabean,Biaora,2995.0,3485.0,3300.0,Madhya Pradesh,Rajgarh
2016-01-01,Soyabean,Biaora,3120.0,3550.0,3325.0,Madhya Pradesh,Rajgarh
2016-01-02,Soyabean,Biaora,3170.0,3550.0,3325.0,Madhya Pradesh,Rajgarh
2016-01-03,Soyabean,Biaora,3205.0,3560.0,3375.0,Madhya Pradesh,Rajgarh
2016-01-05,Soyabean,Biaora,3215.0,3535.0,3350.0,Madhya Pradesh,Rajgarh
2016-01-06,Soyabean,Biaora,3190.0,3560.0,3350.0,Madhya Pradesh,Rajgarh
2016-01-07,Soyabean,Biaora,3065.0,3495.0,3250.0,Madhya Pradesh,Rajgarh
2016-01-08,Soyabean,Biaora,3060.0,3550.0,3310.0,Madhya Pradesh,Rajgarh
2016-01-09,Soyabean,Biaora,3125.0,3535.0,3300.0,Madhya Pradesh,Rajgarh
2016-01-12,Soyabean,Biaora,3085.0,3560.0,3250.0,Madhya Pradesh,Rajgarh
2016-01-13,Soyabean,Biaora,3075.0,3545.0,3325.0,Madhya Pradesh,Rajgarh
2016-01-14,Soyabean,Biaora,3045.0,3580.0,3300.0,Madhya Pradesh,Rajgarh
2016-01-19,Soyabean,Biaora,3350.0,3515.0,3400.0,Madhya Pradesh,Rajgarh
2016-01-20,Soyabean,Biaora,3195.0,3590.0,3250.0,Madhya Pradesh,Rajgarh
2016-01-21,Soyabean,Biaora,3285.0,3560.0,3420.0,Madhya Pradesh,Rajgarh
2016-01-22,Soyabean,Biaora,3200.0,3640.0,3400.0,Madhya Pradesh,Rajgarh
2016-01-23,Soyabean,Biaora,3260.0,3540.0,3400.0,Madhya Pradesh,Rajgarh
2016-01-24,Soyabean,Biaora,3290.0,3800.0,3525.0,Madhya Pradesh,Rajgarh
2016-01-27,Soyabean,Biaora,3290.0,3645.0,3450.0,Madhya Pradesh,Rajgarh
2016-01-29,Soyabean,Biaora,3265.0,3670.0,3450.0,Madhya Pradesh,Rajgarh
2016-01-30,Soyabean,Biaora,3285.0,3705.0,3450.0,Madhya Pradesh,Rajgarh
2016-01-31,Soyabean,Biaora,3230.0,3645.0,3450.0,Madhya Pradesh,Rajgarh
2016-02-02,Soyabean,Biaora,3200.0,3740.0,3525.0,Madhya Pradesh,Rajgarh
2016-02-04,Soyabean,Biaora,3220.0,3755.0,3500.0,Madhya Pradesh,Rajgarh
2016-02-10,Soyabean,Biaora,3230.0,3625.0,3450.0,Madhya Pradesh,Rajgarh
2016-02-11,Soyabean,Biaora,3165.0,3590.0,3350.0,Madhya Pradesh,Rajgarh
2016-02-13,Soyabean,Biaora,3350.0,3570.0,3450.0,Madhya Pradesh,Rajgarh
2016-02-14,Soyabean,Biaora,3300.0,3635.0,3450.0,Madhya Pradesh,Rajgarh
2016-02-16,Soyabean,Biaora,3395.0,3705.0,3505.0,Madhya Pradesh,Rajgarh
2016-02-17,Soyabean,Biaora,3250.0,3645.0,3450.0,Madhya Pradesh,Rajgarh
2016-02-18,Soyabean,Biaora,3275.0,3530.0,3400.0,Madhya Pradesh,Rajgarh
2016-02-19,Soyabean,Biaora,3280.0,3670.0,3400.0,Madhya Pradesh,Rajgarh
2016-02-21,Soyabean,Biaora,3205.0,3565.0,3400.0,Madhya Pradesh,Rajgarh
2016-02-23,Soyabean,Biaora,3265.0,3605.0,3400.0,Madhya Pradesh,Rajgarh
2016-02-24,Soyabean,Biaora,2400.0,3555.0,2750.0,Madhya Pradesh,Rajgarh
2016-02-25,Soyabean,Biaora,2900.0,3535.0,3350.0,Madhya Pradesh,Rajgarh
2016-02-26,Soyabean,Biaora,3160.0,3620.0,3450.0,Madhya Pradesh,Rajgarh
2016-02-27,Soyabean,Biaora,3250.0,3535.0,3410.0,Madhya Pradesh,Rajgarh
2016-02-28,Soyabean,Biaora,3100.0,3630.0,3400.0,Madhya Pradesh,Rajgarh
2016-03-01,Soyabean,Biaora,3205.0,3605.0,3400.0,Madhya Pradesh,Rajgarh
2016-03-03,Soyabean,Biaora,3275.0,3530.0,3420.0,Madhya Pradesh,Rajgarh
2016-03-04,Soyabean,Biaora,3255.0,3530.0,3350.0,Madhya Pradesh,Rajgarh
2016-03-05,Soyabean,Biaora,3000.0,3310.0,3150.0,Madhya Pradesh,Rajgarh
2016-03-06,Soyabean,Biaora,3010.0,3505.0,3300.0,Madhya Pradesh,Rajgarh
2016-03-08,Soyabean,Biaora,3195.0,3285.0,3200.0,Madhya Pradesh,Rajgarh
2016-03-10,Soyabean,Biaora,3150.0,3305.0,3200.0,Madhya Pradesh,Rajgarh
2016-03-11,Soyabean,Biaora,3250.0,3550.0,3385.0,Madhya Pradesh,Rajgarh
2016-03-12,Soyabean,Biaora,3230.0,3510.0,3400.0,Madhya Pradesh,Rajgarh
2016-03-15,Soyabean,Biaora,3155.0,3575.0,3400.0,Madhya Pradesh,Rajgarh
2016-03-16,Soyabean,Biaora,3240.0,3485.0,3350.0,Madhya Pradesh,Rajgarh
2016-03-17,Soyabean,Biaora,3155.0,3625.0,3400.0,Madhya Pradesh,Rajgarh
2016-03-20,Soyabean,Biaora,3310.0,3420.0,3360.0,Madhya Pradesh,Rajgarh
2016-03-22,Soyabean,Biaora,3265.0,3735.0,3480.0,Madhya Pradesh,Rajgarh
2016-03-26,Soyabean,Biaora,3100.0,3600.0,3500.0,Madhya Pradesh,Rajgarh
2016-03-29,Soyabean,Biaora,3350.0,3520.0,3445.0,Madhya Pradesh,Rajgarh
2016-03-30,Soyabean,Biaora,3390.0,3665.0,3450.0,Madhya Pradesh,Rajgarh
2016-04-02,Soyabean,Biaora,3350.0,3805.0,3650.0,Madhya Pradesh,Rajgarh
2016-04-05,Soyabean,Biaora,3540.0,3995.0,3750.0,Madhya Pradesh,Rajgarh
2016-04-09,Soyabean,Biaora,3455.0,3805.0,3600.0,Madhya Pradesh,Rajgarh
2016-04-16,Soyabean,Biaora,3690.0,3895.0,3750.0,Madhya Pradesh,Rajgarh
2016-04-17,Soyabean,Biaora,3650.0,4070.0,3875.0,Madhya Pradesh,Rajgarh
2016-04-20,Soyabean,Biaora,3565.0,3820.0,3650.0,Madhya Pradesh,Rajgarh
2016-04-21,Soyabean,Biaora,3660.0,4075.0,3825.0,Madhya Pradesh,Rajgarh
2016-04-23,Soyabean,Biaora,3490.0,4085.0,3700.0,Madhya Pradesh,Rajgarh
2016-04-26,Soyabean,Biaora,3545.0,3905.0,3750.0,Madhya Pradesh,Rajgarh
2016-04-27,Soyabean,Biaora,3545.0,3790.0,3680.0,Madhya Pradesh,Rajgarh
2016-04-28,Soyabean,Biaora,3645.0,3765.0,3700.0,Madhya Pradesh,Rajgarh
2016-04-29,Soyabean,Biaora,3585.0,3765.0,3650.0,Madhya Pradesh,Rajgarh
2016-04-30,Soyabean,Biaora,3495.0,3790.0,3600.0,Madhya Pradesh,Rajgarh
2016-05-03,Soyabean,Biaora,3595.0,3740.0,3650.0,Madhya Pradesh,Rajgarh
2016-05-04,Soyabean,Biaora,3480.0,3770.0,3550.0,Madhya Pradesh,Rajgarh
2016-05-10,Soyabean,Biaora,3415.0,3720.0,3650.0,Madhya Pradesh,Rajgarh
2016-05-11,Soyabean,Biaora,3550.0,3775.0,3650.0,Madhya Pradesh,Rajgarh
2016-05-12,Soyabean,Biaora,3540.0,3745.0,3650.0,Madhya Pradesh,Rajgarh
2016-05-13,Soyabean,Biaora,3520.0,3740.0,3625.0,Madhya Pradesh,Rajgarh
2016-05-14,Soyabean,Biaora,3470.0,3755.0,3550.0,Madhya Pradesh,Rajgarh
2016-05-17,Soyabean,Biaora,3545.0,3755.0,3650.0,Madhya Pradesh,Rajgarh
2016-05-19,Soyabean,Biaora,3560.0,3665.0,3600.0,Madhya Pradesh,Rajgarh
2016-05-20,Soyabean,Biaora,3440.0,3635.0,3550.0,Madhya Pradesh,Rajgarh
2016-05-24,Soyabean,Biaora,3525.0,3660.0,3600.0,Madhya Pradesh,Rajgarh
2016-05-25,Soyabean,Biaora,3420.0,3875.0,3640.0,Madhya Pradesh,Rajgarh
2016-05-26,Soyabean,Biaora,3535.0,3645.0,3600.0,Madhya Pradesh,Rajgarh
2016-05-27,Soyabean,Biaora,3540.0,3640.0,3600.0,Madhya Pradesh,Rajgarh
2016-05-28,Soyabean,Biaora,3450.0,3565.0,3500.0,Madhya Pradesh,Rajgarh
2016-05-31,Soyabean,Biaora,3435.0,4000.0,3800.0,Madhya Pradesh,Rajgarh
2016-06-01,Soyabean,Biaora,3720.0,4025.0,3900.0,Madhya Pradesh,Rajgarh
2016-06-02,Soyabean,Biaora,3330.0,3460.0,3400.0,Madhya Pradesh,Rajgarh
2016-06-03,Soyabean,Biaora,3470.0,3665.0,3550.0,Madhya Pradesh,Rajgarh
2016-06-04,Soyabean,Biaora,3420.0,3740.0,3630.0,Madhya Pradesh,Rajgarh
2016-06-07,Soyabean,Biaora,3395.0,3740.0,3520.0,Madhya Pradesh,Rajgarh
2016-06-08,Soyabean,Biaora,3380.0,3590.0,3490.0,Madhya Pradesh,Rajgarh
2016-06-09,Soyabean,Biaora,3550.0,3650.0,3600.0,Madhya Pradesh,Rajgarh
2016-06-10,Soyabean,Biaora,3485.0,3635.0,3575.0,Madhya Pradesh,Rajgarh
2016-06-11,Soyabean,Biaora,3535.0,3685.0,3600.0,Madhya Pradesh,Rajgarh
2016-06-14,Soyabean,Biaora,3540.0,3825.0,3680.0,Madhya Pradesh,Rajgarh
2016-06-15,Soyabean,Biaora,3465.0,3670.0,3520.0,Madhya Pradesh,Rajgarh
2016-06-16,Soyabean,Biaora,3425.0,3665.0,3550.0,Madhya Pradesh,Rajgarh
2016-06-17,Soyabean,Biaora,3320.0,3605.0,3450.0,Madhya Pradesh,Rajgarh
2016-06-18,Soyabean,Biaora,3340.0,3625.0,3550.0,Madhya Pradesh,Rajgarh
2016-06-19,Soyabean,Biaora,3330.0,3720.0,3500.0,Madhya Pradesh,Rajgarh
2016-06-21,Soyabean,Biaora,3290.0,3675.0,3450.0,Madhya Pradesh,Rajgarh
2016-06-22,Soyabean,Biaora,3225.0,3425.0,3350.0,Madhya Pradesh,Rajgarh
2016-06-23,Soyabean,Biaora,3115.0,4015.0,3500.0,Madhya Pradesh,Rajgarh
2016-06-24,Soyabean,Biaora,3120.0,4045.0,3500.0,Madhya Pradesh,Rajgarh
2016-06-25,Soyabean,Biaora,2960.0,4100.0,3500.0,Madhya Pradesh,Rajgarh
2016-06-28,Soyabean,Biaora,3220.0,4050.0,3550.0,Madhya Pradesh,Rajgarh
2016-06-30,Soyabean,Biaora,3215.0,4080.0,3550.0,Madhya Pradesh,Rajgarh
2016-07-01,Soyabean,Biaora,3205.0,3620.0,3410.0,Madhya Pradesh,Rajgarh
2016-07-02,Soyabean,Biaora,3315.0,3580.0,3410.0,Madhya Pradesh,Rajgarh
2016-07-03,Soyabean,Biaora,3150.0,3570.0,3350.0,Madhya Pradesh,Rajgarh
2016-07-05,Soyabean,Biaora,3005.0,3565.0,3350.0,Madhya Pradesh,Rajgarh
2016-07-07,Soyabean,Biaora,2450.0,3490.0,2900.0,Madhya Pradesh,Rajgarh
2016-07-08,Soyabean,Biaora,3215.0,3440.0,3325.0,Madhya Pradesh,Rajgarh
2016-07-09,Soyabean,Biaora,3090.0,3385.0,3150.0,Madhya Pradesh,Rajgarh
2016-07-12,Soyabean,Biaora,3135.0,3425.0,3275.0,Madhya Pradesh,Rajgarh
2016-07-13,Soyabean,Biaora,2950.0,3445.0,3240.0,Madhya Pradesh,Rajgarh
2016-07-14,Soyabean,Biaora,3100.0,3460.0,3275.0,Madhya Pradesh,Rajgarh
2016-07-15,Soyabean,Biaora,2920.0,3490.0,3250.0,Madhya Pradesh,Rajgarh
2016-07-16,Soyabean,Biaora,3125.0,3510.0,3320.0,Madhya Pradesh,Rajgarh
2016-07-17,Soyabean,Biaora,2995.0,3540.0,3250.0,Madhya Pradesh,Rajgarh
2016-07-19,Soyabean,Biaora,2900.0,3590.0,3250.0,Madhya Pradesh,Rajgarh
2016-07-20,Soyabean,Biaora,2600.0,3565.0,3150.0,Madhya Pradesh,Rajgarh
2016-07-21,Soyabean,Biaora,3275.0,3500.0,3350.0,Madhya Pradesh,Rajgarh
2016-07-22,Soyabean,Biaora,3300.0,3540.0,3425.0,Madhya Pradesh,Rajgarh
2016-07-23,Soyabean,Biaora,3120.0,3500.0,3350.0,Madhya Pradesh,Rajgarh
2016-07-26,Soyabean,Biaora,3210.0,3520.0,3350.0,Madhya Pradesh,Rajgarh
2016-07-27,Soyabean,Biaora,3060.0,3480.0,3250.0,Madhya Pradesh,Rajgarh
2016-07-28,Soyabean,Biaora,3140.0,3550.0,3350.0,Madhya Pradesh,Rajgarh
2016-07-30,Soyabean,Biaora,3340.0,3500.0,3460.0,Madhya Pradesh,Rajgarh
2016-07-31,Soyabean,Biaora,3290.0,3530.0,3380.0,Madhya Pradesh,Rajgarh
2016-08-03,Soyabean,Biaora,3140.0,3530.0,3350.0,Madhya Pradesh,Rajgarh
2016-08-04,Soyabean,Biaora,3105.0,3440.0,3250.0,Madhya Pradesh,Rajgarh
2016-08-05,Soyabean,Biaora,3260.0,3500.0,3350.0,Madhya Pradesh,Rajgarh
2016-08-06,Soyabean,Biaora,3250.0,3440.0,3350.0,Madhya Pradesh,Rajgarh
2016-08-09,Soyabean,Biaora,3255.0,3450.0,3350.0,Madhya Pradesh,Rajgarh
2016-08-10,Soyabean,Biaora,3325.0,3490.0,3410.0,Madhya Pradesh,Rajgarh
2016-08-11,Soyabean,Biaora,3210.0,3430.0,3310.0,Madhya Pradesh,Rajgarh
2016-08-12,Soyabean,Biaora,3350.0,3500.0,3440.0,Madhya Pradesh,Rajgarh
2016-08-13,Soyabean,Biaora,3305.0,3305.0,3305.0,Madhya Pradesh,Rajgarh
2016-08-16,Soyabean,Biaora,3310.0,3475.0,3380.0,Madhya Pradesh,Rajgarh
2016-08-17,Soyabean,Biaora,3255.0,3425.0,3320.0,Madhya Pradesh,Rajgarh
2016-08-21,Soyabean,Biaora,3500.0,3500.0,3500.0,Madhya Pradesh,Rajgarh
2016-08-23,Soyabean,Biaora,3250.0,3355.0,3300.0,Madhya Pradesh,Rajgarh
2016-08-24,Soyabean,Biaora,3280.0,3440.0,3350.0,Madhya Pradesh,Rajgarh
2016-08-26,Soyabean,Biaora,3150.0,3375.0,3250.0,Madhya Pradesh,Rajgarh
2016-08-27,Soyabean,Biaora,2950.0,3325.0,3150.0,Madhya Pradesh,Rajgarh
2016-08-30,Soyabean,Biaora,3150.0,3250.0,3200.0,Madhya Pradesh,Rajgarh
2016-08-31,Soyabean,Biaora,2905.0,3175.0,3050.0,Madhya Pradesh,Rajgarh
2016-09-03,Soyabean,Biaora,2705.0,3155.0,2950.0,Madhya Pradesh,Rajgarh
2016-09-04,Soyabean,Biaora,2995.0,3120.0,3050.0,Madhya Pradesh,Rajgarh
2016-09-06,Soyabean,Biaora,2890.0,3125.0,3040.0,Madhya Pradesh,Rajgarh
2016-09-07,Soyabean,Biaora,2840.0,3120.0,3020.0,Madhya Pradesh,Rajgarh
2016-09-08,Soyabean,Biaora,2840.0,3065.0,2950.0,Madhya Pradesh,Rajgarh
2016-09-09,Soyabean,Biaora,2805.0,3080.0,2950.0,Madhya Pradesh,Rajgarh
2016-09-14,Soyabean,Biaora,2820.0,3075.0,2954.0,Madhya Pradesh,Rajgarh
2016-09-16,Soyabean,Biaora,2750.0,3015.0,2875.0,Madhya Pradesh,Rajgarh
2016-09-17,Soyabean,Biaora,2880.0,3035.0,2940.0,Madhya Pradesh,Rajgarh
2016-09-18,Soyabean,Biaora,3005.0,3100.0,3050.0,Madhya Pradesh,Rajgarh
2016-09-20,Soyabean,Biaora,3000.0,3130.0,3050.0,Madhya Pradesh,Rajgarh
2016-09-21,Soyabean,Biaora,2505.0,3175.0,2750.0,Madhya Pradesh,Rajgarh
2016-09-22,Soyabean,Biaora,3010.0,3175.0,3140.0,Madhya Pradesh,Rajgarh
2016-09-23,Soyabean,Biaora,2850.0,3240.0,3050.0,Madhya Pradesh,Rajgarh
2016-09-24,Soyabean,Biaora,2795.0,3000.0,2940.0,Madhya Pradesh,Rajgarh
2016-09-27,Soyabean,Biaora,2695.0,2850.0,2750.0,Madhya Pradesh,Rajgarh
2016-09-28,Soyabean,Biaora,2705.0,2850.0,2810.0,Madhya Pradesh,Rajgarh
2016-09-29,Soyabean,Biaora,2580.0,3000.0,2780.0,Madhya Pradesh,Rajgarh
2016-10-04,Soyabean,Biaora,2810.0,3045.0,2940.0,Madhya Pradesh,Rajgarh
2016-10-05,Soyabean,Biaora,2305.0,2920.0,2550.0,Madhya Pradesh,Rajgarh
2016-10-06,Soyabean,Biaora,2240.0,3020.0,2650.0,Madhya Pradesh,Rajgarh
2016-10-07,Soyabean,Biaora,2490.0,3120.0,2940.0,Madhya Pradesh,Rajgarh
2016-10-15,Soyabean,Biaora,2410.0,3100.0,2650.0,Madhya Pradesh,Rajgarh
2016-10-16,Soyabean,Biaora,2405.0,3000.0,2740.0,Madhya Pradesh,Rajgarh
2016-10-18,Soyabean,Biaora,2480.0,2850.0,2690.0,Madhya Pradesh,Rajgarh
2016-10-19,Soyabean,Biaora,2310.0,2810.0,2640.0,Madhya Pradesh,Rajgarh
2016-10-21,Soyabean,Biaora,2340.0,2805.0,2560.0,Madhya Pradesh,Rajgarh
2016-10-22,Soyabean,Biaora,2550.0,2810.0,2650.0,Madhya Pradesh,Rajgarh
2016-10-25,Soyabean,Biaora,2400.0,2910.0,2650.0,Madhya Pradesh,Rajgarh
2016-10-26,Soyabean,Biaora,2680.0,3095.0,2840.0,Madhya Pradesh,Rajgarh
2016-10-27,Soyabean,Biaora,2800.0,3150.0,2950.0,Madhya Pradesh,Rajgarh
2016-11-03,Soyabean,Biaora,2720.0,2860.0,2820.0,Madhya Pradesh,Rajgarh
2016-11-04,Soyabean,Biaora,2720.0,2900.0,2840.0,Madhya Pradesh,Rajgarh
2016-11-05,Soyabean,Biaora,2750.0,2850.0,2800.0,Madhya Pradesh,Rajgarh
2016-11-06,Soyabean,Biaora,2700.0,2880.0,2800.0,Madhya Pradesh,Rajgarh
2016-11-08,Soyabean,Biaora,2615.0,2750.0,2700.0,Madhya Pradesh,Rajgarh
2016-11-17,Soyabean,Biaora,2200.0,2825.0,2675.0,Madhya Pradesh,Rajgarh
2016-11-18,Soyabean,Biaora,2580.0,2835.0,2725.0,Madhya Pradesh,Rajgarh
2016-11-19,Soyabean,Biaora,2080.0,2915.0,2510.0,Madhya Pradesh,Rajgarh
2016-11-20,Soyabean,Biaora,2595.0,2885.0,2740.0,Madhya Pradesh,Rajgarh
2016-11-22,Soyabean,Biaora,2305.0,2960.0,2450.0,Madhya Pradesh,Rajgarh
2016-11-24,Soyabean,Biaora,2630.0,2915.0,2840.0,Madhya Pradesh,Rajgarh
2016-11-25,Soyabean,Biaora,2650.0,2865.0,2750.0,Madhya Pradesh,Rajgarh
2016-12-01,Soyabean,Biaora,2440.0,2920.0,2640.0,Madhya Pradesh,Rajgarh
2016-12-04,Soyabean,Biaora,2495.0,2860.0,2800.0,Madhya Pradesh,Rajgarh
2016-12-06,Soyabean,Biaora,2610.0,2875.0,2750.0,Madhya Pradesh,Rajgarh
2016-12-07,Soyabean,Biaora,2025.0,2835.0,2460.0,Madhya Pradesh,Rajgarh
2016-12-08,Soyabean,Biaora,2300.0,2790.0,2725.0,Madhya Pradesh,Rajgarh
2016-12-09,Soyabean,Biaora,2415.0,2785.0,2750.0,Madhya Pradesh,Rajgarh
2016-12-10,Soyabean,Biaora,2380.0,2800.0,2540.0,Madhya Pradesh,Rajgarh
2016-12-13,Soyabean,Biaora,2680.0,2830.0,2750.0,Madhya Pradesh,Rajgarh
2016-12-15,Soyabean,Biaora,2305.0,2860.0,2800.0,Madhya Pradesh,Rajgarh
2016-12-16,Soyabean,Biaora,2225.0,2815.0,2500.0,Madhya Pradesh,Rajgarh
2016-12-17,Soyabean,Biaora,2710.0,2850.0,2770.0,Madhya Pradesh,Rajgarh
2016-12-18,Soyabean,Biaora,2630.0,2820.0,2710.0,Madhya Pradesh,Rajgarh
2016-12-20,Soyabean,Biaora,2600.0,2800.0,2700.0,Madhya Pradesh,Rajgarh
2017-01-03,Soyabean,Biaora,2650.0,2950.0,2850.0,Madhya Pradesh,Rajgarh
2017-01-04,Soyabean,Biaora,2655.0,2875.0,2740.0,Madhya Pradesh,Rajgarh
2017-01-05,Soyabean,Biaora,2730.0,2930.0,2840.0,Madhya Pradesh,Rajgarh
2017-01-06,Soyabean,Biaora,2395.0,2865.0,2540.0,Madhya Pradesh,Rajgarh
2017-01-07,Soyabean,Biaora,2235.0,2870.0,2550.0,Madhya Pradesh,Rajgarh
2017-01-10,Soyabean,Biaora,2275.0,2830.0,2520.0,Madhya Pradesh,Rajgarh
2017-01-11,Soyabean,Biaora,2464.0,2845.0,2650.0,Madhya Pradesh,Rajgarh
2017-01-12,Soyabean,Biaora,2675.0,2865.0,2750.0,Madhya Pradesh,Rajgarh
2017-01-17,Soyabean,Biaora,2775.0,3100.0,2840.0,Madhya Pradesh,Rajgarh
2017-01-18,Soyabean,Biaora,2350.0,3090.0,2800.0,Madhya Pradesh,Rajgarh
2017-01-19,Soyabean,Biaora,2665.0,2975.0,2750.0,Madhya Pradesh,Rajgarh
2017-01-20,Soyabean,Biaora,2575.0,2920.0,2800.0,Madhya Pradesh,Rajgarh
2017-01-21,Soyabean,Biaora,2580.0,2930.0,2750.0,Madhya Pradesh,Rajgarh
2017-01-22,Soyabean,Biaora,2555.0,2925.0,2750.0,Madhya Pradesh,Rajgarh
2017-01-24,Soyabean,Biaora,2320.0,2905.0,2850.0,Madhya Pradesh,Rajgarh
2017-01-25,Soyabean,Biaora,2475.0,2900.0,2800.0,Madhya Pradesh,Rajgarh
2017-01-28,Soyabean,Biaora,2510.0,2945.0,2750.0,Madhya Pradesh,Rajgarh
2017-02-02,Soyabean,Biaora,2530.0,2850.0,2800.0,Madhya Pradesh,Rajgarh
2017-02-03,Soyabean,Biaora,2505.0,2880.0,2710.0,Madhya Pradesh,Rajgarh
2017-02-04,Soyabean,Biaora,2470.0,2875.0,2650.0,Madhya Pradesh,Rajgarh
2017-02-05,Soyabean,Biaora,2680.0,3000.0,2800.0,Madhya Pradesh,Rajgarh
2017-02-07,Soyabean,Biaora,1990.0,2875.0,2550.0,Madhya Pradesh,Rajgarh
2017-02-08,Soyabean,Biaora,2385.0,2885.0,2700.0,Madhya Pradesh,Rajgarh
2017-02-09,Soyabean,Biaora,2405.0,2820.0,2600.0,Madhya Pradesh,Rajgarh
2017-02-11,Soyabean,Biaora,2250.0,2860.0,2750.0,Madhya Pradesh,Rajgarh
2017-02-14,Soyabean,Biaora,2350.0,3025.0,2650.0,Madhya Pradesh,Rajgarh
2017-02-17,Soyabean,Biaora,2250.0,2835.0,2650.0,Madhya Pradesh,Rajgarh
2017-02-18,Soyabean,Biaora,2690.0,2795.0,2745.0,Madhya Pradesh,Rajgarh
2017-02-19,Soyabean,Biaora,2550.0,2800.0,2710.0,Madhya Pradesh,Rajgarh
2017-02-22,Soyabean,Biaora,2205.0,2775.0,2450.0,Madhya Pradesh,Rajgarh
2017-02-23,Soyabean,Biaora,2300.0,2765.0,2500.0,Madhya Pradesh,Rajgarh
2017-02-25,Soyabean,Biaora,2395.0,2905.0,2500.0,Madhya Pradesh,Rajgarh
2017-02-28,Soyabean,Biaora,2500.0,2845.0,2700.0,Madhya Pradesh,Rajgarh
2017-03-01,Soyabean,Biaora,2385.0,2850.0,2560.0,Madhya Pradesh,Rajgarh
2017-03-02,Soyabean,Biaora,2675.0,2815.0,2740.0,Madhya Pradesh,Rajgarh
2017-03-03,Soyabean,Biaora,2785.0,2850.0,2810.0,Madhya Pradesh,Rajgarh
2017-03-04,Soyabean,Biaora,2545.0,2785.0,2650.0,Madhya Pradesh,Rajgarh
2017-03-05,Soyabean,Biaora,2305.0,2875.0,2640.0,Madhya Pradesh,Rajgarh
2017-03-07,Soyabean,Biaora,2325.0,2830.0,2540.0,Madhya Pradesh,Rajgarh
2017-03-08,Soyabean,Biaora,2240.0,2780.0,2450.0,Madhya Pradesh,Rajgarh
2017-03-09,Soyabean,Biaora,2500.0,2825.0,2680.0,Madhya Pradesh,Rajgarh
2017-03-10,Soyabean,Biaora,2575.0,2825.0,2650.0,Madhya Pradesh,Rajgarh
2017-03-11,Soyabean,Biaora,2100.0,2835.0,2510.0,Madhya Pradesh,Rajgarh
2017-03-15,Soyabean,Biaora,2230.0,2845.0,2540.0,Madhya Pradesh,Rajgarh
2017-03-16,Soyabean,Biaora,2200.0,2840.0,2450.0,Madhya Pradesh,Rajgarh
2017-03-18,Soyabean,Biaora,2495.0,2850.0,2680.0,Madhya Pradesh,Rajgarh
2017-03-19,Soyabean,Biaora,2475.0,2910.0,2675.0,Madhya Pradesh,Rajgarh
2017-03-21,Soyabean,Biaora,2200.0,2815.0,2680.0,Madhya Pradesh,Rajgarh
2017-03-22,Soyabean,Biaora,2615.0,2815.0,2740.0,Madhya Pradesh,Rajgarh
2017-03-23,Soyabean,Biaora,2515.0,2845.0,2680.0,Madhya Pradesh,Rajgarh
2017-03-25,Soyabean,Biaora,2400.0,2830.0,2675.0,Madhya Pradesh,Rajgarh
2017-03-26,Soyabean,Biaora,2150.0,2815.0,2540.0,Madhya Pradesh,Rajgarh
2017-03-29,Soyabean,Biaora,2595.0,2825.0,2745.0,Madhya Pradesh,Rajgarh
2017-04-01,Soyabean,Biaora,2490.0,2815.0,2640.0,Madhya Pradesh,Rajgarh
2017-04-06,Soyabean,Biaora,2615.0,2810.0,2720.0,Madhya Pradesh,Rajgarh
2017-04-07,Soyabean,Biaora,2555.0,2805.0,2725.0,Madhya Pradesh,Rajgarh
2017-04-08,Soyabean,Biaora,2395.0,2900.0,2690.0,Madhya Pradesh,Rajgarh
2017-04-12,Soyabean,Biaora,2490.0,2855.0,2690.0,Madhya Pradesh,Rajgarh
2017-04-13,Soyabean,Biaora,2500.0,2850.0,2740.0,Madhya Pradesh,Rajgarh
2017-04-15,Soyabean,Biaora,2605.0,2825.0,2750.0,Madhya Pradesh,Rajgarh
2017-04-18,Soyabean,Biaora,2750.0,2890.0,2820.0,Madhya Pradesh,Rajgarh
2017-04-19,Soyabean,Biaora,2400.0,2900.0,2710.0,Madhya Pradesh,Rajgarh
2017-04-20,Soyabean,Biaora,2690.0,2925.0,2750.0,Madhya Pradesh,Rajgarh
2017-04-22,Soyabean,Biaora,2775.0,2950.0,2880.0,Madhya Pradesh,Rajgarh
2017-04-25,Soyabean,Biaora,2200.0,2900.0,2680.0,Madhya Pradesh,Rajgarh
2017-04-28,Soyabean,Biaora,2585.0,2835.0,2700.0,Madhya Pradesh,Rajgarh
2017-04-30,Soyabean,Biaora,2400.0,2845.0,2740.0,Madhya Pradesh,Rajgarh
2017-05-01,Soyabean,Biaora,2400.0,2845.0,2680.0,Madhya Pradesh,Rajgarh
2017-05-02,Soyabean,Biaora,2200.0,2895.0,2710.0,Madhya Pradesh,Rajgarh
2017-05-05,Soyabean,Biaora,2300.0,2900.0,2740.0,Madhya Pradesh,Rajgarh
2017-05-06,Soyabean,Biaora,2700.0,2888.0,2800.0,Madhya Pradesh,Rajgarh
2017-05-07,Soyabean,Biaora,2745.0,2890.0,2820.0,Madhya Pradesh,Rajgarh
2017-05-09,Soyabean,Biaora,2800.0,2855.0,2820.0,Madhya Pradesh,Rajgarh
2017-05-12,Soyabean,Biaora,2605.0,2890.0,2740.0,Madhya Pradesh,Rajgarh
2017-05-13,Soyabean,Biaora,2620.0,2910.0,2850.0,Madhya Pradesh,Rajgarh
2017-05-16,Soyabean,Biaora,2540.0,2900.0,2740.0,Madhya Pradesh,Rajgarh
2017-05-17,Soyabean,Biaora,2680.0,2850.0,2740.0,Madhya Pradesh,Rajgarh
2017-05-18,Soyabean,Biaora,2305.0,2850.0,2680.0,Madhya Pradesh,Rajgarh
2017-05-19,Soyabean,Biaora,2620.0,2800.0,2710.0,Madhya Pradesh,Rajgarh
2017-05-20,Soyabean,Biaora,2605.0,2800.0,2740.0,Madhya Pradesh,Rajgarh
2017-05-21,Soyabean,Biaora,2595.0,2740.0,2690.0,Madhya Pradesh,Rajgarh
2017-05-23,Soyabean,Biaora,2690.0,2775.0,2720.0,Madhya Pradesh,Rajgarh
2017-05-24,Soyabean,Biaora,2250.0,2785.0,2680.0,Madhya Pradesh,Rajgarh
2017-05-30,Soyabean,Biaora,2400.0,2650.0,2540.0,Madhya Pradesh,Rajgarh
2017-07-04,Soyabean,Biaora,2570.0,2690.0,2610.0,Madhya Pradesh,Rajgarh
2017-07-05,Soyabean,Biaora,2290.0,2850.0,2540.0,Madhya Pradesh,Rajgarh
2017-07-06,Soyabean,Biaora,2195.0,2760.0,2450.0,Madhya Pradesh,Rajgarh
2017-07-07,Soyabean,Biaora,2255.0,2750.0,2546.0,Madhya Pradesh,Rajgarh
2017-07-11,Soyabean,Biaora,2185.0,2850.0,2540.0,Madhya Pradesh,Rajgarh
2017-07-12,Soyabean,Biaora,2230.0,2850.0,2450.0,Madhya Pradesh,Rajgarh
2017-07-13,Soyabean,Biaora,2720.0,2800.0,2740.0,Madhya Pradesh,Rajgarh
2017-07-14,Soyabean,Biaora,2375.0,2800.0,2540.0,Madhya Pradesh,Rajgarh
2017-07-15,Soyabean,Biaora,2570.0,2775.0,2640.0,Madhya Pradesh,Rajgarh
2017-07-16,Soyabean,Biaora,2210.0,2800.0,2640.0,Madhya Pradesh,Rajgarh
2017-07-18,Soyabean,Biaora,2325.0,2730.0,2540.0,Madhya Pradesh,Rajgarh
2017-07-19,Soyabean,Biaora,2490.0,2730.0,2640.0,Madhya Pradesh,Rajgarh
2017-07-21,Soyabean,Biaora,2500.0,2768.0,2640.0,Madhya Pradesh,Rajgarh
2017-07-22,Soyabean,Biaora,2250.0,2785.0,2460.0,Madhya Pradesh,Rajgarh
2017-07-29,Soyabean,Biaora,2200.0,2785.0,2450.0,Madhya Pradesh,Rajgarh
2017-07-30,Soyabean,Biaora,2295.0,2795.0,2680.0,Madhya Pradesh,Rajgarh
2017-08-01,Soyabean,Biaora,2450.0,2810.0,2540.0,Madhya Pradesh,Rajgarh
2017-08-02,Soyabean,Biaora,2200.0,2780.0,2450.0,Madhya Pradesh,Rajgarh
2017-08-03,Soyabean,Biaora,2255.0,2770.0,2450.0,Madhya Pradesh,Rajgarh
2017-08-04,Soyabean,Biaora,2575.0,2750.0,2610.0,Madhya Pradesh,Rajgarh
2017-08-05,Soyabean,Biaora,2200.0,2765.0,2450.0,Madhya Pradesh,Rajgarh
2017-08-09,Soyabean,Biaora,2400.0,2745.0,2640.0,Madhya Pradesh,Rajgarh
2017-08-10,Soyabean,Biaora,2395.0,2775.0,2560.0,Madhya Pradesh,Rajgarh
2017-08-12,Soyabean,Biaora,2255.0,2870.0,2500.0,Madhya Pradesh,Rajgarh
2017-08-16,Soyabean,Biaora,2625.0,2905.0,2780.0,Madhya Pradesh,Rajgarh
2017-08-17,Soyabean,Biaora,2500.0,2945.0,2710.0,Madhya Pradesh,Rajgarh
2017-08-18,Soyabean,Biaora,2300.0,2975.0,2640.0,Madhya Pradesh,Rajgarh
2017-08-22,Soyabean,Biaora,2500.0,3030.0,2750.0,Madhya Pradesh,Rajgarh
2017-08-24,Soyabean,Biaora,2400.0,3065.0,2740.0,Madhya Pradesh,Rajgarh
2017-08-26,Soyabean,Biaora,2850.0,3015.0,2910.0,Madhya Pradesh,Rajgarh
2017-08-29,Soyabean,Biaora,2295.0,2940.0,2450.0,Madhya Pradesh,Rajgarh
2017-08-30,Soyabean,Biaora,2200.0,2945.0,2540.0,Madhya Pradesh,Rajgarh
2017-08-31,Soyabean,Biaora,2200.0,2940.0,2540.0,Madhya Pradesh,Rajgarh
2017-09-01,Soyabean,Biaora,2535.0,2910.0,2740.0,Madhya Pradesh,Rajgarh
2017-09-03,Soyabean,Biaora,2675.0,2955.0,2740.0,Madhya Pradesh,Rajgarh
2017-09-06,Soyabean,Biaora,2755.0,2980.0,2810.0,Madhya Pradesh,Rajgarh
2017-09-07,Soyabean,Biaora,2730.0,2930.0,2810.0,Madhya Pradesh,Rajgarh
2017-09-08,Soyabean,Biaora,2290.0,2975.0,2560.0,Madhya Pradesh,Rajgarh
2017-09-09,Soyabean,Biaora,2150.0,2940.0,2670.0,Madhya Pradesh,Rajgarh
2017-09-10,Soyabean,Biaora,2050.0,2850.0,2540.0,Madhya Pradesh,Rajgarh
2017-09-12,Soyabean,Biaora,2205.0,2880.0,2460.0,Madhya Pradesh,Rajgarh
2017-09-14,Soyabean,Biaora,2395.0,2960.0,2560.0,Madhya Pradesh,Rajgarh
2017-09-15,Soyabean,Biaora,2015.0,2940.0,2560.0,Madhya Pradesh,Rajgarh
2017-09-16,Soyabean,Biaora,2100.0,2965.0,2450.0,Madhya Pradesh,Rajgarh
2017-09-17,Soyabean,Biaora,2300.0,3000.0,2640.0,Madhya Pradesh,Rajgarh
2017-09-19,Soyabean,Biaora,2405.0,2955.0,2640.0,Madhya Pradesh,Rajgarh
2017-09-22,Soyabean,Biaora,2401.0,2970.0,2590.0,Madhya Pradesh,Rajgarh
2017-09-26,Soyabean,Biaora,2200.0,3000.0,2560.0,Madhya Pradesh,Rajgarh
2017-09-27,Soyabean,Biaora,2185.0,2925.0,2640.0,Madhya Pradesh,Rajgarh
2017-10-03,Soyabean,Biaora,2010.0,2745.0,2540.0,Madhya Pradesh,Rajgarh
2017-10-04,Soyabean,Biaora,2000.0,2765.0,2410.0,Madhya Pradesh,Rajgarh
2017-10-06,Soyabean,Biaora,2185.0,2800.0,2510.0,Madhya Pradesh,Rajgarh
2017-10-07,Soyabean,Biaora,2130.0,2775.0,2480.0,Madhya Pradesh,Rajgarh
2017-10-08,Soyabean,Biaora,2075.0,2780.0,2470.0,Madhya Pradesh,Rajgarh
2017-10-10,Soyabean,Biaora,2020.0,2730.0,2450.0,Madhya Pradesh,Rajgarh
2017-10-11,Soyabean,Biaora,2015.0,2775.0,2460.0,Madhya Pradesh,Rajgarh
2017-10-12,Soyabean,Biaora,1902.0,2840.0,2410.0,Madhya Pradesh,Rajgarh
2017-10-13,Soyabean,Biaora,1850.0,2880.0,2490.0,Madhya Pradesh,Rajgarh
2017-10-14,Soyabean,Biaora,2110.0,2820.0,2450.0,Madhya Pradesh,Rajgarh
2017-10-16,Soyabean,Biaora,2000.0,2750.0,2350.0,Madhya Pradesh,Rajgarh
2017-10-22,Soyabean,Biaora,1800.0,2775.0,2350.0,Madhya Pradesh,Rajgarh
2017-10-24,Soyabean,Biaora,2000.0,2645.0,2360.0,Madhya Pradesh,Rajgarh
2017-10-25,Soyabean,Biaora,1780.0,2595.0,2340.0,Madhya Pradesh,Rajgarh
2017-10-28,Soyabean,Biaora,1750.0,2635.0,2360.0,Madhya Pradesh,Rajgarh
2017-11-01,Soyabean,Biaora,1945.0,2770.0,2560.0,Madhya Pradesh,Rajgarh
2017-11-02,Soyabean,Biaora,1800.0,2690.0,2360.0,Madhya Pradesh,Rajgarh
2017-11-03,Soyabean,Biaora,2005.0,2700.0,2350.0,Madhya Pradesh,Rajgarh
2017-11-08,Soyabean,Biaora,1865.0,2620.0,2250.0,Madhya Pradesh,Rajgarh
2017-11-10,Soyabean,Biaora,1900.0,2625.0,2350.0,Madhya Pradesh,Rajgarh
2017-11-11,Soyabean,Biaora,1800.0,2640.0,2350.0,Madhya Pradesh,Rajgarh
2017-11-14,Soyabean,Biaora,1900.0,2600.0,2250.0,Madhya Pradesh,Rajgarh
2017-11-15,Soyabean,Biaora,1815.0,2605.0,2200.0,Madhya Pradesh,Rajgarh
2017-11-16,Soyabean,Biaora,1800.0,2605.0,2300.0,Madhya Pradesh,Rajgarh
2017-11-17,Soyabean,Biaora,1960.0,2615.0,2200.0,Madhya Pradesh,Rajgarh
2017-11-19,Soyabean,Biaora,2015.0,2715.0,2250.0,Madhya Pradesh,Rajgarh
2017-11-21,Soyabean,Biaora,2150.0,2695.0,2450.0,Madhya Pradesh,Rajgarh
2017-11-22,Soyabean,Biaora,1800.0,2725.0,2450.0,Madhya Pradesh,Rajgarh
2017-11-23,Soyabean,Biaora,2000.0,2780.0,2400.0,Madhya Pradesh,Rajgarh
2017-11-24,Soyabean,Biaora,1800.0,2805.0,2410.0,Madhya Pradesh,Rajgarh
2017-11-25,Soyabean,Biaora,2200.0,2840.0,2490.0,Madhya Pradesh,Rajgarh
2017-11-28,Soyabean,Biaora,2200.0,2870.0,2490.0,Madhya Pradesh,Rajgarh
2017-11-29,Soyabean,Biaora,2160.0,2840.0,2460.0,Madhya Pradesh,Rajgarh
2017-11-30,Soyabean,Biaora,2000.0,2820.0,2450.0,Madhya Pradesh,Rajgarh
2017-12-01,Soyabean,Biaora,2410.0,2885.0,2690.0,Madhya Pradesh,Rajgarh
2017-12-03,Soyabean,Biaora,2250.0,2915.0,2560.0,Madhya Pradesh,Rajgarh
2017-12-05,Soyabean,Biaora,2200.0,3015.0,2640.0,Madhya Pradesh,Rajgarh
2017-12-06,Soyabean,Biaora,1930.0,3000.0,2640.0,Madhya Pradesh,Rajgarh
2017-12-07,Soyabean,Biaora,2250.0,3035.0,2570.0,Madhya Pradesh,Rajgarh
2017-12-09,Soyabean,Biaora,2390.0,2990.0,2560.0,Madhya Pradesh,Rajgarh
2017-12-12,Soyabean,Biaora,2250.0,2950.0,2540.0,Madhya Pradesh,Rajgarh
2017-12-13,Soyabean,Biaora,2205.0,2945.0,2460.0,Madhya Pradesh,Rajgarh
2017-12-14,Soyabean,Biaora,2115.0,3005.0,2560.0,Madhya Pradesh,Rajgarh
2017-12-15,Soyabean,Biaora,2305.0,2930.0,2560.0,Madhya Pradesh,Rajgarh
2017-12-16,Soyabean,Biaora,2010.0,2995.0,2680.0,Madhya Pradesh,Rajgarh
2017-12-19,Soyabean,Biaora,2350.0,3075.0,2560.0,Madhya Pradesh,Rajgarh
2017-12-20,Soyabean,Biaora,2270.0,3135.0,2590.0,Madhya Pradesh,Rajgarh
2017-12-22,Soyabean,Biaora,2335.0,3085.0,2640.0,Madhya Pradesh,Rajgarh
2017-12-27,Soyabean,Biaora,2503.0,3190.0,2850.0,Madhya Pradesh,Rajgarh
2017-12-28,Soyabean,Biaora,2400.0,3095.0,2750.0,Madhya Pradesh,Rajgarh
2017-12-29,Soyabean,Biaora,2320.0,3160.0,2750.0,Madhya Pradesh,Rajgarh
2017-12-31,Soyabean,Biaora,2200.0,3045.0,2560.0,Madhya Pradesh,Rajgarh
2018-01-03,Soyabean,Biaora,2100.0,3100.0,2560.0,Madhya Pradesh,Rajgarh
2018-01-04,Soyabean,Biaora,2570.0,3220.0,3110.0,Madhya Pradesh,Rajgarh
2018-01-06,Soyabean,Biaora,2580.0,3245.0,3120.0,Madhya Pradesh,Rajgarh
2018-01-07,Soyabean,Biaora,2800.0,3230.0,3110.0,Madhya Pradesh,Rajgarh
2018-01-09,Soyabean,Biaora,2695.0,3245.0,2940.0,Madhya Pradesh,Rajgarh
2018-01-12,Soyabean,Biaora,2770.0,3255.0,2960.0,Madhya Pradesh,Rajgarh
2018-01-13,Soyabean,Biaora,2895.0,3300.0,2960.0,Madhya Pradesh,Rajgarh
2018-01-17,Soyabean,Biaora,2520.0,3395.0,2980.0,Madhya Pradesh,Rajgarh
2018-01-18,Soyabean,Biaora,2795.0,3380.0,2940.0,Madhya Pradesh,Rajgarh
2018-01-19,Soyabean,Biaora,2670.0,3385.0,2980.0,Madhya Pradesh,Rajgarh
2018-01-20,Soyabean,Biaora,2800.0,3390.0,3050.0,Madhya Pradesh,Rajgarh
2018-01-21,Soyabean,Biaora,2735.0,3400.0,2960.0,Madhya Pradesh,Rajgarh
2018-01-23,Soyabean,Biaora,2900.0,3470.0,3210.0,Madhya Pradesh,Rajgarh
2018-01-24,Soyabean,Biaora,2810.0,3540.0,3260.0,Madhya Pradesh,Rajgarh
2018-01-25,Soyabean,Biaora,2650.0,3665.0,3210.0,Madhya Pradesh,Rajgarh
2018-01-27,Soyabean,Biaora,3000.0,3675.0,3420.0,Madhya Pradesh,Rajgarh
2018-01-30,Soyabean,Biaora,3000.0,3740.0,3420.0,Madhya Pradesh,Rajgarh
2018-02-01,Soyabean,Biaora,3000.0,3720.0,3420.0,Madhya Pradesh,Rajgarh
2018-02-02,Soyabean,Biaora,3100.0,3675.0,3410.0,Madhya Pradesh,Rajgarh
2018-02-03,Soyabean,Biaora,3060.0,3600.0,3360.0,Madhya Pradesh,Rajgarh
2018-02-08,Soyabean,Biaora,2400.0,3595.0,3120.0,Madhya Pradesh,Rajgarh
2018-02-09,Soyabean,Biaora,3000.0,3680.0,3350.0,Madhya Pradesh,Rajgarh
2018-02-10,Soyabean,Biaora,3105.0,3720.0,3350.0,Madhya Pradesh,Rajgarh
2018-02-13,Soyabean,Biaora,2625.0,3730.0,3360.0,Madhya Pradesh,Rajgarh
2018-02-20,Soyabean,Biaora,3075.0,3710.0,3410.0,Madhya Pradesh,Rajgarh
2018-02-21,Soyabean,Biaora,3260.0,3730.0,3460.0,Madhya Pradesh,Rajgarh
2018-02-22,Soyabean,Biaora,3305.0,3720.0,3590.0,Madhya Pradesh,Rajgarh
2018-02-23,Soyabean,Biaora,3210.0,3640.0,3390.0,Madhya Pradesh,Rajgarh
2018-02-24,Soyabean,Biaora,3090.0,3675.0,3345.0,Madhya Pradesh,Rajgarh
2018-02-27,Soyabean,Biaora,3240.0,3670.0,3360.0,Madhya Pradesh,Rajgarh
2018-02-28,Soyabean,Biaora,3345.0,3655.0,3410.0,Madhya Pradesh,Rajgarh
2018-03-01,Soyabean,Biaora,3410.0,3725.0,3650.0,Madhya Pradesh,Rajgarh
2018-03-04,Soyabean,Biaora,3255.0,3765.0,3505.0,Madhya Pradesh,Rajgarh
2018-03-07,Soyabean,Biaora,3285.0,3750.0,3450.0,Madhya Pradesh,Rajgarh
2018-03-08,Soyabean,Biaora,3180.0,3555.0,3340.0,Madhya Pradesh,Rajgarh
2018-03-09,Soyabean,Biaora,3100.0,3635.0,3420.0,Madhya Pradesh,Rajgarh
2018-03-10,Soyabean,Biaora,3205.0,3635.0,3450.0,Madhya Pradesh,Rajgarh
2018-03-15,Soyabean,Biaora,2970.0,3610.0,3410.0,Madhya Pradesh,Rajgarh
2018-03-16,Soyabean,Biaora,3050.0,3640.0,3410.0,Madhya Pradesh,Rajgarh
2018-03-21,Soyabean,Biaora,3265.0,3550.0,3410.0,Madhya Pradesh,Rajgarh
2018-03-22,Soyabean,Biaora,2965.0,3675.0,3350.0,Madhya Pradesh,Rajgarh
2018-03-23,Soyabean,Biaora,3115.0,3655.0,3340.0,Madhya Pradesh,Rajgarh
2018-03-24,Soyabean,Biaora,3100.0,3595.0,3350.0,Madhya Pradesh,Rajgarh
2018-03-27,Soyabean,Biaora,2980.0,3580.0,3250.0,Madhya Pradesh,Rajgarh
2018-03-28,Soyabean,Biaora,3365.0,3565.0,3420.0,Madhya Pradesh,Rajgarh
2018-04-03,Soyabean,Biaora,3395.0,3775.0,3590.0,Madhya Pradesh,Rajgarh
2018-04-04,Soyabean,Biaora,3190.0,3755.0,3410.0,Madhya Pradesh,Rajgarh
2018-04-05,Soyabean,Biaora,3050.0,3685.0,3340.0,Madhya Pradesh,Rajgarh
2018-04-06,Soyabean,Biaora,2630.0,3710.0,3450.0,Madhya Pradesh,Rajgarh
2018-04-07,Soyabean,Biaora,3225.0,3695.0,3250.0,Madhya Pradesh,Rajgarh
2018-04-08,Soyabean,Biaora,3205.0,3720.0,3410.0,Madhya Pradesh,Rajgarh
2018-04-10,Soyabean,Biaora,3200.0,3670.0,3420.0,Madhya Pradesh,Rajgarh
2018-04-11,Soyabean,Biaora,3485.0,3745.0,3610.0,Madhya Pradesh,Rajgarh
2018-04-12,Soyabean,Biaora,3350.0,3695.0,3460.0,Madhya Pradesh,Rajgarh
2018-04-13,Soyabean,Biaora,3490.0,3740.0,3590.0,Madhya Pradesh,Rajgarh
2018-04-17,Soyabean,Biaora,3140.0,3490.0,3240.0,Madhya Pradesh,Rajgarh
2018-04-19,Soyabean,Biaora,3325.0,3595.0,3370.0,Madhya Pradesh,Rajgarh
2018-04-20,Soyabean,Biaora,3280.0,3650.0,3410.0,Madhya Pradesh,Rajgarh
2018-04-21,Soyabean,Biaora,3245.0,3640.0,3410.0,Madhya Pradesh,Rajgarh
2018-04-22,Soyabean,Biaora,3185.0,3615.0,3410.0,Madhya Pradesh,Rajgarh
2018-04-25,Soyabean,Biaora,3175.0,3560.0,3340.0,Madhya Pradesh,Rajgarh
2018-04-26,Soyabean,Biaora,3175.0,3630.0,3350.0,Madhya Pradesh,Rajgarh
2018-04-27,Soyabean,Biaora,3395.0,3605.0,3525.0,Madhya Pradesh,Rajgarh
2018-04-28,Soyabean,Biaora,3100.0,3575.0,3420.0,Madhya Pradesh,Rajgarh
2018-05-04,Soyabean,Biaora,3290.0,3610.0,3420.0,Madhya Pradesh,Rajgarh
2018-05-05,Soyabean,Biaora,3240.0,3570.0,3420.0,Madhya Pradesh,Rajgarh
2018-05-09,Soyabean,Biaora,3195.0,3570.0,3380.0,Madhya Pradesh,Rajgarh
2018-05-10,Soyabean,Biaora,3360.0,3640.0,3480.0,Madhya Pradesh,Rajgarh
2018-05-11,Soyabean,Biaora,3300.0,3570.0,3450.0,Madhya Pradesh,Rajgarh
2018-05-12,Soyabean,Biaora,3260.0,3595.0,3410.0,Madhya Pradesh,Rajgarh
2018-05-16,Soyabean,Biaora,3290.0,3700.0,3460.0,Madhya Pradesh,Rajgarh
2018-05-17,Soyabean,Biaora,3285.0,3680.0,3460.0,Madhya Pradesh,Rajgarh
2018-05-18,Soyabean,Biaora,3310.0,3645.0,3410.0,Madhya Pradesh,Rajgarh
2018-05-19,Soyabean,Biaora,3355.0,3695.0,3390.0,Madhya Pradesh,Rajgarh
2018-05-20,Soyabean,Biaora,3295.0,3625.0,3420.0,Madhya Pradesh,Rajgarh
2018-05-22,Soyabean,Biaora,3325.0,3645.0,3490.0,Madhya Pradesh,Rajgarh
2018-05-23,Soyabean,Biaora,3410.0,3690.0,3560.0,Madhya Pradesh,Rajgarh
2018-05-31,Soyabean,Biaora,3150.0,3445.0,3320.0,Madhya Pradesh,Rajgarh
2018-06-01,Soyabean,Biaora,3245.0,3595.0,3360.0,Madhya Pradesh,Rajgarh
2018-06-02,Soyabean,Biaora,3105.0,3475.0,3225.0,Madhya Pradesh,Rajgarh
2018-06-03,Soyabean,Biaora,3455.0,3455.0,3455.0,Madhya Pradesh,Rajgarh
2018-06-14,Soyabean,Biaora,3245.0,3485.0,3365.0,Madhya Pradesh,Rajgarh
2018-06-15,Soyabean,Biaora,3245.0,3450.0,3350.0,Madhya Pradesh,Rajgarh
2018-06-17,Soyabean,Biaora,3275.0,3520.0,3380.0,Madhya Pradesh,Rajgarh
2018-06-19,Soyabean,Biaora,3230.0,3550.0,3360.0,Madhya Pradesh,Rajgarh
2018-06-26,Soyabean,Biaora,3075.0,3805.0,3490.0,Madhya Pradesh,Rajgarh
2018-06-27,Soyabean,Biaora,3105.0,3810.0,3460.0,Madhya Pradesh,Rajgarh
2018-06-28,Soyabean,Biaora,3180.0,3395.0,3240.0,Madhya Pradesh,Rajgarh
2018-06-30,Soyabean,Biaora,3005.0,3475.0,3240.0,Madhya Pradesh,Rajgarh
2018-07-01,Soyabean,Biaora,2990.0,3440.0,3210.0,Madhya Pradesh,Rajgarh
2018-07-03,Soyabean,Biaora,3220.0,3800.0,3480.0,Madhya Pradesh,Rajgarh
2018-07-04,Soyabean,Biaora,3155.0,3475.0,3280.0,Madhya Pradesh,Rajgarh
2018-07-05,Soyabean,Biaora,3240.0,3445.0,3380.0,Madhya Pradesh,Rajgarh
2018-07-06,Soyabean,Biaora,3180.0,3425.0,3210.0,Madhya Pradesh,Rajgarh
2018-07-07,Soyabean,Biaora,3295.0,3445.0,3345.0,Madhya Pradesh,Rajgarh
2018-07-10,Soyabean,Biaora,3210.0,3460.0,3340.0,Madhya Pradesh,Rajgarh
2018-07-11,Soyabean,Biaora,2885.0,3435.0,3240.0,Madhya Pradesh,Rajgarh
2018-07-12,Soyabean,Biaora,3185.0,3450.0,3250.0,Madhya Pradesh,Rajgarh
2018-07-14,Soyabean,Biaora,3015.0,3395.0,3170.0,Madhya Pradesh,Rajgarh
2018-07-18,Soyabean,Biaora,3055.0,3385.0,3180.0,Madhya Pradesh,Rajgarh
2018-07-19,Soyabean,Biaora,3140.0,3395.0,3240.0,Madhya Pradesh,Rajgarh
2018-07-20,Soyabean,Biaora,2905.0,3415.0,3210.0,Madhya Pradesh,Rajgarh
2018-07-31,Soyabean,Biaora,2915.0,3390.0,3160.0,Madhya Pradesh,Rajgarh
2018-08-01,Soyabean,Biaora,3145.0,3385.0,3280.0,Madhya Pradesh,Rajgarh
2018-08-02,Soyabean,Biaora,3075.0,3390.0,3180.0,Madhya Pradesh,Rajgarh
2018-08-03,Soyabean,Biaora,2900.0,3385.0,3150.0,Madhya Pradesh,Rajgarh
2018-08-04,Soyabean,Biaora,2865.0,3350.0,3120.0,Madhya Pradesh,Rajgarh
2018-08-05,Soyabean,Biaora,2955.0,3340.0,3180.0,Madhya Pradesh,Rajgarh
2018-08-07,Soyabean,Biaora,3080.0,3355.0,3180.0,Madhya Pradesh,Rajgarh
2018-08-08,Soyabean,Biaora,3045.0,3360.0,3140.0,Madhya Pradesh,Rajgarh
2018-08-09,Soyabean,Biaora,3095.0,3290.0,3150.0,Madhya Pradesh,Rajgarh
2018-08-10,Soyabean,Biaora,3005.0,3310.0,3180.0,Madhya Pradesh,Rajgarh
2018-08-14,Soyabean,Biaora,2980.0,3275.0,3110.0,Madhya Pradesh,Rajgarh
2018-08-18,Soyabean,Biaora,2900.0,3280.0,3140.0,Madhya Pradesh,Rajgarh
2018-08-19,Soyabean,Biaora,2760.0,3285.0,3020.0,Madhya Pradesh,Rajgarh
2018-08-21,Soyabean,Biaora,2805.0,3210.0,3040.0,Madhya Pradesh,Rajgarh
2018-08-23,Soyabean,Biaora,3040.0,3265.0,3140.0,Madhya Pradesh,Rajgarh
2018-08-24,Soyabean,Biaora,2930.0,3205.0,3080.0,Madhya Pradesh,Rajgarh
2018-08-28,Soyabean,Biaora,2805.0,3100.0,2950.0,Madhya Pradesh,Rajgarh
2018-08-29,Soyabean,Biaora,2975.0,3070.0,3000.0,Madhya Pradesh,Rajgarh
2018-08-30,Soyabean,Biaora,2800.0,3170.0,3040.0,Madhya Pradesh,Rajgarh
2018-08-31,Soyabean,Biaora,2870.0,3120.0,2980.0,Madhya Pradesh,Rajgarh
2018-09-01,Soyabean,Biaora,2850.0,3125.0,3025.0,Madhya Pradesh,Rajgarh
2018-09-02,Soyabean,Biaora,2670.0,3045.0,2880.0,Madhya Pradesh,Rajgarh
2018-09-11,Soyabean,Biaora,2900.0,3105.0,3000.0,Madhya Pradesh,Rajgarh
2018-09-12,Soyabean,Biaora,2885.0,3200.0,3140.0,Madhya Pradesh,Rajgarh
2018-09-14,Soyabean,Biaora,2895.0,3140.0,3020.0,Madhya Pradesh,Rajgarh
2018-09-15,Soyabean,Biaora,2965.0,3200.0,3120.0,Madhya Pradesh,Rajgarh
2018-09-16,Soyabean,Biaora,2895.0,3110.0,2980.0,Madhya Pradesh,Rajgarh
2018-09-18,Soyabean,Biaora,2980.0,3490.0,3240.0,Madhya Pradesh,Rajgarh
2018-09-19,Soyabean,Biaora,2930.0,3265.0,3110.0,Madhya Pradesh,Rajgarh
2018-09-22,Soyabean,Biaora,3090.0,3185.0,3140.0,Madhya Pradesh,Rajgarh
2018-09-25,Soyabean,Biaora,3015.0,3170.0,3100.0,Madhya Pradesh,Rajgarh
2018-09-26,Soyabean,Biaora,2811.0,3190.0,2950.0,Madhya Pradesh,Rajgarh
2018-09-27,Soyabean,Biaora,2935.0,3150.0,3040.0,Madhya Pradesh,Rajgarh
2018-09-29,Soyabean,Biaora,2740.0,2975.0,2850.0,Madhya Pradesh,Rajgarh
2018-10-03,Soyabean,Biaora,2655.0,3025.0,2870.0,Madhya Pradesh,Rajgarh
2018-10-04,Soyabean,Biaora,2600.0,3085.0,2800.0,Madhya Pradesh,Rajgarh
2018-10-05,Soyabean,Biaora,2685.0,3015.0,2840.0,Madhya Pradesh,Rajgarh
2018-10-06,Soyabean,Biaora,2750.0,2995.0,2870.0,Madhya Pradesh,Rajgarh
2018-10-07,Soyabean,Biaora,2675.0,3015.0,2850.0,Madhya Pradesh,Rajgarh
2018-10-11,Soyabean,Biaora,2690.0,3035.0,2810.0,Madhya Pradesh,Rajgarh
2018-10-12,Soyabean,Biaora,2640.0,3030.0,2780.0,Madhya Pradesh,Rajgarh
2018-10-13,Soyabean,Biaora,2885.0,3090.0,3010.0,Madhya Pradesh,Rajgarh
2018-10-16,Soyabean,Biaora,2975.0,3210.0,3120.0,Madhya Pradesh,Rajgarh
2018-10-20,Soyabean,Biaora,1830.0,3150.0,2580.0,Madhya Pradesh,Rajgarh
2018-10-21,Soyabean,Biaora,2700.0,3020.0,2950.0,Madhya Pradesh,Rajgarh
2018-10-24,Soyabean,Biaora,2830.0,3040.0,2970.0,Madhya Pradesh,Rajgarh
2018-10-25,Soyabean,Biaora,2855.0,3075.0,2940.0,Madhya Pradesh,Rajgarh
2018-10-26,Soyabean,Biaora,2910.0,3080.0,2990.0,Madhya Pradesh,Rajgarh
2018-10-27,Soyabean,Biaora,2900.0,3055.0,3000.0,Madhya Pradesh,Rajgarh
2018-10-31,Soyabean,Biaora,2925.0,3120.0,3040.0,Madhya Pradesh,Rajgarh
2018-11-01,Soyabean,Biaora,2950.0,3065.0,3010.0,Madhya Pradesh,Rajgarh
2018-11-02,Soyabean,Biaora,2960.0,3095.0,3040.0,Madhya Pradesh,Rajgarh
2018-11-03,Soyabean,Biaora,2965.0,3130.0,3070.0,Madhya Pradesh,Rajgarh
2018-11-11,Soyabean,Biaora,2955.0,3141.0,3050.0,Madhya Pradesh,Rajgarh
2018-11-13,Soyabean,Biaora,3085.0,3225.0,3140.0,Madhya Pradesh,Rajgarh
2018-11-14,Soyabean,Biaora,2950.0,3165.0,3040.0,Madhya Pradesh,Rajgarh
2018-11-15,Soyabean,Biaora,2940.0,3160.0,3040.0,Madhya Pradesh,Rajgarh
2018-11-16,Soyabean,Biaora,2980.0,3165.0,3040.0,Madhya Pradesh,Rajgarh
2018-11-17,Soyabean,Biaora,3025.0,3190.0,3110.0,Madhya Pradesh,Rajgarh
2018-11-18,Soyabean,Biaora,3025.0,3220.0,3120.0,Madhya Pradesh,Rajgarh
2018-11-20,Soyabean,Biaora,3090.0,3225.0,3120.0,Madhya Pradesh,Rajgarh
2018-11-22,Soyabean,Biaora,3110.0,3210.0,3170.0,Madhya Pradesh,Rajgarh
2018-11-24,Soyabean,Biaora,3125.0,3250.0,3190.0,Madhya Pradesh,Rajgarh
2018-11-30,Soyabean,Biaora,3105.0,3245.0,3190.0,Madhya Pradesh,Rajgarh
2018-12-01,Soyabean,Biaora,3085.0,3230.0,3150.0,Madhya Pradesh,Rajgarh
2018-12-04,Soyabean,Biaora,3055.0,3205.0,3140.0,Madhya Pradesh,Rajgarh
2018-12-05,Soyabean,Biaora,3065.0,3215.0,3140.0,Madhya Pradesh,Rajgarh
2018-12-06,Soyabean,Biaora,3040.0,3200.0,3140.0,Madhya Pradesh,Rajgarh
2018-12-12,Soyabean,Biaora,3025.0,3240.0,3140.0,Madhya Pradesh,Rajgarh
2018-12-13,Soyabean,Biaora,3065.0,3275.0,3150.0,Madhya Pradesh,Rajgarh
2018-12-14,Soyabean,Biaora,3055.0,3285.0,3140.0,Madhya Pradesh,Rajgarh
2018-12-16,Soyabean,Biaora,3045.0,3280.0,3120.0,Madhya Pradesh,Rajgarh
2018-12-18,Soyabean,Biaora,3095.0,3275.0,3170.0,Madhya Pradesh,Rajgarh
2018-12-19,Soyabean,Biaora,3050.0,3270.0,3140.0,Madhya Pradesh,Rajgarh
2018-12-20,Soyabean,Biaora,3090.0,3265.0,3140.0,Madhya Pradesh,Rajgarh
2018-12-21,Soyabean,Biaora,3075.0,3305.0,3150.0,Madhya Pradesh,Rajgarh
2018-12-26,Soyabean,Biaora,3070.0,3250.0,3160.0,Madhya Pradesh,Rajgarh
2018-12-27,Soyabean,Biaora,3085.0,3270.0,3160.0,Madhya Pradesh,Rajgarh
2018-12-28,Soyabean,Biaora,3050.0,3260.0,3140.0,Madhya Pradesh,Rajgarh
2018-12-29,Soyabean,Biaora,3070.0,3275.0,3140.0,Madhya Pradesh,Rajgarh
2018-12-30,Soyabean,Biaora,3045.0,3260.0,3140.0,Madhya Pradesh,Rajgarh
2019-01-01,Soyabean,Biaora,3085.0,3290.0,3140.0,Madhya Pradesh,Rajgarh
2019-01-02,Soyabean,Biaora,3195.0,3365.0,3240.0,Madhya Pradesh,Rajgarh
2019-01-03,Soyabean,Biaora,3125.0,3390.0,3240.0,Madhya Pradesh,Rajgarh
2019-01-04,Soyabean,Biaora,3090.0,3340.0,3180.0,Madhya Pradesh,Rajgarh
2019-01-06,Soyabean,Biaora,3275.0,3330.0,3310.0,Madhya Pradesh,Rajgarh
2019-01-08,Soyabean,Biaora,3270.0,3390.0,3340.0,Madhya Pradesh,Rajgarh
2019-01-09,Soyabean,Biaora,3335.0,3445.0,3410.0,Madhya Pradesh,Rajgarh
2019-01-10,Soyabean,Biaora,3190.0,3415.0,3350.0,Madhya Pradesh,Rajgarh
2019-01-11,Soyabean,Biaora,3265.0,3425.0,3340.0,Madhya Pradesh,Rajgarh
2019-01-12,Soyabean,Biaora,3255.0,3435.0,3340.0,Madhya Pradesh,Rajgarh
2019-01-16,Soyabean,Biaora,3310.0,3505.0,3470.0,Madhya Pradesh,Rajgarh
2019-01-17,Soyabean,Biaora,3285.0,3540.0,3370.0,Madhya Pradesh,Rajgarh
2019-01-18,Soyabean,Biaora,3495.0,3565.0,3510.0,Madhya Pradesh,Rajgarh
2019-01-19,Soyabean,Biaora,3520.0,3660.0,3580.0,Madhya Pradesh,Rajgarh
2019-01-22,Soyabean,Biaora,3515.0,3740.0,3640.0,Madhya Pradesh,Rajgarh
2019-01-23,Soyabean,Biaora,3525.0,3815.0,3680.0,Madhya Pradesh,Rajgarh
2019-01-24,Soyabean,Biaora,3570.0,3765.0,3680.0,Madhya Pradesh,Rajgarh
2019-01-29,Soyabean,Biaora,3610.0,3885.0,3740.0,Madhya Pradesh,Rajgarh
2019-01-30,Soyabean,Biaora,3370.0,3835.0,3570.0,Madhya Pradesh,Rajgarh
2019-01-31,Soyabean,Biaora,3490.0,3815.0,3645.0,Madhya Pradesh,Rajgarh
2019-02-01,Soyabean,Biaora,3565.0,3750.0,3640.0,Madhya Pradesh,Rajgarh
2019-02-02,Soyabean,Biaora,3490.0,3745.0,3610.0,Madhya Pradesh,Rajgarh
2019-02-03,Soyabean,Biaora,3460.0,3755.0,3580.0,Madhya Pradesh,Rajgarh
2019-02-05,Soyabean,Biaora,3545.0,3750.0,3640.0,Madhya Pradesh,Rajgarh
2019-02-06,Soyabean,Biaora,3625.0,3740.0,3680.0,Madhya Pradesh,Rajgarh
2019-02-07,Soyabean,Biaora,3565.0,3720.0,3640.0,Madhya Pradesh,Rajgarh
2019-02-08,Soyabean,Biaora,3525.0,3710.0,3610.0,Madhya Pradesh,Rajgarh
2019-02-09,Soyabean,Biaora,3575.0,3730.0,3640.0,Madhya Pradesh,Rajgarh
2019-02-12,Soyabean,Biaora,3255.0,3680.0,3420.0,Madhya Pradesh,Rajgarh
2019-02-13,Soyabean,Biaora,3570.0,3640.0,3610.0,Madhya Pradesh,Rajgarh
2019-02-14,Soyabean,Biaora,3550.0,3690.0,3620.0,Madhya Pradesh,Rajgarh
2019-02-15,Soyabean,Biaora,3575.0,3690.0,3610.0,Madhya Pradesh,Rajgarh
2019-02-17,Soyabean,Biaora,3540.0,3665.0,3600.0,Madhya Pradesh,Rajgarh
2019-02-20,Soyabean,Biaora,3470.0,3780.0,3550.0,Madhya Pradesh,Rajgarh
2019-02-21,Soyabean,Biaora,3560.0,3765.0,3640.0,Madhya Pradesh,Rajgarh
2019-02-22,Soyabean,Biaora,3545.0,3750.0,3650.0,Madhya Pradesh,Rajgarh
2019-02-27,Soyabean,Biaora,3370.0,3610.0,3520.0,Madhya Pradesh,Rajgarh
2019-03-01,Soyabean,Biaora,3445.0,3575.0,3500.0,Madhya Pradesh,Rajgarh
2019-03-02,Soyabean,Biaora,3470.0,3560.0,3520.0,Madhya Pradesh,Rajgarh
2019-03-03,Soyabean,Biaora,3470.0,3595.0,3520.0,Madhya Pradesh,Rajgarh
2019-03-05,Soyabean,Biaora,3485.0,3635.0,3550.0,Madhya Pradesh,Rajgarh
2019-03-07,Soyabean,Biaora,3510.0,3640.0,3580.0,Madhya Pradesh,Rajgarh
2019-03-08,Soyabean,Biaora,3470.0,3625.0,3540.0,Madhya Pradesh,Rajgarh
2019-03-09,Soyabean,Biaora,3400.0,3595.0,3540.0,Madhya Pradesh,Rajgarh
2019-03-12,Soyabean,Biaora,3480.0,3790.0,3580.0,Madhya Pradesh,Rajgarh
2019-03-13,Soyabean,Biaora,3470.0,3550.0,3500.0,Madhya Pradesh,Rajgarh
2019-03-14,Soyabean,Biaora,3445.0,3550.0,3510.0,Madhya Pradesh,Rajgarh
2019-03-15,Soyabean,Biaora,3435.0,3620.0,3520.0,Madhya Pradesh,Rajgarh
2019-03-16,Soyabean,Biaora,3440.0,3560.0,3510.0,Madhya Pradesh,Rajgarh
2019-03-17,Soyabean,Biaora,3440.0,3520.0,3480.0,Madhya Pradesh,Rajgarh
2019-03-19,Soyabean,Biaora,3425.0,3560.0,3510.0,Madhya Pradesh,Rajgarh
2019-03-20,Soyabean,Biaora,3450.0,3540.0,3510.0,Madhya Pradesh,Rajgarh
2019-03-23,Soyabean,Biaora,3450.0,3600.0,3540.0,Madhya Pradesh,Rajgarh
2019-03-26,Soyabean,Biaora,3475.0,3620.0,3540.0,Madhya Pradesh,Rajgarh
2019-03-27,Soyabean,Biaora,3465.0,3615.0,3540.0,Madhya Pradesh,Rajgarh
2019-03-28,Soyabean,Biaora,3445.0,3600.0,3540.0,Madhya Pradesh,Rajgarh
2019-04-04,Soyabean,Biaora,3450.0,3645.0,3540.0,Madhya Pradesh,Rajgarh
2019-04-07,Soyabean,Biaora,3505.0,3625.0,3540.0,Madhya Pradesh,Rajgarh
2019-04-16,Soyabean,Biaora,3550.0,3620.0,3580.0,Madhya Pradesh,Rajgarh
2019-04-20,Soyabean,Biaora,3520.0,3600.0,3580.0,Madhya Pradesh,Rajgarh
2019-04-21,Soyabean,Biaora,3490.0,3565.0,3520.0,Madhya Pradesh,Rajgarh
2019-04-23,Soyabean,Biaora,3495.0,3605.0,3540.0,Madhya Pradesh,Rajgarh
2019-04-26,Soyabean,Biaora,1703.0,1831.0,1770.0,Madhya Pradesh,Rajgarh
2019-04-30,Soyabean,Biaora,3500.0,3600.0,3550.0,Madhya Pradesh,Rajgarh
2019-05-02,Soyabean,Biaora,3550.0,3640.0,3610.0,Madhya Pradesh,Rajgarh
2019-05-03,Soyabean,Biaora,3475.0,3605.0,3510.0,Madhya Pradesh,Rajgarh
2019-05-05,Soyabean,Biaora,3440.0,3545.0,3480.0,Madhya Pradesh,Rajgarh
2019-05-08,Soyabean,Biaora,3470.0,3565.0,3510.0,Madhya Pradesh,Rajgarh
2019-05-09,Soyabean,Biaora,3520.0,3675.0,3580.0,Madhya Pradesh,Rajgarh
2019-05-14,Soyabean,Biaora,3550.0,3625.0,3580.0,Madhya Pradesh,Rajgarh
2019-05-19,Soyabean,Biaora,3570.0,3675.0,3610.0,Madhya Pradesh,Rajgarh
2019-05-21,Soyabean,Biaora,3540.0,3655.0,3600.0,Madhya Pradesh,Rajgarh
2019-05-22,Soyabean,Biaora,3545.0,3620.0,3590.0,Madhya Pradesh,Rajgarh
2019-05-24,Soyabean,Biaora,3570.0,3665.0,3600.0,Madhya Pradesh,Rajgarh
2019-05-28,Soyabean,Biaora,3575.0,3680.0,3600.0,Madhya Pradesh,Rajgarh
2019-05-29,Soyabean,Biaora,3580.0,3630.0,3600.0,Madhya Pradesh,Rajgarh
2019-05-30,Soyabean,Biaora,3590.0,3680.0,3640.0,Madhya Pradesh,Rajgarh
2019-05-31,Soyabean,Biaora,3545.0,3660.0,3600.0,Madhya Pradesh,Rajgarh
2019-06-01,Soyabean,Biaora,3535.0,3675.0,3610.0,Madhya Pradesh,Rajgarh
2019-06-02,Soyabean,Biaora,3550.0,3665.0,3610.0,Madhya Pradesh,Rajgarh
2019-06-04,Soyabean,Biaora,3560.0,3630.0,3600.0,Madhya Pradesh,Rajgarh
2019-06-06,Soyabean,Biaora,3570.0,3635.0,3600.0,Madhya Pradesh,Rajgarh
2019-06-07,Soyabean,Biaora,3580.0,3675.0,3610.0,Madhya Pradesh,Rajgarh
2019-06-08,Soyabean,Biaora,3560.0,3630.0,3595.0,Madhya Pradesh,Rajgarh
2019-06-11,Soyabean,Biaora,3555.0,3640.0,3600.0,Madhya Pradesh,Rajgarh
2019-06-12,Soyabean,Biaora,3530.0,3600.0,3560.0,Madhya Pradesh,Rajgarh
2019-06-13,Soyabean,Biaora,3545.0,3655.0,3550.0,Madhya Pradesh,Rajgarh
2019-06-14,Soyabean,Biaora,3530.0,3645.0,3590.0,Madhya Pradesh,Rajgarh
2019-06-15,Soyabean,Biaora,3530.0,3675.0,3580.0,Madhya Pradesh,Rajgarh
2019-06-16,Soyabean,Biaora,3535.0,3660.0,3600.0,Madhya Pradesh,Rajgarh
2019-06-18,Soyabean,Biaora,3560.0,3630.0,3600.0,Madhya Pradesh,Rajgarh
2019-06-19,Soyabean,Biaora,3540.0,3625.0,3600.0,Madhya Pradesh,Rajgarh
2019-06-20,Soyabean,Biaora,3570.0,3670.0,3620.0,Madhya Pradesh,Rajgarh
2019-06-22,Soyabean,Biaora,3550.0,3615.0,3580.0,Madhya Pradesh,Rajgarh
2019-06-25,Soyabean,Biaora,3450.0,3565.0,3510.0,Madhya Pradesh,Rajgarh
2019-06-26,Soyabean,Biaora,3460.0,3585.0,3540.0,Madhya Pradesh,Rajgarh
2019-06-27,Soyabean,Biaora,3470.0,3610.0,3540.0,Madhya Pradesh,Rajgarh
2019-06-28,Soyabean,Biaora,3465.0,3605.0,3540.0,Madhya Pradesh,Rajgarh
2019-06-29,Soyabean,Biaora,3450.0,3610.0,3540.0,Madhya Pradesh,Rajgarh
2019-06-30,Soyabean,Biaora,3470.0,3620.0,3520.0,Madhya Pradesh,Rajgarh
2019-07-03,Soyabean,Biaora,3400.0,3550.0,3510.0,Madhya Pradesh,Rajgarh
2019-07-04,Soyabean,Biaora,3430.0,3555.0,3510.0,Madhya Pradesh,Rajgarh
2019-07-05,Soyabean,Biaora,3450.0,3560.0,3520.0,Madhya Pradesh,Rajgarh
2019-07-06,Soyabean,Biaora,3445.0,3540.0,3510.0,Madhya Pradesh,Rajgarh
2019-07-07,Soyabean,Biaora,3370.0,3500.0,3420.0,Madhya Pradesh,Rajgarh
2019-07-09,Soyabean,Biaora,3290.0,3415.0,3340.0,Madhya Pradesh,Rajgarh
2019-07-10,Soyabean,Biaora,3340.0,3415.0,3380.0,Madhya Pradesh,Rajgarh
2019-07-11,Soyabean,Biaora,3350.0,3476.0,3400.0,Madhya Pradesh,Rajgarh
2019-07-12,Soyabean,Biaora,3330.0,3490.0,3420.0,Madhya Pradesh,Rajgarh
2019-07-17,Soyabean,Biaora,3400.0,3555.0,3480.0,Madhya Pradesh,Rajgarh
2019-07-18,Soyabean,Biaora,3410.0,3560.0,3480.0,Madhya Pradesh,Rajgarh
2019-07-19,Soyabean,Biaora,3350.0,3510.0,3420.0,Madhya Pradesh,Rajgarh
2019-07-20,Soyabean,Biaora,3400.0,3520.0,3450.0,Madhya Pradesh,Rajgarh
2019-07-21,Soyabean,Biaora,3250.0,3490.0,3340.0,Madhya Pradesh,Rajgarh
2019-07-23,Soyabean,Biaora,3440.0,3515.0,3480.0,Madhya Pradesh,Rajgarh
2019-07-24,Soyabean,Biaora,3445.0,3510.0,3480.0,Madhya Pradesh,Rajgarh
2019-07-25,Soyabean,Biaora,900.0,1000.0,950.0,Madhya Pradesh,Rajgarh
2019-07-26,Soyabean,Biaora,3405.0,3515.0,3450.0,Madhya Pradesh,Rajgarh
2019-07-27,Soyabean,Biaora,3450.0,3510.0,3480.0,Madhya Pradesh,Rajgarh
2019-07-30,Soyabean,Biaora,3350.0,3475.0,3410.0,Madhya Pradesh,Rajgarh
2019-07-31,Soyabean,Biaora,3365.0,3470.0,3410.0,Madhya Pradesh,Rajgarh
2019-08-02,Soyabean,Biaora,3350.0,3480.0,3450.0,Madhya Pradesh,Rajgarh
2019-08-03,Soyabean,Biaora,3355.0,3485.0,3420.0,Madhya Pradesh,Rajgarh
2019-08-04,Soyabean,Biaora,3355.0,3465.0,3420.0,Madhya Pradesh,Rajgarh
2019-08-06,Soyabean,Biaora,3360.0,3470.0,3420.0,Madhya Pradesh,Rajgarh
2019-08-07,Soyabean,Biaora,3370.0,3485.0,3470.0,Madhya Pradesh,Rajgarh
2019-08-08,Soyabean,Biaora,3380.0,3510.0,3480.0,Madhya Pradesh,Rajgarh
2019-08-10,Soyabean,Biaora,3455.0,3540.0,3510.0,Madhya Pradesh,Rajgarh
2019-08-13,Soyabean,Biaora,3430.0,3540.0,3490.0,Madhya Pradesh,Rajgarh
2019-08-14,Soyabean,Biaora,3445.0,3535.0,3490.0,Madhya Pradesh,Rajgarh
2019-08-17,Soyabean,Biaora,3465.0,3530.0,3490.0,Madhya Pradesh,Rajgarh
2019-08-18,Soyabean,Biaora,3480.0,3590.0,3540.0,Madhya Pradesh,Rajgarh
2019-08-20,Soyabean,Biaora,3475.0,3560.0,3490.0,Madhya Pradesh,Rajgarh
2019-08-21,Soyabean,Biaora,3480.0,3605.0,3540.0,Madhya Pradesh,Rajgarh
2019-08-22,Soyabean,Biaora,3460.0,3620.0,3540.0,Madhya Pradesh,Rajgarh
2019-08-24,Soyabean,Biaora,3250.0,3560.0,3380.0,Madhya Pradesh,Rajgarh
2019-08-27,Soyabean,Biaora,3400.0,3670.0,3570.0,Madhya Pradesh,Rajgarh
2019-08-28,Soyabean,Biaora,3390.0,3665.0,3490.0,Madhya Pradesh,Rajgarh
2019-08-30,Soyabean,Biaora,3500.0,3720.0,3610.0,Madhya Pradesh,Rajgarh
2019-09-19,Soyabean,Biaora,3350.0,3805.0,3570.0,Madhya Pradesh,Rajgarh
2019-09-20,Soyabean,Biaora,3570.0,3850.0,3680.0,Madhya Pradesh,Rajgarh
2019-09-21,Soyabean,Biaora,3580.0,3900.0,3760.0,Madhya Pradesh,Rajgarh
2019-09-22,Soyabean,Biaora,3550.0,3855.0,3650.0,Madhya Pradesh,Rajgarh
2019-09-24,Soyabean,Biaora,3700.0,4000.0,3850.0,Madhya Pradesh,Rajgarh
2019-09-26,Soyabean,Biaora,3610.0,4125.0,3950.0,Madhya Pradesh,Rajgarh
2019-09-27,Soyabean,Biaora,3560.0,4120.0,3800.0,Madhya Pradesh,Rajgarh
2019-10-01,Soyabean,Biaora,3605.0,4100.0,3840.0,Madhya Pradesh,Rajgarh
2019-10-03,Soyabean,Biaora,3470.0,3960.0,3540.0,Madhya Pradesh,Rajgarh
2019-10-04,Soyabean,Biaora,3480.0,3930.0,3680.0,Madhya Pradesh,Rajgarh
2019-10-09,Soyabean,Biaora,3000.0,3575.0,3320.0,Madhya Pradesh,Rajgarh
2019-10-10,Soyabean,Biaora,2500.0,3525.0,3000.0,Madhya Pradesh,Rajgarh
2019-10-11,Soyabean,Biaora,2490.0,3540.0,3020.0,Madhya Pradesh,Rajgarh
2019-10-12,Soyabean,Biaora,2505.0,3600.0,3100.0,Madhya Pradesh,Rajgarh
2019-10-15,Soyabean,Biaora,2600.0,3480.0,3040.0,Madhya Pradesh,Rajgarh
2019-10-16,Soyabean,Biaora,2430.0,3605.0,3020.0,Madhya Pradesh,Rajgarh
2019-10-18,Soyabean,Biaora,2605.0,3645.0,3020.0,Madhya Pradesh,Rajgarh
2019-10-19,Soyabean,Biaora,2700.0,3660.0,3250.0,Madhya Pradesh,Rajgarh
2019-10-20,Soyabean,Biaora,2650.0,3710.0,3350.0,Madhya Pradesh,Rajgarh
2019-10-22,Soyabean,Biaora,2510.0,3605.0,3350.0,Madhya Pradesh,Rajgarh
2019-10-23,Soyabean,Biaora,2430.0,3650.0,3350.0,Madhya Pradesh,Rajgarh
2019-10-30,Soyabean,Biaora,2450.0,3750.0,3350.0,Madhya Pradesh,Rajgarh
2019-10-31,Soyabean,Biaora,2800.0,3820.0,3450.0,Madhya Pradesh,Rajgarh
2019-11-01,Soyabean,Biaora,2610.0,3860.0,3350.0,Madhya Pradesh,Rajgarh
2019-11-02,Soyabean,Biaora,2640.0,3830.0,3450.0,Madhya Pradesh,Rajgarh
2019-11-03,Soyabean,Biaora,2720.0,3920.0,3480.0,Madhya Pradesh,Rajgarh
2019-11-05,Soyabean,Biaora,2660.0,4020.0,3360.0,Madhya Pradesh,Rajgarh
2019-11-07,Soyabean,Biaora,2705.0,4020.0,3450.0,Madhya Pradesh,Rajgarh
2019-11-15,Soyabean,Biaora,800.0,1000.0,900.0,Madhya Pradesh,Rajgarh
2019-11-17,Soyabean,Biaora,2620.0,4050.0,3350.0,Madhya Pradesh,Rajgarh
2019-11-19,Soyabean,Biaora,3000.0,3960.0,3550.0,Madhya Pradesh,Rajgarh
2019-11-20,Soyabean,Biaora,2810.0,4070.0,3380.0,Madhya Pradesh,Rajgarh
2019-11-21,Soyabean,Biaora,2730.0,4060.0,3540.0,Madhya Pradesh,Rajgarh
2019-11-22,Soyabean,Biaora,2760.0,4080.0,3450.0,Madhya Pradesh,Rajgarh
2019-11-27,Soyabean,Biaora,2510.0,4040.0,3120.0,Madhya Pradesh,Rajgarh
2019-11-28,Soyabean,Biaora,2620.0,4150.0,3520.0,Madhya Pradesh,Rajgarh
2019-11-29,Soyabean,Biaora,2735.0,4215.0,3560.0,Madhya Pradesh,Rajgarh
2019-11-30,Soyabean,Biaora,2740.0,4080.0,3580.0,Madhya Pradesh,Rajgarh
2019-12-03,Soyabean,Biaora,2625.0,4205.0,3510.0,Madhya Pradesh,Rajgarh
2019-12-04,Soyabean,Biaora,2675.0,4095.0,3450.0,Madhya Pradesh,Rajgarh
2019-12-05,Soyabean,Biaora,2530.0,3950.0,3360.0,Madhya Pradesh,Rajgarh
2019-12-06,Soyabean,Biaora,2575.0,4030.0,3450.0,Madhya Pradesh,Rajgarh
2019-12-07,Soyabean,Biaora,2605.0,4130.0,3450.0,Madhya Pradesh,Rajgarh
2019-12-11,Soyabean,Biaora,2750.0,4425.0,3450.0,Madhya Pradesh,Rajgarh
2019-12-12,Soyabean,Biaora,2810.0,4290.0,3450.0,Madhya Pradesh,Rajgarh
2019-12-13,Soyabean,Biaora,2750.0,4425.0,3460.0,Madhya Pradesh,Rajgarh
2019-12-14,Soyabean,Biaora,2590.0,4340.0,3540.0,Madhya Pradesh,Rajgarh
2019-12-17,Soyabean,Biaora,2450.0,4420.0,3450.0,Madhya Pradesh,Rajgarh
2019-12-18,Soyabean,Biaora,2705.0,4470.0,3580.0,Madhya Pradesh,Rajgarh
2019-12-19,Soyabean,Biaora,2705.0,4470.0,3450.0,Madhya Pradesh,Rajgarh
2019-12-21,Soyabean,Biaora,2650.0,4340.0,4010.0,Madhya Pradesh,Rajgarh
2019-12-22,Soyabean,Biaora,2560.0,4395.0,3580.0,Madhya Pradesh,Rajgarh
2019-12-24,Soyabean,Biaora,2540.0,4450.0,3580.0,Madhya Pradesh,Rajgarh
2019-12-27,Soyabean,Biaora,2610.0,4560.0,3580.0,Madhya Pradesh,Rajgarh
2019-12-28,Soyabean,Biaora,2460.0,4600.0,3680.0,Madhya Pradesh,Rajgarh
2019-12-31,Soyabean,Biaora,2725.0,4545.0,3650.0,Madhya Pradesh,Rajgarh
2020-01-02,Soyabean,Biaora,2640.0,4390.0,3540.0,Madhya Pradesh,Rajgarh
2020-01-03,Soyabean,Biaora,2540.0,4460.0,3570.0,Madhya Pradesh,Rajgarh
2020-01-04,Soyabean,Biaora,2440.0,4515.0,3540.0,Madhya Pradesh,Rajgarh
2020-01-07,Soyabean,Biaora,2525.0,4405.0,3450.0,Madhya Pradesh,Rajgarh
2020-01-09,Soyabean,Biaora,2450.0,4475.0,3380.0,Madhya Pradesh,Rajgarh
2020-01-10,Soyabean,Biaora,2660.0,4410.0,3540.0,Madhya Pradesh,Rajgarh
2020-01-14,Soyabean,Biaora,2825.0,4340.0,3520.0,Madhya Pradesh,Rajgarh
2020-01-16,Soyabean,Biaora,2900.0,4280.0,3450.0,Madhya Pradesh,Rajgarh
2020-01-17,Soyabean,Biaora,2725.0,4550.0,3540.0,Madhya Pradesh,Rajgarh
2020-01-18,Soyabean,Biaora,2310.0,4460.0,3450.0,Madhya Pradesh,Rajgarh
2020-01-19,Soyabean,Biaora,2615.0,4460.0,3540.0,Madhya Pradesh,Rajgarh
2020-01-21,Soyabean,Biaora,2440.0,4425.0,3580.0,Madhya Pradesh,Rajgarh
2020-01-22,Soyabean,Biaora,2550.0,4505.0,3540.0,Madhya Pradesh,Rajgarh
2020-01-23,Soyabean,Biaora,2715.0,4560.0,3540.0,Madhya Pradesh,Rajgarh
2020-01-25,Soyabean,Biaora,2440.0,4425.0,3540.0,Madhya Pradesh,Rajgarh
2020-01-28,Soyabean,Biaora,2540.0,4270.0,3580.0,Madhya Pradesh,Rajgarh
2020-01-29,Soyabean,Biaora,3530.0,4340.0,3940.0,Madhya Pradesh,Rajgarh
2020-01-31,Soyabean,Biaora,3650.0,4345.0,4020.0,Madhya Pradesh,Rajgarh
2020-02-04,Soyabean,Biaora,2575.0,4290.0,3540.0,Madhya Pradesh,Rajgarh
2020-02-08,Soyabean,Biaora,2370.0,4220.0,3580.0,Madhya Pradesh,Rajgarh
2020-02-11,Soyabean,Biaora,2615.0,4345.0,3680.0,Madhya Pradesh,Rajgarh
2020-02-12,Soyabean,Biaora,2575.0,4280.0,3570.0,Madhya Pradesh,Rajgarh
2020-02-13,Soyabean,Biaora,2285.0,4230.0,3680.0,Madhya Pradesh,Rajgarh
2020-02-14,Soyabean,Biaora,2425.0,4200.0,3580.0,Madhya Pradesh,Rajgarh
2020-02-15,Soyabean,Biaora,2490.0,4185.0,3850.0,Madhya Pradesh,Rajgarh
2020-02-16,Soyabean,Biaora,2610.0,4325.0,3580.0,Madhya Pradesh,Rajgarh
2020-02-18,Soyabean,Biaora,2370.0,3890.0,3480.0,Madhya Pradesh,Rajgarh
2020-02-20,Soyabean,Biaora,2070.0,3920.0,3540.0,Madhya Pradesh,Rajgarh
2020-02-25,Soyabean,Biaora,2715.0,3920.0,3570.0,Madhya Pradesh,Rajgarh
2020-02-26,Soyabean,Biaora,2565.0,3890.0,3380.0,Madhya Pradesh,Rajgarh
2020-02-29,Soyabean,Biaora,2920.0,3700.0,3480.0,Madhya Pradesh,Rajgarh
2020-03-03,Soyabean,Biaora,3450.0,3700.0,3580.0,Madhya Pradesh,Rajgarh
2020-03-04,Soyabean,Biaora,2340.0,3805.0,3450.0,Madhya Pradesh,Rajgarh
2020-03-05,Soyabean,Biaora,3050.0,3820.0,3480.0,Madhya Pradesh,Rajgarh
2020-03-07,Soyabean,Biaora,2540.0,3725.0,3410.0,Madhya Pradesh,Rajgarh
2020-03-18,Soyabean,Biaora,3000.0,3300.0,3150.0,Madhya Pradesh,Rajgarh
2020-03-19,Soyabean,Biaora,2725.0,3335.0,3140.0,Madhya Pradesh,Rajgarh
2020-03-20,Soyabean,Biaora,3110.0,3305.0,3210.0,Madhya Pradesh,Rajgarh
2020-05-13,Soyabean,Biaora,3450.0,3600.0,3540.0,Madhya Pradesh,Rajgarh
2020-05-14,Soyabean,Biaora,3300.0,3600.0,3450.0,Madhya Pradesh,Rajgarh
2020-05-15,Soyabean,Biaora,3400.0,3640.0,3520.0,Madhya Pradesh,Rajgarh
2020-05-16,Soyabean,Biaora,3460.0,3610.0,3530.0,Madhya Pradesh,Rajgarh
2020-05-19,Soyabean,Biaora,3440.0,3570.0,3510.0,Madhya Pradesh,Rajgarh
2020-05-21,Soyabean,Biaora,3460.0,3590.0,3510.0,Madhya Pradesh,Rajgarh
2020-05-27,Soyabean,Biaora,3500.0,3770.0,3640.0,Madhya Pradesh,Rajgarh
2020-06-02,Soyabean,Biaora,3615.0,4040.0,3820.0,Madhya Pradesh,Rajgarh
2020-06-03,Soyabean,Biaora,3490.0,3740.0,3580.0,Madhya Pradesh,Rajgarh
2020-06-09,Soyabean,Biaora,3570.0,4280.0,3850.0,Madhya Pradesh,Rajgarh
2020-06-11,Soyabean,Biaora,3465.0,4260.0,4000.0,Madhya Pradesh,Rajgarh
2020-06-12,Soyabean,Biaora,3480.0,4420.0,4020.0,Madhya Pradesh,Rajgarh
2020-06-18,Soyabean,Biaora,3530.0,4000.0,3840.0,Madhya Pradesh,Rajgarh
2020-06-24,Soyabean,Biaora,3520.0,4110.0,3840.0,Madhya Pradesh,Rajgarh
2020-07-14,Soyabean,Biaora,3235.0,3540.0,3370.0,Madhya Pradesh,Rajgarh
2020-07-18,Soyabean,Biaora,3340.0,3645.0,3540.0,Madhya Pradesh,Rajgarh
2020-07-22,Soyabean,Biaora,3590.0,3680.0,3620.0,Madhya Pradesh,Rajgarh
2020-07-23,Soyabean,Biaora,3250.0,3710.0,3410.0,Madhya Pradesh,Rajgarh
2020-07-24,Soyabean,Biaora,3315.0,3710.0,3510.0,Madhya Pradesh,Rajgarh
2020-07-25,Soyabean,Biaora,3290.0,3705.0,3420.0,Madhya Pradesh,Rajgarh
2020-07-28,Soyabean,Biaora,3410.0,3715.0,3570.0,Madhya Pradesh,Rajgarh
2020-08-06,Soyabean,Biaora,3340.0,3685.0,3480.0,Madhya Pradesh,Rajgarh
2020-08-07,Soyabean,Biaora,3465.0,3715.0,3520.0,Madhya Pradesh,Rajgarh
2020-08-08,Soyabean,Biaora,3390.0,3665.0,3480.0,Madhya Pradesh,Rajgarh
2020-08-18,Soyabean,Biaora,3430.0,3705.0,3580.0,Madhya Pradesh,Rajgarh
2020-08-25,Soyabean,Biaora,3320.0,3760.0,3520.0,Madhya Pradesh,Rajgarh
2020-08-26,Soyabean,Biaora,3360.0,3760.0,3580.0,Madhya Pradesh,Rajgarh
2020-09-09,Soyabean,Biaora,3300.0,3645.0,3450.0,Madhya Pradesh,Rajgarh
2020-09-10,Soyabean,Biaora,3000.0,3635.0,3420.0,Madhya Pradesh,Rajgarh
2020-09-11,Soyabean,Biaora,3050.0,3645.0,3300.0,Madhya Pradesh,Rajgarh
2020-10-07,Soyabean,Biaora,2940.0,3775.0,3420.0,Madhya Pradesh,Rajgarh
2020-10-09,Soyabean,Biaora,3105.0,4200.0,3580.0,Madhya Pradesh,Rajgarh
2020-10-10,Soyabean,Biaora,3040.0,4260.0,3520.0,Madhya Pradesh,Rajgarh
2020-10-13,Soyabean,Biaora,1370.0,1480.0,1450.0,Madhya Pradesh,Rajgarh
2020-10-14,Soyabean,Biaora,2975.0,4065.0,3510.0,Madhya Pradesh,Rajgarh
2020-10-18,Soyabean,Biaora,2760.0,4010.0,3510.0,Madhya Pradesh,Rajgarh
2020-10-20,Soyabean,Biaora,2590.0,4175.0,3580.0,Madhya Pradesh,Rajgarh
2020-10-21,Soyabean,Biaora,3110.0,4400.0,3500.0,Madhya Pradesh,Rajgarh
2020-10-22,Soyabean,Biaora,2835.0,4375.0,3520.0,Madhya Pradesh,Rajgarh
2020-10-27,Soyabean,Biaora,2685.0,4340.0,3520.0,Madhya Pradesh,Rajgarh
2020-10-28,Soyabean,Biaora,2835.0,4350.0,3450.0,Madhya Pradesh,Rajgarh
2020-11-05,Soyabean,Biaora,2785.0,4540.0,3180.0,Madhya Pradesh,Rajgarh
2020-11-06,Soyabean,Biaora,3440.0,4600.0,4020.0,Madhya Pradesh,Rajgarh
2020-11-07,Soyabean,Biaora,3105.0,4380.0,3850.0,Madhya Pradesh,Rajgarh
2020-11-08,Soyabean,Biaora,3010.0,4475.0,3680.0,Madhya Pradesh,Rajgarh
2020-11-10,Soyabean,Biaora,3090.0,4335.0,4120.0,Madhya Pradesh,Rajgarh
2020-11-18,Soyabean,Biaora,3980.0,4651.0,4320.0,Madhya Pradesh,Rajgarh
2020-11-19,Soyabean,Biaora,3445.0,4660.0,4010.0,Madhya Pradesh,Rajgarh
2020-11-20,Soyabean,Biaora,3645.0,4480.0,4010.0,Madhya Pradesh,Rajgarh
2020-11-22,Soyabean,Biaora,3565.0,4400.0,4120.0,Madhya Pradesh,Rajgarh
2020-11-24,Soyabean,Biaora,3605.0,4310.0,3910.0,Madhya Pradesh,Rajgarh
2020-11-26,Soyabean,Biaora,3620.0,4330.0,4010.0,Madhya Pradesh,Rajgarh
2020-11-27,Soyabean,Biaora,3430.0,4400.0,3850.0,Madhya Pradesh,Rajgarh
2020-12-04,Soyabean,Biaora,3375.0,4320.0,3890.0,Madhya Pradesh,Rajgarh
2020-12-08,Soyabean,Biaora,3270.0,4190.0,3520.0,Madhya Pradesh,Rajgarh
2020-12-17,Soyabean,Biaora,3270.0,4440.0,3580.0,Madhya Pradesh,Rajgarh
2020-12-24,Soyabean,Biaora,3515.0,4460.0,4100.0,Madhya Pradesh,Rajgarh
2020-12-29,Soyabean,Biaora,3125.0,4410.0,3820.0,Madhya Pradesh,Rajgarh
2020-12-31,Soyabean,Biaora,3365.0,4470.0,3850.0,Madhya Pradesh,Rajgarh
2021-01-03,Soyabean,Biaora,3510.0,4605.0,3950.0,Madhya Pradesh,Rajgarh
2021-01-05,Soyabean,Biaora,3370.0,4620.0,3850.0,Madhya Pradesh,Rajgarh
2021-01-06,Soyabean,Biaora,3505.0,4660.0,3940.0,Madhya Pradesh,Rajgarh
2021-01-07,Soyabean,Biaora,900.0,1200.0,1050.0,Madhya Pradesh,Rajgarh
2021-01-12,Soyabean,Biaora,3280.0,4670.0,4020.0,Madhya Pradesh,Rajgarh
2021-01-15,Soyabean,Biaora,3510.0,4610.0,4010.0,Madhya Pradesh,Rajgarh
2021-01-17,Soyabean,Biaora,3445.0,4880.0,4050.0,Madhya Pradesh,Rajgarh
2021-01-19,Soyabean,Biaora,3430.0,4900.0,3820.0,Madhya Pradesh,Rajgarh
2021-01-20,Soyabean,Biaora,3390.0,4610.0,3980.0,Madhya Pradesh,Rajgarh
2021-01-22,Soyabean,Biaora,3280.0,4520.0,4050.0,Madhya Pradesh,Rajgarh
2021-01-29,Soyabean,Biaora,3355.0,4540.0,3850.0,Madhya Pradesh,Rajgarh
2021-01-30,Soyabean,Biaora,3100.0,4565.0,3850.0,Madhya Pradesh,Rajgarh
2021-02-05,Soyabean,Biaora,3275.0,4670.0,3840.0,Madhya Pradesh,Rajgarh
2021-02-06,Soyabean,Biaora,3330.0,4705.0,4050.0,Madhya Pradesh,Rajgarh
2021-02-07,Soyabean,Biaora,3290.0,4700.0,4120.0,Madhya Pradesh,Rajgarh
2021-02-09,Soyabean,Biaora,3545.0,4755.0,4020.0,Madhya Pradesh,Rajgarh
2021-02-10,Soyabean,Biaora,3190.0,4560.0,3840.0,Madhya Pradesh,Rajgarh
2021-02-13,Soyabean,Biaora,3445.0,4660.0,3850.0,Madhya Pradesh,Rajgarh
2021-02-19,Soyabean,Biaora,4200.0,5015.0,4580.0,Madhya Pradesh,Rajgarh
2021-02-20,Soyabean,Biaora,3805.0,4930.0,4510.0,Madhya Pradesh,Rajgarh
2021-03-02,Soyabean,Biaora,4705.0,5080.0,4850.0,Madhya Pradesh,Rajgarh
2021-03-09,Soyabean,Biaora,4420.0,5190.0,4680.0,Madhya Pradesh,Rajgarh
2021-04-04,Soyabean,Biaora,4490.0,6150.0,5020.0,Madhya Pradesh,Rajgarh
2021-06-03,Soyabean,Biaora,5580.0,7300.0,6350.0,Madhya Pradesh,Rajgarh
2021-06-09,Soyabean,Biaora,5460.0,7340.0,6120.0,Madhya Pradesh,Rajgarh
2021-06-26,Soyabean,Biaora,5270.0,7070.0,6150.0,Madhya Pradesh,Rajgarh
2021-07-07,Soyabean,Biaora,5025.0,7405.0,6450.0,Madhya Pradesh,Rajgarh
2021-07-08,Soyabean,Biaora,5110.0,7425.0,6580.0,Madhya Pradesh,Rajgarh
2021-07-15,Soyabean,Biaora,5290.0,7660.0,6205.0,Madhya Pradesh,Rajgarh
2021-07-16,Soyabean,Biaora,5260.0,7885.0,6540.0,Madhya Pradesh,Rajgarh
2021-07-22,Soyabean,Biaora,6240.0,8650.0,7250.0,Madhya Pradesh,Rajgarh
2021-08-10,Soyabean,Biaora,5615.0,9120.0,7420.0,Madhya Pradesh,Rajgarh
2021-08-14,Soyabean,Biaora,5110.0,8600.0,7400.0,Madhya Pradesh,Rajgarh
2021-08-28,Soyabean,Biaora,6580.0,8480.0,7540.0,Madhya Pradesh,Rajgarh
2022-01-25,Soyabean,Biaora,5510.0,6610.0,6060.0,Madhya Pradesh,Rajgarh
2022-01-29,Soyabean,Biaora,4000.0,6490.0,5245.0,Madhya Pradesh,Rajgarh
2022-02-02,Soyabean,Biaora,5705.0,6515.0,6110.0,Madhya Pradesh,Rajgarh
2022-02-03,Soyabean,Biaora,3660.0,6530.0,5095.0,Madhya Pradesh,Rajgarh
2022-02-04,Soyabean,Biaora,3295.0,6410.0,4855.0,Madhya Pradesh,Rajgarh
2022-02-08,Soyabean,Biaora,3690.0,6620.0,5155.0,Madhya Pradesh,Rajgarh
2022-02-09,Soyabean,Biaora,3570.0,6590.0,5065.0,Madhya Pradesh,Rajgarh
2022-02-10,Soyabean,Biaora,3815.0,6705.0,5260.0,Madhya Pradesh,Rajgarh
2022-02-11,Soyabean,Biaora,3705.0,6690.0,5195.0,Madhya Pradesh,Rajgarh
2022-02-15,Soyabean,Biaora,3820.0,6730.0,5275.0,Madhya Pradesh,Rajgarh
2022-02-19,Soyabean,Biaora,3490.0,7005.0,5245.0,Madhya Pradesh,Rajgarh
2022-02-20,Soyabean,Biaora,3810.0,7140.0,5475.0,Madhya Pradesh,Rajgarh
2022-02-22,Soyabean,Biaora,4000.0,7210.0,5605.0,Madhya Pradesh,Rajgarh
2022-02-23,Soyabean,Biaora,3765.0,7420.0,5595.0,Madhya Pradesh,Rajgarh
2022-02-24,Soyabean,Biaora,3820.0,7715.0,5765.0,Madhya Pradesh,Rajgarh
2022-02-25,Soyabean,Biaora,4005.0,7640.0,5825.0,Madhya Pradesh,Rajgarh
2022-03-03,Soyabean,Biaora,3990.0,7700.0,5845.0,Madhya Pradesh,Rajgarh
2022-03-04,Soyabean,Biaora,3840.0,7560.0,5700.0,Madhya Pradesh,Rajgarh
2022-03-05,Soyabean,Biaora,4590.0,7405.0,5995.0,Madhya Pradesh,Rajgarh
2022-03-06,Soyabean,Biaora,5500.0,7410.0,6455.0,Madhya Pradesh,Rajgarh
2022-03-09,Soyabean,Biaora,5580.0,7610.0,6595.0,Madhya Pradesh,Rajgarh
2022-03-10,Soyabean,Biaora,5570.0,7605.0,6590.0,Madhya Pradesh,Rajgarh
2022-03-11,Soyabean,Biaora,5270.0,7725.0,6500.0,Madhya Pradesh,Rajgarh
2022-03-12,Soyabean,Biaora,6000.0,7500.0,6750.0,Madhya Pradesh,Rajgarh
2022-03-23,Soyabean,Biaora,4880.0,7290.0,7290.0,Madhya Pradesh,Rajgarh
2022-03-24,Soyabean,Biaora,5390.0,7480.0,6435.0,Madhya Pradesh,Rajgarh
2022-04-19,Soyabean,Biaora,5890.0,7540.0,6715.0,Madhya Pradesh,Rajgarh
2022-04-20,Soyabean,Biaora,5890.0,7540.0,6715.0,Madhya Pradesh,Rajgarh
2022-04-21,Soyabean,Biaora,6000.0,7480.0,6710.0,Madhya Pradesh,Rajgarh
2022-04-22,Soyabean,Biaora,5370.0,7450.0,6410.0,Madhya Pradesh,Rajgarh
2022-04-23,Soyabean,Biaora,5735.0,7340.0,6537.0,Madhya Pradesh,Rajgarh
2022-04-27,Soyabean,Biaora,4990.0,7310.0,6150.0,Madhya Pradesh,Rajgarh
2022-04-28,Soyabean,Biaora,5120.0,7190.0,6155.0,Madhya Pradesh,Rajgarh
2022-05-04,Soyabean,Biaora,6105.0,6800.0,6450.0,Madhya Pradesh,Rajgarh
2022-05-06,Soyabean,Biaora,4840.0,6900.0,5870.0,Madhya Pradesh,Rajgarh
2022-05-07,Soyabean,Biaora,5600.0,7100.0,6350.0,Madhya Pradesh,Rajgarh
2022-05-08,Soyabean,Biaora,4750.0,6580.0,5665.0,Madhya Pradesh,Rajgarh
2022-05-10,Soyabean,Biaora,5390.0,7200.0,6295.0,Madhya Pradesh,Rajgarh
2022-05-11,Soyabean,Biaora,5500.0,7300.0,6400.0,Madhya Pradesh,Rajgarh
2022-05-20,Soyabean,Biaora,6005.0,6960.0,6480.0,Madhya Pradesh,Rajgarh
2022-05-21,Soyabean,Biaora,5000.0,6940.0,5970.0,Madhya Pradesh,Rajgarh
2022-05-22,Soyabean,Biaora,5170.0,6760.0,5965.0,Madhya Pradesh,Rajgarh
2022-05-25,Soyabean,Biaora,5313.0,6950.0,6135.0,Madhya Pradesh,Rajgarh
2022-05-26,Soyabean,Biaora,5405.0,6530.0,5967.0,Madhya Pradesh,Rajgarh
2022-05-28,Soyabean,Biaora,5910.0,6690.0,6300.0,Madhya Pradesh,Rajgarh
2022-05-31,Soyabean,Biaora,5500.0,6575.0,6035.0,Madhya Pradesh,Rajgarh
2022-06-01,Soyabean,Biaora,4395.0,6520.0,5456.0,Madhya Pradesh,Rajgarh
2022-06-02,Soyabean,Biaora,5315.0,6300.0,5845.0,Madhya Pradesh,Rajgarh
2022-06-07,Soyabean,Biaora,5490.0,6780.0,6135.0,Madhya Pradesh,Rajgarh
2022-06-08,Soyabean,Biaora,5610.0,6940.0,6275.0,Madhya Pradesh,Rajgarh
2022-06-09,Soyabean,Biaora,5520.0,7230.0,6375.0,Madhya Pradesh,Rajgarh
2022-06-11,Soyabean,Biaora,5830.0,6515.0,6515.0,Madhya Pradesh,Rajgarh
2022-06-14,Soyabean,Biaora,5705.0,6620.0,6170.0,Madhya Pradesh,Rajgarh
2022-06-17,Soyabean,Biaora,5500.0,6000.0,5750.0,Madhya Pradesh,Rajgarh
2022-06-18,Soyabean,Biaora,5260.0,6320.0,5790.0,Madhya Pradesh,Rajgarh
2022-06-19,Soyabean,Biaora,5270.0,6580.0,5925.0,Madhya Pradesh,Rajgarh
2022-06-20,Soyabean,Biaora,5270.0,6580.0,5925.0,Madhya Pradesh,Rajgarh
2022-06-21,Soyabean,Biaora,5320.0,5750.0,5475.0,Madhya Pradesh,Rajgarh
2022-06-22,Soyabean,Biaora,5405.0,6370.0,5890.0,Madhya Pradesh,Rajgarh
2022-07-12,Soyabean,Biaora,5380.0,6290.0,5835.0,Madhya Pradesh,Rajgarh
2022-07-14,Soyabean,Biaora,4780.0,6130.0,5455.0,Madhya Pradesh,Rajgarh
2022-07-17,Soyabean,Biaora,4655.0,6150.0,5405.0,Madhya Pradesh,Rajgarh
2022-07-20,Soyabean,Biaora,5270.0,6055.0,5660.0,Madhya Pradesh,Rajgarh
2022-07-21,Soyabean,Biaora,5160.0,6030.0,5595.0,Madhya Pradesh,Rajgarh
2022-07-26,Soyabean,Biaora,5325.0,6140.0,5730.0,Madhya Pradesh,Rajgarh
2022-07-27,Soyabean,Biaora,4995.0,6130.0,5560.0,Madhya Pradesh,Rajgarh
2022-07-31,Soyabean,Biaora,5710.0,6320.0,6015.0,Madhya Pradesh,Rajgarh
2022-08-03,Soyabean,Biaora,4840.0,6120.0,5480.0,Madhya Pradesh,Rajgarh
2022-08-04,Soyabean,Biaora,5100.0,6040.0,5570.0,Madhya Pradesh,Rajgarh
2022-08-05,Soyabean,Biaora,4955.0,6140.0,5545.0,Madhya Pradesh,Rajgarh
2022-08-17,Soyabean,Biaora,4860.0,6180.0,5520.0,Madhya Pradesh,Rajgarh
2022-08-18,Soyabean,Biaora,5005.0,6060.0,5530.0,Madhya Pradesh,Rajgarh
2022-08-23,Soyabean,Biaora,4670.0,5855.0,5260.0,Madhya Pradesh,Rajgarh
2022-08-24,Soyabean,Biaora,5165.0,5930.0,5545.0,Madhya Pradesh,Rajgarh
2022-08-30,Soyabean,Biaora,4500.0,4920.0,4920.0,Madhya Pradesh,Rajgarh
2022-09-01,Soyabean,Biaora,4560.0,5400.0,4980.0,Madhya Pradesh,Rajgarh
2022-09-03,Soyabean,Biaora,4205.0,5210.0,4705.0,Madhya Pradesh,Rajgarh
2022-09-07,Soyabean,Biaora,4180.0,5120.0,4650.0,Madhya Pradesh,Rajgarh
2022-09-10,Soyabean,Biaora,4105.0,4950.0,4525.0,Madhya Pradesh,Rajgarh
2022-09-13,Soyabean,Biaora,4000.0,5100.0,4550.0,Madhya Pradesh,Rajgarh
2022-09-14,Soyabean,Biaora,4160.0,5205.0,4680.0,Madhya Pradesh,Rajgarh
2022-09-15,Soyabean,Biaora,4310.0,5280.0,4795.0,Madhya Pradesh,Rajgarh
2022-09-17,Soyabean,Biaora,4300.0,5225.0,4760.0,Madhya Pradesh,Rajgarh
2022-09-21,Soyabean,Biaora,4315.0,5070.0,4690.0,Madhya Pradesh,Rajgarh
2022-09-22,Soyabean,Biaora,4155.0,5050.0,4600.0,Madhya Pradesh,Rajgarh
2022-09-27,Soyabean,Biaora,3490.0,4910.0,4200.0,Madhya Pradesh,Rajgarh
2022-10-06,Soyabean,Biaora,3710.0,4825.0,4265.0,Madhya Pradesh,Rajgarh
2022-10-08,Soyabean,Biaora,3800.0,4790.0,4300.0,Madhya Pradesh,Rajgarh
2022-10-11,Soyabean,Biaora,3560.0,4910.0,4235.0,Madhya Pradesh,Rajgarh
2022-10-12,Soyabean,Biaora,3180.0,4840.0,4010.0,Madhya Pradesh,Rajgarh
2022-10-14,Soyabean,Biaora,3615.0,5100.0,4355.0,Madhya Pradesh,Rajgarh
2022-10-15,Soyabean,Biaora,3545.0,5180.0,4360.0,Madhya Pradesh,Rajgarh
2022-10-18,Soyabean,Biaora,3600.0,4930.0,4265.0,Madhya Pradesh,Rajgarh
2022-10-28,Soyabean,Biaora,3545.0,4398.0,4398.0,Madhya Pradesh,Rajgarh
2022-10-29,Soyabean,Biaora,3700.0,5235.0,4465.0,Madhya Pradesh,Rajgarh
2022-10-30,Soyabean,Biaora,3290.0,5160.0,4225.0,Madhya Pradesh,Rajgarh
2022-11-01,Soyabean,Biaora,3310.0,5230.0,4270.0,Madhya Pradesh,Rajgarh
2022-11-02,Soyabean,Biaora,3850.0,5410.0,4630.0,Madhya Pradesh,Rajgarh
2022-11-03,Soyabean,Biaora,3680.0,5460.0,4570.0,Madhya Pradesh,Rajgarh
2022-11-05,Soyabean,Biaora,3805.0,5715.0,4760.0,Madhya Pradesh,Rajgarh
2022-11-09,Soyabean,Biaora,3615.0,4615.0,4615.0,Madhya Pradesh,Rajgarh
2022-11-10,Soyabean,Biaora,3800.0,5500.0,4650.0,Madhya Pradesh,Rajgarh
2022-11-11,Soyabean,Biaora,4005.0,5620.0,4810.0,Madhya Pradesh,Rajgarh
2022-11-16,Soyabean,Biaora,3915.0,5610.0,4760.0,Madhya Pradesh,Rajgarh
2022-11-17,Soyabean,Biaora,3810.0,5308.0,4595.0,Madhya Pradesh,Rajgarh
2022-11-19,Soyabean,Biaora,4115.0,5570.0,4840.0,Madhya Pradesh,Rajgarh
2022-11-20,Soyabean,Biaora,3820.0,5560.0,4690.0,Madhya Pradesh,Rajgarh
2022-11-22,Soyabean,Biaora,3650.0,5560.0,4605.0,Madhya Pradesh,Rajgarh
2022-11-24,Soyabean,Biaora,3370.0,5455.0,4410.0,Madhya Pradesh,Rajgarh
2022-11-25,Soyabean,Biaora,3250.0,5380.0,4315.0,Madhya Pradesh,Rajgarh
2022-11-26,Soyabean,Biaora,3600.0,5500.0,4500.0,Madhya Pradesh,Rajgarh
2022-12-01,Soyabean,Biaora,3500.0,5340.0,4020.0,Madhya Pradesh,Rajgarh
2022-12-03,Soyabean,Biaora,3820.0,5350.0,4585.0,Madhya Pradesh,Rajgarh
2022-12-07,Soyabean,Biaora,3180.0,5330.0,4555.0,Madhya Pradesh,Rajgarh
2022-12-13,Soyabean,Biaora,3460.0,5355.0,4405.0,Madhya Pradesh,Rajgarh
2022-12-15,Soyabean,Biaora,3705.0,5390.0,4545.0,Madhya Pradesh,Rajgarh
2022-12-17,Soyabean,Biaora,4100.0,4365.0,4230.0,Madhya Pradesh,Rajgarh
2022-12-18,Soyabean,Biaora,3810.0,5500.0,4655.0,Madhya Pradesh,Rajgarh
2022-12-28,Soyabean,Biaora,3705.0,5470.0,4585.0,Madhya Pradesh,Rajgarh
2022-12-29,Soyabean,Biaora,3970.0,4240.0,4105.0,Madhya Pradesh,Rajgarh
2023-01-04,Soyabean,Biaora,3840.0,5630.0,4735.0,Madhya Pradesh,Rajgarh
2023-01-05,Soyabean,Biaora,3670.0,5580.0,4625.0,Madhya Pradesh,Rajgarh
2023-01-07,Soyabean,Biaora,3750.0,5590.0,4670.0,Madhya Pradesh,Rajgarh
2023-01-18,Soyabean,Biaora,4350.0,5455.0,4900.0,Madhya Pradesh,Rajgarh
2023-01-27,Soyabean,Biaora,3740.0,5330.0,4535.0,Madhya Pradesh,Rajgarh
2023-01-28,Soyabean,Biaora,3605.0,5370.0,4485.0,Madhya Pradesh,Rajgarh
2023-01-31,Soyabean,Biaora,3490.0,5495.0,4490.0,Madhya Pradesh,Rajgarh
2023-02-01,Soyabean,Biaora,4870.0,5360.0,5115.0,Madhya Pradesh,Rajgarh
2023-02-04,Soyabean,Biaora,3910.0,5365.0,4635.0,Madhya Pradesh,Rajgarh
2023-02-07,Soyabean,Biaora,4940.0,5360.0,5150.0,Madhya Pradesh,Rajgarh
2023-02-09,Soyabean,Biaora,3810.0,5360.0,4585.0,Madhya Pradesh,Rajgarh
2023-02-11,Soyabean,Biaora,4915.0,5480.0,5195.0,Madhya Pradesh,Rajgarh
2023-02-21,Soyabean,Biaora,4840.0,5390.0,5115.0,Madhya Pradesh,Rajgarh
2023-03-01,Soyabean,Biaora,4390.0,5260.0,4825.0,Madhya Pradesh,Rajgarh
2023-03-03,Soyabean,Biaora,4495.0,5190.0,4843.0,Madhya Pradesh,Rajgarh
2023-03-04,Soyabean,Biaora,4450.0,5120.0,4785.0,Madhya Pradesh,Rajgarh
2023-03-10,Soyabean,Biaora,4520.0,5290.0,4905.0,Madhya Pradesh,Rajgarh
2023-03-14,Soyabean,Biaora,4710.0,5150.0,4930.0,Madhya Pradesh,Rajgarh
2023-03-24,Soyabean,Biaora,4780.0,5120.0,4950.0,Madhya Pradesh,Rajgarh
2023-04-08,Soyabean,Biaora,5000.0,5200.0,5100.0,Madhya Pradesh,Rajgarh
2023-04-12,Soyabean,Biaora,5000.0,5400.0,5200.0,Madhya Pradesh,Rajgarh
2023-04-13,Soyabean,Biaora,5020.0,5370.0,5195.0,Madhya Pradesh,Rajgarh
2023-04-18,Soyabean,Biaora,5005.0,5290.0,5148.0,Madhya Pradesh,Rajgarh
2023-04-19,Soyabean,Biaora,4890.0,5200.0,5045.0,Madhya Pradesh,Rajgarh
2023-04-27,Soyabean,Biaora,4400.0,4830.0,4615.0,Madhya Pradesh,Rajgarh
2023-04-29,Soyabean,Biaora,4605.0,4999.0,4798.0,Madhya Pradesh,Rajgarh
2023-05-12,Soyabean,Biaora,4730.0,5220.0,4975.0,Madhya Pradesh,Rajgarh
2023-05-16,Soyabean,Biaora,4520.0,5200.0,4900.0,Madhya Pradesh,Rajgarh
2023-05-26,Soyabean,Biaora,4135.0,4980.0,4558.0,Madhya Pradesh,Rajgarh
2023-05-30,Soyabean,Biaora,4500.0,5000.0,4750.0,Madhya Pradesh,Rajgarh
2023-05-31,Soyabean,Biaora,4405.0,4930.0,4683.0,Madhya Pradesh,Rajgarh
2023-06-02,Soyabean,Biaora,4500.0,5050.0,4775.0,Madhya Pradesh,Rajgarh
2023-06-03,Soyabean,Biaora,4470.0,4995.0,4995.0,Madhya Pradesh,Rajgarh
2023-06-05,Soyabean,Biaora,4390.0,4980.0,4685.0,Madhya Pradesh,Rajgarh
2023-06-06,Soyabean,Biaora,4370.0,5000.0,4685.0,Madhya Pradesh,Rajgarh
2023-06-07,Soyabean,Biaora,4400.0,4985.0,4693.0,Madhya Pradesh,Rajgarh
2023-06-08,Soyabean,Biaora,4360.0,5005.0,4680.0,Madhya Pradesh,Rajgarh
2023-06-09,Soyabean,Biaora,4340.0,4990.0,4645.0,Madhya Pradesh,Rajgarh
2023-06-10,Soyabean,Biaora,4290.0,5010.0,4680.0,Madhya Pradesh,Rajgarh
2023-06-13,Soyabean,Biaora,4300.0,4650.0,4505.0,Madhya Pradesh,Rajgarh
2023-06-14,Soyabean,Biaora,4335.0,5040.0,4685.0,Madhya Pradesh,Rajgarh
2023-06-15,Soyabean,Biaora,4310.0,4970.0,4640.0,Madhya Pradesh,Rajgarh
2023-06-16,Soyabean,Biaora,4500.0,5160.0,4830.0,Madhya Pradesh,Rajgarh
2023-06-17,Soyabean,Biaora,4405.0,5190.0,4800.0,Madhya Pradesh,Rajgarh
2023-06-20,Soyabean,Biaora,4370.0,5180.0,4775.0,Madhya Pradesh,Rajgarh
2023-06-21,Soyabean,Biaora,4315.0,5100.0,4708.0,Madhya Pradesh,Rajgarh
2023-06-27,Soyabean,Biaora,4480.0,5226.0,4870.0,Madhya Pradesh,Rajgarh
2023-06-28,Soyabean,Biaora,4505.0,5140.0,4825.0,Madhya Pradesh,Rajgarh
2023-07-06,Soyabean,Biaora,4200.0,4920.0,4560.0,Madhya Pradesh,Rajgarh
2023-07-08,Soyabean,Biaora,4305.0,4825.0,4565.0,Madhya Pradesh,Rajgarh
2023-07-11,Soyabean,Biaora,4310.0,4970.0,4640.0,Madhya Pradesh,Rajgarh
2023-07-13,Soyabean,Biaora,4290.0,4860.0,4575.0,Madhya Pradesh,Rajgarh
2023-07-14,Soyabean,Biaora,4300.0,4810.0,4555.0,Madhya Pradesh,Rajgarh
2023-07-18,Soyabean,Biaora,4270.0,4860.0,4565.0,Madhya Pradesh,Rajgarh
2023-07-19,Soyabean,Biaora,4190.0,4840.0,4515.0,Madhya Pradesh,Rajgarh
2023-07-20,Soyabean,Biaora,4325.0,4910.0,4618.0,Madhya Pradesh,Rajgarh
2023-07-21,Soyabean,Biaora,4180.0,4870.0,4525.0,Madhya Pradesh,Rajgarh
2023-07-22,Soyabean,Biaora,4225.0,4920.0,4575.0,Madhya Pradesh,Rajgarh
2023-07-25,Soyabean,Biaora,4215.0,4940.0,4575.0,Madhya Pradesh,Rajgarh
2023-07-26,Soyabean,Biaora,4305.0,4950.0,4625.0,Madhya Pradesh,Rajgarh
2023-07-27,Soyabean,Biaora,4315.0,4970.0,4645.0,Madhya Pradesh,Rajgarh
2023-07-28,Soyabean,Biaora,4240.0,5025.0,4635.0,Madhya Pradesh,Rajgarh
2023-08-01,Soyabean,Biaora,4340.0,4980.0,4660.0,Madhya Pradesh,Rajgarh
2023-08-03,Soyabean,Biaora,4250.0,4975.0,4615.0,Madhya Pradesh,Rajgarh
2023-08-04,Soyabean,Biaora,4305.0,4960.0,4653.0,Madhya Pradesh,Rajgarh
2023-08-05,Soyabean,Biaora,4280.0,4970.0,4625.0,Madhya Pradesh,Rajgarh
2023-08-08,Soyabean,Biaora,4340.0,4950.0,4645.0,Madhya Pradesh,Rajgarh
2023-08-09,Soyabean,Biaora,4275.0,4960.0,4615.0,Madhya Pradesh,Rajgarh
2023-08-10,Soyabean,Biaora,4320.0,4915.0,4615.0,Madhya Pradesh,Rajgarh
2023-08-11,Soyabean,Biaora,4250.0,4840.0,4545.0,Madhya Pradesh,Rajgarh
2023-08-17,Soyabean,Biaora,4275.0,4920.0,4598.0,Madhya Pradesh,Rajgarh
2023-08-18,Soyabean,Biaora,4550.0,4950.0,4750.0,Madhya Pradesh,Rajgarh
2023-08-19,Soyabean,Biaora,4400.0,4920.0,4660.0,Madhya Pradesh,Rajgarh
2023-08-22,Soyabean,Biaora,4550.0,4810.0,4680.0,Madhya Pradesh,Rajgarh
2023-08-23,Soyabean,Biaora,4500.0,4780.0,4640.0,Madhya Pradesh,Rajgarh
2023-08-24,Soyabean,Biaora,4265.0,4950.0,4605.0,Madhya Pradesh,Rajgarh
2023-08-25,Soyabean,Biaora,4425.0,4810.0,4615.0,Madhya Pradesh,Rajgarh
2023-08-26,Soyabean,Biaora,4275.0,4800.0,4535.0,Madhya Pradesh,Rajgarh
2023-09-01,Soyabean,Biaora,4750.0,5100.0,4925.0,Madhya Pradesh,Rajgarh
2023-09-22,Soyabean,Biaora,3801.0,4756.0,4276.0,Madhya Pradesh,Rajgarh
2023-09-26,Soyabean,Biaora,3661.0,4850.0,4255.0,Madhya Pradesh,Rajgarh
2023-10-03,Soyabean,Biaora,3620.0,4265.0,3945.0,Madhya Pradesh,Rajgarh
2023-10-04,Soyabean,Biaora,3700.0,4380.0,4040.0,Madhya Pradesh,Rajgarh
2023-10-05,Soyabean,Biaora,3500.0,4450.0,3975.0,Madhya Pradesh,Rajgarh
2023-10-06,Soyabean,Biaora,3400.0,4385.0,3893.0,Madhya Pradesh,Rajgarh
2023-10-07,Soyabean,Biaora,3600.0,4025.0,4025.0,Madhya Pradesh,Rajgarh
2023-10-19,Soyabean,Biaora,3650.0,4835.0,4245.0,Madhya Pradesh,Rajgarh
2023-10-20,Soyabean,Biaora,3750.0,4820.0,4285.0,Madhya Pradesh,Rajgarh
2023-10-25,Soyabean,Biaora,3960.0,4920.0,4440.0,Madhya Pradesh,Rajgarh
2023-10-27,Soyabean,Biaora,4000.0,5275.0,4635.0,Madhya Pradesh,Rajgarh
2023-10-31,Soyabean,Biaora,3820.0,5010.0,4415.0,Madhya Pradesh,Rajgarh
2023-11-02,Soyabean,Biaora,3875.0,5010.0,4445.0,Madhya Pradesh,Rajgarh
2023-11-04,Soyabean,Biaora,3850.0,4970.0,4410.0,Madhya Pradesh,Rajgarh
2023-11-07,Soyabean,Biaora,3920.0,5055.0,4485.0,Madhya Pradesh,Rajgarh
2023-11-29,Soyabean,Biaora,4355.0,4990.0,4675.0,Madhya Pradesh,Rajgarh
2023-11-30,Soyabean,Biaora,4150.0,4845.0,4495.0,Madhya Pradesh,Rajgarh
2023-12-01,Soyabean,Biaora,4020.0,4855.0,4435.0,Madhya Pradesh,Rajgarh
2023-12-05,Soyabean,Biaora,3840.0,4750.0,4295.0,Madhya Pradesh,Rajgarh
2023-12-06,Soyabean,Biaora,4000.0,4735.0,4365.0,Madhya Pradesh,Rajgarh
2023-12-07,Soyabean,Biaora,3850.0,4730.0,4290.0,Madhya Pradesh,Rajgarh
2023-12-08,Soyabean,Biaora,4105.0,4808.0,4475.0,Madhya Pradesh,Rajgarh
2023-12-14,Soyabean,Biaora,3790.0,4665.0,4225.0,Madhya Pradesh,Rajgarh
2023-12-19,Soyabean,Biaora,4100.0,4750.0,4425.0,Madhya Pradesh,Rajgarh
2023-12-21,Soyabean,Biaora,2260.0,4785.0,4540.0,Madhya Pradesh,Rajgarh
2023-12-21,Soyabean,Biaora,3600.0,4435.0,4540.0,Madhya Pradesh,Rajgarh
2023-12-22,Soyabean,Biaora,1650.0,4675.0,4490.0,Madhya Pradesh,Rajgarh
2023-12-23,Soyabean,Biaora,3160.0,4800.0,4560.0,Madhya Pradesh,Rajgarh
2023-12-24,Soyabean,Biaora,4550.0,4625.0,4620.0,Madhya Pradesh,Rajgarh
2023-12-26,Soyabean,Biaora,1820.0,4795.0,4660.0,Madhya Pradesh,Rajgarh
2023-12-27,Soyabean,Biaora,1105.0,4835.0,4595.0,Madhya Pradesh,Rajgarh
2023-12-28,Soyabean,Biaora,4300.0,4315.0,4590.0,Madhya Pradesh,Rajgarh
2023-12-28,Soyabean,Biaora,3605.0,4945.0,4590.0,Madhya Pradesh,Rajgarh
2023-12-29,Soyabean,Biaora,3150.0,4880.0,4595.0,Madhya Pradesh,Rajgarh
2023-12-29,Soyabean,Biaora,4000.0,4845.0,4595.0,Madhya Pradesh,Rajgarh
2023-12-30,Soyabean,Biaora,2805.0,4875.0,4580.0,Madhya Pradesh,Rajgarh
2023-12-31,Soyabean,Biaora,4220.0,4790.0,4590.0,Madhya Pradesh,Rajgarh
2024-01-02,Soyabean,Biaora,3655.0,4705.0,4580.0,Madhya Pradesh,Rajgarh
2024-01-04,Soyabean,Biaora,3720.0,4665.0,4585.0,Madhya Pradesh,Rajgarh
2024-01-05,Soyabean,Biaora,3805.0,4795.0,4585.0,Madhya Pradesh,Rajgarh
2024-01-06,Soyabean,Biaora,4240.0,4360.0,4590.0,Madhya Pradesh,Rajgarh
2024-01-06,Soyabean,Biaora,3805.0,4835.0,4590.0,Madhya Pradesh,Rajgarh
2024-01-07,Soyabean,Biaora,3910.0,4300.0,4565.0,Madhya Pradesh,Rajgarh
2024-01-07,Soyabean,Biaora,2125.0,4800.0,4565.0,Madhya Pradesh,Rajgarh
2024-01-09,Soyabean,Biaora,4005.0,4755.0,4570.0,Madhya Pradesh,Rajgarh
2024-01-10,Soyabean,Biaora,3805.0,4730.0,4575.0,Madhya Pradesh,Rajgarh
2024-01-10,Soyabean,Biaora,4240.0,4570.0,4575.0,Madhya Pradesh,Rajgarh
2024-01-12,Soyabean,Biaora,3110.0,4795.0,4650.0,Madhya Pradesh,Rajgarh
2024-01-12,Soyabean,Biaora,4400.0,4550.0,4650.0,Madhya Pradesh,Rajgarh
2024-01-13,Soyabean,Biaora,3540.0,4755.0,4575.0,Madhya Pradesh,Rajgarh
2024-01-13,Soyabean,Biaora,4255.0,4255.0,4620.0,Madhya Pradesh,Rajgarh
2024-01-16,Soyabean,Biaora,3760.0,4740.0,4600.0,Madhya Pradesh,Rajgarh
2024-01-17,Soyabean,Biaora,3000.0,4730.0,4575.0,Madhya Pradesh,Rajgarh
2024-01-18,Soyabean,Biaora,3000.0,4665.0,4500.0,Madhya Pradesh,Rajgarh
2024-01-19,Soyabean,Biaora,3065.0,4650.0,4500.0,Madhya Pradesh,Rajgarh
2024-01-20,Soyabean,Biaora,3690.0,4750.0,4550.0,Madhya Pradesh,Rajgarh
2024-01-21,Soyabean,Biaora,3750.0,4625.0,4505.0,Madhya Pradesh,Rajgarh
2024-01-23,Soyabean,Biaora,3575.0,4640.0,4505.0,Madhya Pradesh,Rajgarh
2024-01-24,Soyabean,Biaora,3660.0,4590.0,4445.0,Madhya Pradesh,Rajgarh
2024-01-25,Soyabean,Biaora,3710.0,4620.0,4500.0,Madhya Pradesh,Rajgarh
2024-01-27,Soyabean,Biaora,3000.0,4570.0,4455.0,Madhya Pradesh,Rajgarh
2024-01-27,Soyabean,Biaora,3805.0,4630.0,4455.0,Madhya Pradesh,Rajgarh
2024-01-30,Soyabean,Biaora,2505.0,4415.0,4250.0,Madhya Pradesh,Rajgarh
2024-01-30,Soyabean,Biaora,3890.0,4165.0,4250.0,Madhya Pradesh,Rajgarh
2024-01-31,Soyabean,Biaora,3510.0,4490.0,4350.0,Madhya Pradesh,Rajgarh
2024-01-31,Soyabean,Biaora,4090.0,4250.0,4350.0,Madhya Pradesh,Rajgarh
2024-02-01,Soyabean,Biaora,3680.0,4460.0,4350.0,Madhya Pradesh,Rajgarh
2024-02-02,Soyabean,Biaora,3130.0,4505.0,4370.0,Madhya Pradesh,Rajgarh
2024-02-03,Soyabean,Biaora,1000.0,4445.0,4390.0,Madhya Pradesh,Rajgarh
2024-02-04,Soyabean,Biaora,3200.0,4600.0,4400.0,Madhya Pradesh,Rajgarh
2024-02-07,Soyabean,Biaora,2125.0,4585.0,4480.0,Madhya Pradesh,Rajgarh
2024-02-08,Soyabean,Biaora,1600.0,4700.0,4445.0,Madhya Pradesh,Rajgarh
2024-02-10,Soyabean,Biaora,5605.0,5605.0,4450.0,Madhya Pradesh,Rajgarh
2024-02-10,Soyabean,Biaora,3740.0,4545.0,4450.0,Madhya Pradesh,Rajgarh
2024-02-13,Soyabean,Biaora,3600.0,4790.0,4405.0,Madhya Pradesh,Rajgarh
2024-02-15,Soyabean,Biaora,3500.0,4810.0,4370.0,Madhya Pradesh,Rajgarh
2024-02-16,Soyabean,Biaora,3765.0,4745.0,4350.0,Madhya Pradesh,Rajgarh
2024-02-17,Soyabean,Biaora,4020.0,4700.0,4390.0,Madhya Pradesh,Rajgarh
2024-02-18,Soyabean,Biaora,4010.0,4625.0,4425.0,Madhya Pradesh,Rajgarh
2024-02-20,Soyabean,Biaora,2500.0,4600.0,4360.0,Madhya Pradesh,Rajgarh
2024-02-21,Soyabean,Biaora,3895.0,4650.0,4470.0,Madhya Pradesh,Rajgarh
2024-02-22,Soyabean,Biaora,3605.0,4605.0,4420.0,Madhya Pradesh,Rajgarh
2024-02-23,Soyabean,Biaora,4030.0,4660.0,4300.0,Madhya Pradesh,Rajgarh
2024-02-27,Soyabean,Biaora,2005.0,4600.0,4390.0,Madhya Pradesh,Rajgarh
2024-02-28,Soyabean,Biaora,4225.0,4225.0,4225.0,Madhya Pradesh,Rajgarh
2024-02-29,Soyabean,Biaora,4075.0,4555.0,4520.0,Madhya Pradesh,Rajgarh
2024-03-01,Soyabean,Biaora,3750.0,4575.0,4390.0,Madhya Pradesh,Rajgarh
2024-03-02,Soyabean,Biaora,3800.0,4565.0,4390.0,Madhya Pradesh,Rajgarh
2024-03-03,Soyabean,Biaora,4000.0,4545.0,4430.0,Madhya Pradesh,Rajgarh
2024-03-05,Soyabean,Biaora,4200.0,4620.0,4405.0,Madhya Pradesh,Rajgarh
2024-03-06,Soyabean,Biaora,3895.0,4490.0,4450.0,Madhya Pradesh,Rajgarh
2024-03-08,Soyabean,Biaora,4200.0,4200.0,4200.0,Madhya Pradesh,Rajgarh
2024-03-09,Soyabean,Biaora,4185.0,5000.0,4450.0,Madhya Pradesh,Rajgarh
2024-03-12,Soyabean,Biaora,4100.0,4700.0,4700.0,Madhya Pradesh,Rajgarh
2024-03-13,Soyabean,Biaora,3900.0,4550.0,4380.0,Madhya Pradesh,Rajgarh
2024-03-14,Soyabean,Biaora,4160.0,4555.0,4415.0,Madhya Pradesh,Rajgarh
2024-03-15,Soyabean,Biaora,4270.0,4500.0,4455.0,Madhya Pradesh,Rajgarh
2024-03-16,Soyabean,Biaora,4200.0,4555.0,4415.0,Madhya Pradesh,Rajgarh
2024-03-17,Soyabean,Biaora,4195.0,5100.0,4465.0,Madhya Pradesh,Rajgarh
2024-03-19,Soyabean,Biaora,4250.0,4530.0,4380.0,Madhya Pradesh,Rajgarh
2024-03-20,Soyabean,Biaora,3880.0,4900.0,4450.0,Madhya Pradesh,Rajgarh
2024-03-21,Soyabean,Biaora,4250.0,4520.0,4475.0,Madhya Pradesh,Rajgarh
2024-03-22,Soyabean,Biaora,4225.0,4550.0,4495.0,Madhya Pradesh,Rajgarh
2024-03-23,Soyabean,Biaora,3800.0,4490.0,4365.0,Madhya Pradesh,Rajgarh
2024-03-28,Soyabean,Biaora,4050.0,4565.0,4430.0,Madhya Pradesh,Rajgarh
2024-03-31,Soyabean,Biaora,4285.0,4470.0,4470.0,Madhya Pradesh,Rajgarh
2024-04-02,Soyabean,Biaora,4135.0,4645.0,4555.0,Madhya Pradesh,Rajgarh
2024-04-03,Soyabean,Biaora,4100.0,4615.0,4485.0,Madhya Pradesh,Rajgarh
2024-04-04,Soyabean,Biaora,3900.0,4755.0,4470.0,Madhya Pradesh,Rajgarh
2024-04-06,Soyabean,Biaora,3895.0,4765.0,4565.0,Madhya Pradesh,Rajgarh
2024-04-07,Soyabean,Biaora,3100.0,4850.0,4580.0,Madhya Pradesh,Rajgarh
2024-04-13,Soyabean,Biaora,4100.0,4865.0,4695.0,Madhya Pradesh,Rajgarh
2024-04-18,Soyabean,Biaora,3940.0,4655.0,4550.0,Madhya Pradesh,Rajgarh
2024-04-19,Soyabean,Biaora,4175.0,4750.0,4540.0,Madhya Pradesh,Rajgarh
2024-04-20,Soyabean,Biaora,4000.0,4675.0,4635.0,Madhya Pradesh,Rajgarh
2024-04-24,Soyabean,Biaora,4395.0,4750.0,4590.0,Madhya Pradesh,Rajgarh
2024-04-25,Soyabean,Biaora,3970.0,4630.0,4590.0,Madhya Pradesh,Rajgarh
2024-04-26,Soyabean,Biaora,3950.0,4675.0,4580.0,Madhya Pradesh,Rajgarh
2024-04-27,Soyabean,Biaora,3305.0,4950.0,4570.0,Madhya Pradesh,Rajgarh
2024-04-30,Soyabean,Biaora,2330.0,4625.0,4520.0,Madhya Pradesh,Rajgarh
2024-05-02,Soyabean,Biaora,3505.0,4065.0,4065.0,Madhya Pradesh,Rajgarh
2024-05-03,Soyabean,Biaora,4005.0,4695.0,4545.0,Madhya Pradesh,Rajgarh
2024-05-04,Soyabean,Biaora,4090.0,4680.0,4580.0,Madhya Pradesh,Rajgarh
2024-05-05,Soyabean,Biaora,4115.0,4705.0,4570.0,Madhya Pradesh,Rajgarh
2024-05-08,Soyabean,Biaora,4425.0,4425.0,4425.0,Madhya Pradesh,Rajgarh
2024-05-09,Soyabean,Biaora,3490.0,4705.0,4635.0,Madhya Pradesh,Rajgarh
2024-05-11,Soyabean,Biaora,3350.0,4735.0,4645.0,Madhya Pradesh,Rajgarh
2024-05-14,Soyabean,Biaora,4000.0,4725.0,4650.0,Madhya Pradesh,Rajgarh
2024-05-15,Soyabean,Biaora,3805.0,4720.0,4580.0,Madhya Pradesh,Rajgarh
2024-05-16,Soyabean,Biaora,500.0,4720.0,4595.0,Madhya Pradesh,Rajgarh
2024-05-17,Soyabean,Biaora,1750.0,4690.0,4640.0,Madhya Pradesh,Rajgarh
2024-05-18,Soyabean,Biaora,3230.0,4745.0,4585.0,Madhya Pradesh,Rajgarh
2024-05-19,Soyabean,Biaora,4090.0,4760.0,4670.0,Madhya Pradesh,Rajgarh
2024-05-21,Soyabean,Biaora,3200.0,4800.0,4650.0,Madhya Pradesh,Rajgarh
2024-05-22,Soyabean,Biaora,3395.0,6480.0,4620.0,Madhya Pradesh,Rajgarh
2024-05-24,Soyabean,Biaora,3900.0,4770.0,4675.0,Madhya Pradesh,Rajgarh
2024-05-25,Soyabean,Biaora,4200.0,4815.0,4650.0,Madhya Pradesh,Rajgarh
2024-05-28,Soyabean,Biaora,4000.0,4790.0,4645.0,Madhya Pradesh,Rajgarh
2024-05-29,Soyabean,Biaora,3950.0,4760.0,4625.0,Madhya Pradesh,Rajgarh
2024-05-30,Soyabean,Biaora,4370.0,4750.0,4585.0,Madhya Pradesh,Rajgarh
2024-05-30,Soyabean,Biaora,3805.0,4750.0,4560.0,Madhya Pradesh,Rajgarh
2024-05-31,Soyabean,Biaora,3010.0,4865.0,4540.0,Madhya Pradesh,Rajgarh
2024-06-01,Soyabean,Biaora,2805.0,4695.0,4665.0,Madhya Pradesh,Rajgarh
2024-06-02,Soyabean,Biaora,3995.0,4680.0,4625.0,Madhya Pradesh,Rajgarh
2024-06-04,Soyabean,Biaora,4165.0,4665.0,4590.0,Madhya Pradesh,Rajgarh
2024-06-05,Soyabean,Biaora,3595.0,4655.0,4535.0,Madhya Pradesh,Rajgarh
2024-06-07,Soyabean,Biaora,3000.0,4900.0,4655.0,Madhya Pradesh,Rajgarh
2024-06-08,Soyabean,Biaora,3450.0,4865.0,4560.0,Madhya Pradesh,Rajgarh
2024-06-11,Soyabean,Biaora,3895.0,5145.0,4485.0,Madhya Pradesh,Rajgarh
2024-06-12,Soyabean,Biaora,3250.0,5045.0,4200.0,Madhya Pradesh,Rajgarh
2024-06-13,Soyabean,Biaora,4395.0,4395.0,4400.0,Madhya Pradesh,Rajgarh
2024-06-13,Soyabean,Biaora,3050.0,5085.0,4400.0,Madhya Pradesh,Rajgarh
2024-06-14,Soyabean,Biaora,3655.0,5065.0,4665.0,Madhya Pradesh,Rajgarh
2024-06-15,Soyabean,Biaora,3620.0,5075.0,4480.0,Madhya Pradesh,Rajgarh
2024-06-16,Soyabean,Biaora,3905.0,4745.0,4540.0,Madhya Pradesh,Rajgarh
2024-06-18,Soyabean,Biaora,3500.0,4745.0,4355.0,Madhya Pradesh,Rajgarh
2024-06-19,Soyabean,Biaora,3905.0,4685.0,4465.0,Madhya Pradesh,Rajgarh
2024-06-20,Soyabean,Biaora,3200.0,5055.0,4470.0,Madhya Pradesh,Rajgarh
2024-06-21,Soyabean,Biaora,3705.0,6500.0,4490.0,Madhya Pradesh,Rajgarh
2024-06-22,Soyabean,Biaora,4045.0,4995.0,4530.0,Madhya Pradesh,Rajgarh
2024-06-25,Soyabean,Biaora,3705.0,5050.0,4525.0,Madhya Pradesh,Rajgarh
2024-06-26,Soyabean,Biaora,3855.0,5100.0,4450.0,Madhya Pradesh,Rajgarh
2024-06-27,Soyabean,Biaora,4350.0,4350.0,4450.0,Madhya Pradesh,Rajgarh
2024-06-27,Soyabean,Biaora,2690.0,4625.0,4450.0,Madhya Pradesh,Rajgarh
2024-06-28,Soyabean,Biaora,3800.0,5625.0,4400.0,Madhya Pradesh,Rajgarh
2024-06-29,Soyabean,Biaora,2600.0,4690.0,4450.0,Madhya Pradesh,Rajgarh
2024-06-30,Soyabean,Biaora,4415.0,4480.0,4400.0,Madhya Pradesh,Rajgarh
2024-06-30,Soyabean,Biaora,3790.0,4595.0,4400.0,Madhya Pradesh,Rajgarh
2024-07-01,Soyabean,Biaora,4580.0,4590.0,4590.0,Madhya Pradesh,Rajgarh
2024-07-02,Soyabean,Biaora,4285.0,4370.0,4370.0,Madhya Pradesh,Rajgarh
2024-07-02,Soyabean,Biaora,3455.0,4760.0,4370.0,Madhya Pradesh,Rajgarh
2024-07-03,Soyabean,Biaora,3090.0,4715.0,4380.0,Madhya Pradesh,Rajgarh
2024-07-04,Soyabean,Biaora,3800.0,4580.0,4400.0,Madhya Pradesh,Rajgarh
2024-07-04,Soyabean,Biaora,4030.0,4370.0,4400.0,Madhya Pradesh,Rajgarh
2024-07-06,Soyabean,Biaora,3705.0,4705.0,4400.0,Madhya Pradesh,Rajgarh
2024-07-07,Soyabean,Biaora,3900.0,4600.0,4430.0,Madhya Pradesh,Rajgarh
2024-07-09,Soyabean,Biaora,3405.0,4460.0,4400.0,Madhya Pradesh,Rajgarh
2024-07-09,Soyabean,Biaora,4205.0,4355.0,4400.0,Madhya Pradesh,Rajgarh
2024-07-10,Soyabean,Biaora,2805.0,5390.0,4345.0,Madhya Pradesh,Rajgarh
2024-07-11,Soyabean,Biaora,3700.0,4450.0,4390.0,Madhya Pradesh,Rajgarh
2024-07-12,Soyabean,Biaora,3840.0,4370.0,4360.0,Madhya Pradesh,Rajgarh
2024-07-12,Soyabean,Biaora,3700.0,4490.0,4435.0,Madhya Pradesh,Rajgarh
2024-07-13,Soyabean,Biaora,3790.0,4455.0,4400.0,Madhya Pradesh,Rajgarh
2024-07-16,Soyabean,Biaora,3560.0,4460.0,4395.0,Madhya Pradesh,Rajgarh
2024-07-18,Soyabean,Biaora,2890.0,4520.0,4400.0,Madhya Pradesh,Rajgarh
2024-07-19,Soyabean,Biaora,2600.0,4500.0,4475.0,Madhya Pradesh,Rajgarh
2024-07-19,Soyabean,Biaora,3755.0,4540.0,4435.0,Madhya Pradesh,Rajgarh
2024-07-20,Soyabean,Biaora,2500.0,4495.0,4390.0,Madhya Pradesh,Rajgarh
2024-07-21,Soyabean,Biaora,3815.0,4500.0,4445.0,Madhya Pradesh,Rajgarh
2024-07-23,Soyabean,Biaora,3215.0,4490.0,4375.0,Madhya Pradesh,Rajgarh
2024-07-23,Soyabean,Biaora,4390.0,4420.0,4420.0,Madhya Pradesh,Rajgarh
2024-07-24,Soyabean,Biaora,3765.0,4445.0,4375.0,Madhya Pradesh,Rajgarh
2024-07-24,Soyabean,Biaora,3970.0,3970.0,3970.0,Madhya Pradesh,Rajgarh
2024-07-25,Soyabean,Biaora,3500.0,4455.0,4345.0,Madhya Pradesh,Rajgarh
2024-07-26,Soyabean,Biaora,3575.0,4435.0,4400.0,Madhya Pradesh,Rajgarh
2024-07-27,Soyabean,Biaora,3700.0,4390.0,4280.0,Madhya Pradesh,Rajgarh
2024-07-30,Soyabean,Biaora,2100.0,4350.0,4225.0,Madhya Pradesh,Rajgarh
2024-07-30,Soyabean,Biaora,3800.0,4250.0,4250.0,Madhya Pradesh,Rajgarh
2024-07-31,Soyabean,Biaora,4290.0,4290.0,4290.0,Madhya Pradesh,Rajgarh
2024-07-31,Soyabean,Biaora,4200.0,4200.0,4200.0,Madhya Pradesh,Rajgarh
2024-07-31,Soyabean,Biaora,3605.0,4325.0,4240.0,Madhya Pradesh,Rajgarh
2024-08-01,Soyabean,Biaora,3605.0,4330.0,4270.0,Madhya Pradesh,Rajgarh
2024-08-02,Soyabean,Biaora,3500.0,4320.0,4250.0,Madhya Pradesh,Rajgarh
2024-08-03,Soyabean,Biaora,3455.0,3770.0,3770.0,Madhya Pradesh,Rajgarh
2024-08-03,Soyabean,Biaora,3870.0,4310.0,4200.0,Madhya Pradesh,Rajgarh
2024-08-06,Soyabean,Biaora,4055.0,4360.0,4250.0,Madhya Pradesh,Rajgarh
2024-08-06,Soyabean,Biaora,3200.0,4360.0,4250.0,Madhya Pradesh,Rajgarh
2024-08-06,Soyabean,Biaora,3780.0,4230.0,4230.0,Madhya Pradesh,Rajgarh
2024-08-07,Soyabean,Biaora,3825.0,4385.0,4150.0,Madhya Pradesh,Rajgarh
2024-08-07,Soyabean,Biaora,3900.0,4250.0,4155.0,Madhya Pradesh,Rajgarh
2024-08-08,Soyabean,Biaora,3600.0,4400.0,4220.0,Madhya Pradesh,Rajgarh
2024-08-08,Soyabean,Biaora,3600.0,4400.0,4230.0,Madhya Pradesh,Rajgarh
2024-08-09,Soyabean,Biaora,3800.0,4360.0,4200.0,Madhya Pradesh,Rajgarh
2024-08-09,Soyabean,Biaora,3650.0,3650.0,3650.0,Madhya Pradesh,Rajgarh
2024-08-10,Soyabean,Biaora,2100.0,5150.0,4250.0,Madhya Pradesh,Rajgarh
2024-08-13,Soyabean,Biaora,3055.0,4320.0,4100.0,Madhya Pradesh,Rajgarh
2024-08-13,Soyabean,Biaora,1100.0,4320.0,4100.0,Madhya Pradesh,Rajgarh
2024-08-13,Soyabean,Biaora,3715.0,3900.0,3900.0,Madhya Pradesh,Rajgarh
2024-08-14,Soyabean,Biaora,2500.0,4290.0,4150.0,Madhya Pradesh,Rajgarh
2024-08-16,Soyabean,Biaora,3600.0,3600.0,3600.0,Madhya Pradesh,Rajgarh
2024-08-16,Soyabean,Biaora,3600.0,4320.0,4205.0,Madhya Pradesh,Rajgarh
2024-08-17,Soyabean,Biaora,3205.0,4310.0,4225.0,Madhya Pradesh,Rajgarh
2024-08-18,Soyabean,Biaora,3000.0,4180.0,4180.0,Madhya Pradesh,Rajgarh
2024-08-21,Soyabean,Biaora,3500.0,4260.0,4260.0,Madhya Pradesh,Rajgarh
2024-08-21,Soyabean,Biaora,3110.0,4260.0,4260.0,Madhya Pradesh,Rajgarh
2024-08-22,Soyabean,Biaora,3475.0,4225.0,4180.0,Madhya Pradesh,Rajgarh
2024-08-23,Soyabean,Biaora,3840.0,4360.0,4150.0,Madhya Pradesh,Rajgarh
2024-08-24,Soyabean,Biaora,4000.0,4345.0,4345.0,Madhya Pradesh,Rajgarh
2024-08-27,Soyabean,Biaora,3400.0,4380.0,4380.0,Madhya Pradesh,Rajgarh
2024-08-28,Soyabean,Biaora,3520.0,4430.0,4350.0,Madhya Pradesh,Rajgarh
2024-08-28,Soyabean,Biaora,3520.0,4440.0,4350.0,Madhya Pradesh,Rajgarh
2024-08-29,Soyabean,Biaora,3985.0,4430.0,4335.0,Madhya Pradesh,Rajgarh
2024-08-29,Soyabean,Biaora,3985.0,4450.0,4345.0,Madhya Pradesh,Rajgarh
2024-08-30,Soyabean,Biaora,3855.0,4505.0,4400.0,Madhya Pradesh,Rajgarh
2024-08-31,Soyabean,Biaora,3800.0,4655.0,4500.0,Madhya Pradesh,Rajgarh
2024-09-03,Soyabean,Biaora,4215.0,4565.0,4470.0,Madhya Pradesh,Rajgarh
2024-09-04,Soyabean,Biaora,3845.0,4575.0,4450.0,Madhya Pradesh,Rajgarh
2024-09-05,Soyabean,Biaora,4195.0,4625.0,4500.0,Madhya Pradesh,Rajgarh
2024-09-06,Soyabean,Biaora,3400.0,4575.0,4550.0,Madhya Pradesh,Rajgarh
2024-09-08,Soyabean,Biaora,3675.0,4555.0,4465.0,Madhya Pradesh,Rajgarh
2024-09-10,Soyabean,Biaora,4100.0,4475.0,4445.0,Madhya Pradesh,Rajgarh
2024-09-11,Soyabean,Biaora,4240.0,4500.0,4500.0,Madhya Pradesh,Rajgarh
2024-09-12,Soyabean,Biaora,3975.0,4600.0,4540.0,Madhya Pradesh,Rajgarh
2024-09-13,Soyabean,Biaora,4575.0,4650.0,4650.0,Madhya Pradesh,Rajgarh
2024-09-13,Soyabean,Biaora,3555.0,4690.0,4600.0,Madhya Pradesh,Rajgarh
2024-09-18,Soyabean,Biaora,4000.0,4645.0,4600.0,Madhya Pradesh,Rajgarh
2024-09-19,Soyabean,Biaora,2800.0,4790.0,4600.0,Madhya Pradesh,Rajgarh
2024-09-20,Soyabean,Biaora,4480.0,4500.0,4480.0,Madhya Pradesh,Rajgarh
2024-09-20,Soyabean,Biaora,3001.0,4665.0,4550.0,Madhya Pradesh,Rajgarh
2024-09-21,Soyabean,Biaora,3355.0,4750.0,4595.0,Madhya Pradesh,Rajgarh
2024-09-22,Soyabean,Biaora,3170.0,4605.0,4495.0,Madhya Pradesh,Rajgarh
2024-09-24,Soyabean,Biaora,3730.0,3730.0,3730.0,Madhya Pradesh,Rajgarh
2024-09-24,Soyabean,Biaora,2865.0,4700.0,4000.0,Madhya Pradesh,Rajgarh
2024-09-25,Soyabean,Biaora,4305.0,4400.0,4400.0,Madhya Pradesh,Rajgarh
2024-09-25,Soyabean,Biaora,3180.0,4680.0,4200.0,Madhya Pradesh,Rajgarh
2024-09-26,Soyabean,Biaora,3380.0,4640.0,4500.0,Madhya Pradesh,Rajgarh
2024-09-27,Soyabean,Biaora,2850.0,4705.0,4300.0,Madhya Pradesh,Rajgarh
2024-09-28,Soyabean,Biaora,3250.0,4695.0,4425.0,Madhya Pradesh,Rajgarh
2024-10-01,Soyabean,Biaora,3095.0,4690.0,4125.0,Madhya Pradesh,Rajgarh
2024-10-04,Soyabean,Biaora,3800.0,4555.0,4330.0,Madhya Pradesh,Rajgarh
2024-10-04,Soyabean,Biaora,2010.0,4700.0,3900.0,Madhya Pradesh,Rajgarh
2024-10-04,Soyabean,Biaora,1200.0,4700.0,3950.0,Madhya Pradesh,Rajgarh
2024-10-05,Soyabean,Biaora,2000.0,4700.0,4000.0,Madhya Pradesh,Rajgarh
2024-10-05,Soyabean,Biaora,4125.0,4125.0,4125.0,Madhya Pradesh,Rajgarh
2024-10-05,Soyabean,Biaora,3500.0,4195.0,3935.0,Madhya Pradesh,Rajgarh
2024-10-06,Soyabean,Biaora,3325.0,4225.0,3900.0,Madhya Pradesh,Rajgarh
2024-10-06,Soyabean,Biaora,2500.0,4670.0,4000.0,Madhya Pradesh,Rajgarh
2024-10-08,Soyabean,Biaora,800.0,4750.0,4250.0,Madhya Pradesh,Rajgarh
2024-10-08,Soyabean,Biaora,3580.0,4300.0,4300.0,Madhya Pradesh,Rajgarh
2024-10-09,Soyabean,Biaora,3525.0,4300.0,4200.0,Madhya Pradesh,Rajgarh
2024-10-09,Soyabean,Biaora,3525.0,4280.0,4200.0,Madhya Pradesh,Rajgarh
2024-10-09,Soyabean,Biaora,2400.0,4750.0,4100.0,Madhya Pradesh,Rajgarh
2024-10-10,Soyabean,Biaora,2435.0,4560.0,4200.0,Madhya Pradesh,Rajgarh
2024-10-10,Soyabean,Biaora,3600.0,4405.0,4375.0,Madhya Pradesh,Rajgarh
2024-10-10,Soyabean,Biaora,2435.0,4560.0,4440.0,Madhya Pradesh,Rajgarh
2024-10-10,Soyabean,Biaora,4055.0,4405.0,4375.0,Madhya Pradesh,Rajgarh
2024-10-15,Soyabean,Biaora,800.0,4655.0,4300.0,Madhya Pradesh,Rajgarh
2024-10-15,Soyabean,Biaora,3835.0,4200.0,4100.0,Madhya Pradesh,Rajgarh
2024-10-16,Soyabean,Biaora,1000.0,4600.0,4305.0,Madhya Pradesh,Rajgarh
2024-10-16,Soyabean,Biaora,3500.0,4525.0,4500.0,Madhya Pradesh,Rajgarh
2024-10-17,Soyabean,Biaora,3700.0,3700.0,3700.0,Madhya Pradesh,Rajgarh
2024-10-17,Soyabean,Biaora,1800.0,4540.0,4300.0,Madhya Pradesh,Rajgarh
2024-10-18,Soyabean,Biaora,405.0,4655.0,4200.0,Madhya Pradesh,Rajgarh
2024-10-18,Soyabean,Biaora,3400.0,3800.0,3800.0,Madhya Pradesh,Rajgarh
2024-10-19,Soyabean,Biaora,1110.0,4875.0,4255.0,Madhya Pradesh,Rajgarh
2024-10-19,Soyabean,Biaora,3400.0,4225.0,3900.0,Madhya Pradesh,Rajgarh
2024-10-19,Soyabean,Biaora,3500.0,4225.0,3900.0,Madhya Pradesh,Rajgarh
2024-10-20,Soyabean,Biaora,2300.0,4550.0,3900.0,Madhya Pradesh,Rajgarh
2024-10-21,Soyabean,Biaora,4260.0,4400.0,4260.0,Madhya Pradesh,Rajgarh
2024-10-22,Soyabean,Biaora,1250.0,4915.0,4200.0,Madhya Pradesh,Rajgarh
2024-10-22,Soyabean,Biaora,3400.0,3985.0,3935.0,Madhya Pradesh,Rajgarh
2024-10-22,Soyabean,Biaora,2940.0,4915.0,4200.0,Madhya Pradesh,Rajgarh
2024-10-23,Soyabean,Biaora,1755.0,5220.0,4275.0,Madhya Pradesh,Rajgarh
2024-10-23,Soyabean,Biaora,4000.0,4000.0,4000.0,Madhya Pradesh,Rajgarh
2024-10-23,Soyabean,Biaora,3510.0,4340.0,4250.0,Madhya Pradesh,Rajgarh
2024-10-23,Soyabean,Biaora,4355.0,4465.0,4465.0,Madhya Pradesh,Rajgarh
2024-10-24,Soyabean,Biaora,2700.0,5340.0,4350.0,Madhya Pradesh,Rajgarh
2024-10-24,Soyabean,Biaora,4000.0,4425.0,4425.0,Madhya Pradesh,Rajgarh
2024-10-25,Soyabean,Biaora,3775.0,4390.0,4390.0,Madhya Pradesh,Rajgarh
2024-10-25,Soyabean,Biaora,2275.0,4790.0,4400.0,Madhya Pradesh,Rajgarh
2024-10-26,Soyabean,Biaora,3660.0,3960.0,3925.0,Madhya Pradesh,Rajgarh
2024-10-26,Soyabean,Biaora,605.0,4975.0,4400.0,Madhya Pradesh,Rajgarh
2024-10-27,Soyabean,Biaora,4250.0,4360.0,4360.0,Madhya Pradesh,Rajgarh
2024-11-01,Soyabean,Biaora,4050.0,4350.0,4200.0,Madhya Pradesh,Rajgarh
2024-11-05,Soyabean,Biaora,3000.0,4830.0,4400.0,Madhya Pradesh,Rajgarh
2024-11-05,Soyabean,Biaora,3805.0,4325.0,4280.0,Madhya Pradesh,Rajgarh
2024-11-06,Soyabean,Biaora,2100.0,4590.0,4200.0,Madhya Pradesh,Rajgarh
2024-11-06,Soyabean,Biaora,4000.0,4290.0,4090.0,Madhya Pradesh,Rajgarh
2024-11-07,Soyabean,Biaora,2700.0,4800.0,4250.0,Madhya Pradesh,Rajgarh
2024-11-07,Soyabean,Biaora,3800.0,4270.0,4270.0,Madhya Pradesh,Rajgarh
2024-11-08,Soyabean,Biaora,2900.0,4900.0,4300.0,Madhya Pradesh,Rajgarh
2024-11-08,Soyabean,Biaora,4025.0,4350.0,4350.0,Madhya Pradesh,Rajgarh
2024-11-09,Soyabean,Biaora,2900.0,4835.0,4300.0,Madhya Pradesh,Rajgarh
2024-11-10,Soyabean,Biaora,4350.0,4350.0,4350.0,Madhya Pradesh,Rajgarh
2024-11-11,Soyabean,Biaora,4190.0,4280.0,4280.0,Madhya Pradesh,Rajgarh
2024-11-12,Soyabean,Biaora,409.0,4230.0,4200.0,Madhya Pradesh,Rajgarh
2024-11-12,Soyabean,Biaora,3780.0,4230.0,4200.0,Madhya Pradesh,Rajgarh
2024-11-13,Soyabean,Biaora,2750.0,4675.0,4140.0,Madhya Pradesh,Rajgarh
2024-11-14,Soyabean,Biaora,2850.0,4530.0,4170.0,Madhya Pradesh,Rajgarh
2024-11-14,Soyabean,Biaora,3750.0,4210.0,4155.0,Madhya Pradesh,Rajgarh
2024-11-15,Soyabean,Biaora,4100.0,4280.0,4200.0,Madhya Pradesh,Rajgarh
2024-11-16,Soyabean,Biaora,2025.0,4675.0,4300.0,Madhya Pradesh,Rajgarh
2024-11-16,Soyabean,Biaora,3650.0,4165.0,4165.0,Madhya Pradesh,Rajgarh
2024-11-17,Soyabean,Biaora,3350.0,4140.0,4000.0,Madhya Pradesh,Rajgarh
2024-11-17,Soyabean,Biaora,3150.0,4685.0,4250.0,Madhya Pradesh,Rajgarh
2024-11-19,Soyabean,Biaora,2300.0,4490.0,4200.0,Madhya Pradesh,Rajgarh
2024-11-19,Soyabean,Biaora,3655.0,4560.0,4560.0,Madhya Pradesh,Rajgarh
2024-11-19,Soyabean,Biaora,3205.0,4490.0,4200.0,Madhya Pradesh,Rajgarh
2024-11-20,Soyabean,Biaora,2900.0,4700.0,4000.0,Madhya Pradesh,Rajgarh
2024-11-20,Soyabean,Biaora,3775.0,4700.0,4700.0,Madhya Pradesh,Rajgarh
2024-11-20,Soyabean,Biaora,4080.0,4080.0,4080.0,Madhya Pradesh,Rajgarh
2024-11-21,Soyabean,Biaora,2500.0,4650.0,4080.0,Madhya Pradesh,Rajgarh
2024-11-21,Soyabean,Biaora,4300.0,4535.0,4535.0,Madhya Pradesh,Rajgarh
2024-11-22,Soyabean,Biaora,885.0,4570.0,4170.0,Madhya Pradesh,Rajgarh
2024-11-22,Soyabean,Biaora,3000.0,4300.0,4300.0,Madhya Pradesh,Rajgarh
2024-11-23,Soyabean,Biaora,1010.0,4535.0,4155.0,Madhya Pradesh,Rajgarh
2024-11-26,Soyabean,Biaora,3590.0,4560.0,4560.0,Madhya Pradesh,Rajgarh
2024-11-26,Soyabean,Biaora,2800.0,4450.0,4125.0,Madhya Pradesh,Rajgarh
2024-11-27,Soyabean,Biaora,2550.0,4515.0,4155.0,Madhya Pradesh,Rajgarh
2024-11-27,Soyabean,Biaora,3700.0,4390.0,4390.0,Madhya Pradesh,Rajgarh
2024-11-27,Soyabean,Biaora,2550.0,4515.0,4100.0,Madhya Pradesh,Rajgarh
2024-11-28,Soyabean,Biaora,2095.0,4390.0,4170.0,Madhya Pradesh,Rajgarh
2024-11-28,Soyabean,Biaora,3400.0,4050.0,4050.0,Madhya Pradesh,Rajgarh
2024-12-03,Soyabean,Biaora,3995.0,4160.0,4100.0,Madhya Pradesh,Rajgarh
2024-12-04,Soyabean,Biaora,3950.0,4400.0,4400.0,Madhya Pradesh,Rajgarh
2024-12-04,Soyabean,Biaora,2595.0,4445.0,4000.0,Madhya Pradesh,Rajgarh
2024-12-05,Soyabean,Biaora,3130.0,4465.0,4000.0,Madhya Pradesh,Rajgarh
2024-12-06,Soyabean,Biaora,3875.0,4405.0,4405.0,Madhya Pradesh,Rajgarh
2024-12-06,Soyabean,Biaora,2515.0,4490.0,4070.0,Madhya Pradesh,Rajgarh
2024-12-07,Soyabean,Biaora,3950.0,4380.0,4380.0,Madhya Pradesh,Rajgarh
2024-12-07,Soyabean,Biaora,2100.0,4515.0,4000.0,Madhya Pradesh,Rajgarh
2024-12-08,Soyabean,Biaora,3050.0,4505.0,4000.0,Madhya Pradesh,Rajgarh
2024-12-08,Soyabean,Biaora,3900.0,3900.0,3900.0,Madhya Pradesh,Rajgarh
2024-12-09,Soyabean,Biaora,4000.0,4000.0,4000.0,Madhya Pradesh,Rajgarh
2024-12-11,Soyabean,Biaora,2860.0,4150.0,4030.0,Madhya Pradesh,Rajgarh
2024-12-11,Soyabean,Biaora,2000.0,4400.0,3900.0,Madhya Pradesh,Rajgarh
2024-12-11,Soyabean,Biaora,3950.0,4145.0,4145.0,Madhya Pradesh,Rajgarh
2024-12-12,Soyabean,Biaora,1900.0,4465.0,4050.0,Madhya Pradesh,Rajgarh
2024-12-13,Soyabean,Biaora,2700.0,4475.0,4000.0,Madhya Pradesh,Rajgarh
2024-12-14,Soyabean,Biaora,2100.0,4425.0,4000.0,Madhya Pradesh,Rajgarh
2024-12-16,Soyabean,Biaora,3950.0,4000.0,4000.0,Madhya Pradesh,Rajgarh
2024-12-17,Soyabean,Biaora,3090.0,4480.0,4000.0,Madhya Pradesh,Rajgarh
2024-12-17,Soyabean,Biaora,3510.0,3510.0,3510.0,Madhya Pradesh,Rajgarh
2024-12-18,Soyabean,Biaora,3005.0,4490.0,4185.0,Madhya Pradesh,Rajgarh
2024-12-19,Soyabean,Biaora,2100.0,5205.0,4100.0,Madhya Pradesh,Rajgarh
2024-12-20,Soyabean,Biaora,2300.0,4250.0,4140.0,Madhya Pradesh,Rajgarh
2024-12-20,Soyabean,Biaora,2300.0,4500.0,4000.0,Madhya Pradesh,Rajgarh
2024-12-21,Soyabean,Biaora,3975.0,3975.0,3975.0,Madhya Pradesh,Rajgarh
2024-12-21,Soyabean,Biaora,1900.0,4460.0,4165.0,Madhya Pradesh,Rajgarh
2024-12-22,Soyabean,Biaora,2100.0,4425.0,4090.0,Madhya Pradesh,Rajgarh
2024-12-24,Soyabean,Biaora,2010.0,4495.0,4175.0,Madhya Pradesh,Rajgarh
2024-12-24,Soyabean,Biaora,2010.0,4495.0,3800.0,Madhya Pradesh,Rajgarh
2024-12-24,Soyabean,Biaora,4275.0,4275.0,4275.0,Madhya Pradesh,Rajgarh
2024-12-26,Soyabean,Biaora,1720.0,4430.0,4200.0,Madhya Pradesh,Rajgarh
2024-12-31,Soyabean,Biaora,2600.0,4300.0,4000.0,Madhya Pradesh,Rajgarh
2025-01-01,Soyabean,Biaora,3430.0,4325.0,4275.0,Madhya Pradesh,Rajgarh
2025-01-01,Soyabean,Biaora,4075.0,4315.0,4315.0,Madhya Pradesh,Rajgarh
2025-01-02,Soyabean,Biaora,2775.0,4410.0,4100.0,Madhya Pradesh,Rajgarh
2025-01-02,Soyabean,Biaora,2980.0,2980.0,2980.0,Madhya Pradesh,Rajgarh
2025-01-02,Soyabean,Biaora,3250.0,3250.0,3250.0,Madhya Pradesh,Rajgarh
2025-01-03,Soyabean,Biaora,3980.0,3980.0,3980.0,Madhya Pradesh,Rajgarh
2025-01-03,Soyabean,Biaora,1500.0,4290.0,4190.0,Madhya Pradesh,Rajgarh
2025-01-03,Soyabean,Biaora,4210.0,4210.0,4210.0,Madhya Pradesh,Rajgarh
2025-01-04,Soyabean,Biaora,3950.0,3950.0,3950.0,Madhya Pradesh,Rajgarh
2025-01-04,Soyabean,Biaora,4275.0,4275.0,4275.0,Madhya Pradesh,Rajgarh
2025-01-04,Soyabean,Biaora,1400.0,4710.0,4000.0,Madhya Pradesh,Rajgarh
2025-01-04,Soyabean,Biaora,4025.0,4025.0,4025.0,Madhya Pradesh,Rajgarh
2025-01-05,Soyabean,Biaora,2705.0,4235.0,4135.0,Madhya Pradesh,Rajgarh
2025-01-05,Soyabean,Biaora,3910.0,3910.0,3910.0,Madhya Pradesh,Rajgarh
2025-01-07,Soyabean,Biaora,2100.0,4350.0,4145.0,Madhya Pradesh,Rajgarh
2025-01-07,Soyabean,Biaora,2100.0,4350.0,4080.0,Madhya Pradesh,Rajgarh
2025-01-08,Soyabean,Biaora,2800.0,4900.0,4005.0,Madhya Pradesh,Rajgarh
2025-01-08,Soyabean,Biaora,4045.0,4045.0,4045.0,Madhya Pradesh,Rajgarh
2025-01-08,Soyabean,Biaora,2700.0,4900.0,4155.0,Madhya Pradesh,Rajgarh
2025-01-09,Soyabean,Biaora,4055.0,4055.0,4055.0,Madhya Pradesh,Rajgarh
2025-01-09,Soyabean,Biaora,3845.0,3845.0,3845.0,Madhya Pradesh,Rajgarh
2025-01-09,Soyabean,Biaora,3790.0,4175.0,4080.0,Madhya Pradesh,Rajgarh
2025-01-10,Soyabean,Biaora,2845.0,4585.0,4040.0,Madhya Pradesh,Rajgarh
2025-01-10,Soyabean,Biaora,3200.0,4435.0,4125.0,Madhya Pradesh,Rajgarh
2025-01-11,Soyabean,Biaora,4040.0,4275.0,4275.0,Madhya Pradesh,Rajgarh
2025-01-11,Soyabean,Biaora,2310.0,4480.0,4140.0,Madhya Pradesh,Rajgarh
2025-01-15,Soyabean,Biaora,3380.0,4325.0,4180.0,Madhya Pradesh,Rajgarh
2025-01-15,Soyabean,Biaora,3755.0,4325.0,4190.0,Madhya Pradesh,Rajgarh
2025-01-16,Soyabean,Biaora,2925.0,4330.0,4140.0,Madhya Pradesh,Rajgarh
2025-01-17,Soyabean,Biaora,3850.0,4160.0,4160.0,Madhya Pradesh,Rajgarh
2025-01-17,Soyabean,Biaora,4125.0,4125.0,4125.0,Madhya Pradesh,Rajgarh
2025-01-17,Soyabean,Biaora,3360.0,4880.0,4220.0,Madhya Pradesh,Rajgarh
2025-01-18,Soyabean,Biaora,1910.0,4350.0,4145.0,Madhya Pradesh,Rajgarh
2025-01-18,Soyabean,Biaora,4070.0,4070.0,4070.0,Madhya Pradesh,Rajgarh
2025-01-18,Soyabean,Biaora,1910.0,4350.0,4170.0,Madhya Pradesh,Rajgarh
2025-01-19,Soyabean,Biaora,3400.0,4365.0,4170.0,Madhya Pradesh,Rajgarh
2025-01-21,Soyabean,Biaora,4170.0,4170.0,4170.0,Madhya Pradesh,Rajgarh
2025-01-21,Soyabean,Biaora,3300.0,4375.0,4090.0,Madhya Pradesh,Rajgarh
2025-01-21,Soyabean,Biaora,4120.0,4135.0,4135.0,Madhya Pradesh,Rajgarh
2025-01-21,Soyabean,Biaora,2430.0,4400.0,4090.0,Madhya Pradesh,Rajgarh
2025-01-22,Soyabean,Biaora,2900.0,4230.0,4150.0,Madhya Pradesh,Rajgarh
2025-01-22,Soyabean,Biaora,3705.0,4085.0,4085.0,Madhya Pradesh,Rajgarh
2025-01-22,Soyabean,Biaora,3300.0,4330.0,4195.0,Madhya Pradesh,Rajgarh
2025-01-22,Soyabean,Biaora,3025.0,4330.0,4150.0,Madhya Pradesh,Rajgarh
2025-01-23,Soyabean,Biaora,2920.0,4530.0,4040.0,Madhya Pradesh,Rajgarh
2025-01-23,Soyabean,Biaora,3845.0,3895.0,3895.0,Madhya Pradesh,Rajgarh
2025-01-23,Soyabean,Biaora,3425.0,4170.0,4040.0,Madhya Pradesh,Rajgarh
2025-01-23,Soyabean,Biaora,4070.0,4095.0,4095.0,Madhya Pradesh,Rajgarh
2025-01-24,Soyabean,Biaora,2950.0,4570.0,4075.0,Madhya Pradesh,Rajgarh
2025-01-24,Soyabean,Biaora,4035.0,4195.0,4195.0,Madhya Pradesh,Rajgarh
2025-01-24,Soyabean,Biaora,3510.0,4385.0,4075.0,Madhya Pradesh,Rajgarh
2025-01-25,Soyabean,Biaora,4065.0,4065.0,4065.0,Madhya Pradesh,Rajgarh
2025-01-25,Soyabean,Biaora,3900.0,4165.0,4070.0,Madhya Pradesh,Rajgarh
2025-01-25,Soyabean,Biaora,2745.0,4490.0,4070.0,Madhya Pradesh,Rajgarh
2025-01-28,Soyabean,Biaora,3670.0,3670.0,3670.0,Madhya Pradesh,Rajgarh
2025-01-28,Soyabean,Biaora,3895.0,3895.0,3895.0,Madhya Pradesh,Rajgarh
2025-01-28,Soyabean,Biaora,3000.0,4155.0,3940.0,Madhya Pradesh,Rajgarh
2025-01-28,Soyabean,Biaora,3615.0,4345.0,3940.0,Madhya Pradesh,Rajgarh
2025-01-30,Soyabean,Biaora,3980.0,3980.0,3980.0,Madhya Pradesh,Rajgarh
2025-01-30,Soyabean,Biaora,3020.0,4340.0,4025.0,Madhya Pradesh,Rajgarh
2025-01-30,Soyabean,Biaora,3305.0,4270.0,4025.0,Madhya Pradesh,Rajgarh
2025-01-30,Soyabean,Biaora,3820.0,3880.0,3880.0,Madhya Pradesh,Rajgarh
2025-01-31,Soyabean,Biaora,3435.0,4365.0,4000.0,Madhya Pradesh,Rajgarh
2025-01-31,Soyabean,Biaora,2305.0,4295.0,4000.0,Madhya Pradesh,Rajgarh
2025-02-01,Soyabean,Biaora,3505.0,4105.0,4055.0,Madhya Pradesh,Rajgarh
2025-02-01,Soyabean,Biaora,3250.0,4320.0,4055.0,Madhya Pradesh,Rajgarh
2025-02-04,Soyabean,Biaora,3150.0,4225.0,4000.0,Madhya Pradesh,Rajgarh
2025-02-04,Soyabean,Biaora,3150.0,4235.0,4000.0,Madhya Pradesh,Rajgarh
2025-02-04,Soyabean,Biaora,3925.0,4125.0,4000.0,Madhya Pradesh,Rajgarh
2025-02-05,Soyabean,Biaora,4000.0,4240.0,4050.0,Madhya Pradesh,Rajgarh
2025-02-05,Soyabean,Biaora,4075.0,4075.0,4075.0,Madhya Pradesh,Rajgarh
2025-02-05,Soyabean,Biaora,3450.0,4275.0,4050.0,Madhya Pradesh,Rajgarh
2025-02-06,Soyabean,Biaora,3345.0,4475.0,4040.0,Madhya Pradesh,Rajgarh
2025-02-06,Soyabean,Biaora,4060.0,4060.0,4060.0,Madhya Pradesh,Rajgarh
2025-02-06,Soyabean,Biaora,3645.0,4075.0,4040.0,Madhya Pradesh,Rajgarh
2025-02-07,Soyabean,Biaora,3250.0,4145.0,4015.0,Madhya Pradesh,Rajgarh
2025-02-07,Soyabean,Biaora,3105.0,4180.0,4015.0,Madhya Pradesh,Rajgarh
2025-02-07,Soyabean,Biaora,3930.0,3930.0,3930.0,Madhya Pradesh,Rajgarh
2025-02-08,Soyabean,Biaora,3100.0,4210.0,4000.0,Madhya Pradesh,Rajgarh
2025-02-08,Soyabean,Biaora,1200.0,4155.0,4000.0,Madhya Pradesh,Rajgarh
2025-02-11,Soyabean,Biaora,3000.0,4155.0,4050.0,Madhya Pradesh,Rajgarh
2025-02-13,Soyabean,Biaora,3505.0,4095.0,4025.0,Madhya Pradesh,Rajgarh
2025-02-13,Soyabean,Biaora,3895.0,3895.0,3895.0,Madhya Pradesh,Rajgarh
2025-02-13,Soyabean,Biaora,3200.0,4150.0,4025.0,Madhya Pradesh,Rajgarh
2025-02-14,Soyabean,Biaora,3155.0,4165.0,3880.0,Madhya Pradesh,Rajgarh
2025-02-14,Soyabean,Biaora,3700.0,4055.0,3880.0,Madhya Pradesh,Rajgarh
2025-02-15,Soyabean,Biaora,2500.0,4195.0,4055.0,Madhya Pradesh,Rajgarh
2025-02-15,Soyabean,Biaora,3030.0,4140.0,4055.0,Madhya Pradesh,Rajgarh
2025-02-15,Soyabean,Biaora,3810.0,3810.0,3810.0,Madhya Pradesh,Rajgarh
2025-02-16,Soyabean,Biaora,3180.0,4155.0,4060.0,Madhya Pradesh,Rajgarh
2025-02-16,Soyabean,Biaora,160.0,4045.0,4045.0,Madhya Pradesh,Rajgarh
2025-02-18,Soyabean,Biaora,2000.0,3945.0,3945.0,Madhya Pradesh,Rajgarh
2025-02-18,Soyabean,Biaora,3050.0,4100.0,3950.0,Madhya Pradesh,Rajgarh
2025-02-18,Soyabean,Biaora,3290.0,4035.0,3950.0,Madhya Pradesh,Rajgarh
2025-02-19,Soyabean,Biaora,3790.0,3965.0,3870.0,Madhya Pradesh,Rajgarh
2025-02-19,Soyabean,Biaora,3060.0,4140.0,3985.0,Madhya Pradesh,Rajgarh
2025-02-20,Soyabean,Biaora,3300.0,4065.0,3945.0,Madhya Pradesh,Rajgarh
2025-02-20,Soyabean,Biaora,2200.0,4435.0,3945.0,Madhya Pradesh,Rajgarh
2025-02-21,Soyabean,Biaora,1800.0,4160.0,3940.0,Madhya Pradesh,Rajgarh
2025-02-21,Soyabean,Biaora,3130.0,4045.0,3940.0,Madhya Pradesh,Rajgarh
2025-02-22,Soyabean,Biaora,3000.0,4150.0,4100.0,Madhya Pradesh,Rajgarh
2025-02-22,Soyabean,Biaora,3195.0,5000.0,4100.0,Madhya Pradesh,Rajgarh
2025-02-25,Soyabean,Biaora,3800.0,4095.0,4040.0,Madhya Pradesh,Rajgarh
2025-02-25,Soyabean,Biaora,3705.0,4125.0,4050.0,Madhya Pradesh,Rajgarh
2025-02-25,Soyabean,Biaora,3230.0,4160.0,4040.0,Madhya Pradesh,Rajgarh
2025-02-25,Soyabean,Biaora,3865.0,3865.0,3865.0,Madhya Pradesh,Rajgarh
2025-02-25,Soyabean,Biaora,3230.0,4160.0,4050.0,Madhya Pradesh,Rajgarh
2025-02-27,Soyabean,Biaora,3500.0,3500.0,3500.0,Madhya Pradesh,Rajgarh
2025-02-27,Soyabean,Biaora,3350.0,4150.0,3945.0,Madhya Pradesh,Rajgarh
2025-02-27,Soyabean,Biaora,3070.0,4070.0,3945.0,Madhya Pradesh,Rajgarh
2025-03-01,Soyabean,Biaora,3250.0,4170.0,4000.0,Madhya Pradesh,Rajgarh
2025-03-01,Soyabean,Biaora,3600.0,4060.0,4000.0,Madhya Pradesh,Rajgarh
2025-03-02,Soyabean,Biaora,3400.0,4090.0,4000.0,Madhya Pradesh,Rajgarh
2025-03-02,Soyabean,Biaora,3400.0,4010.0,4000.0,Madhya Pradesh,Rajgarh
2025-03-04,Soyabean,Biaora,3400.0,5460.0,3955.0,Madhya Pradesh,Rajgarh
2025-03-05,Soyabean,Biaora,1800.0,4005.0,3600.0,Madhya Pradesh,Rajgarh
2025-03-06,Soyabean,Biaora,2650.0,4055.0,3940.0,Madhya Pradesh,Rajgarh
2025-03-07,Soyabean,Biaora,3010.0,4055.0,3500.0,Madhya Pradesh,Rajgarh
2025-03-07,Soyabean,Biaora,2810.0,3715.0,3500.0,Madhya Pradesh,Rajgarh
2025-03-08,Soyabean,Biaora,2835.0,4045.0,4000.0,Madhya Pradesh,Rajgarh
2025-03-08,Soyabean,Biaora,3855.0,3855.0,3855.0,Madhya Pradesh,Rajgarh
2025-03-11,Soyabean,Biaora,3230.0,4025.0,3900.0,Madhya Pradesh,Rajgarh
2025-03-12,Soyabean,Biaora,2600.0,3975.0,3800.0,Madhya Pradesh,Rajgarh
2025-03-12,Soyabean,Biaora,3205.0,3875.0,3800.0,Madhya Pradesh,Rajgarh
2025-03-13,Soyabean,Biaora,3000.0,4030.0,3855.0,Madhya Pradesh,Rajgarh
2025-03-15,Soyabean,Biaora,2800.0,3950.0,3950.0,Madhya Pradesh,Rajgarh
2025-03-18,Soyabean,Biaora,3820.0,3820.0,3820.0,Madhya Pradesh,Rajgarh
2025-03-18,Soyabean,Biaora,3405.0,3920.0,3815.0,Madhya Pradesh,Rajgarh
2025-03-20,Soyabean,Biaora,3640.0,3995.0,3995.0,Madhya Pradesh,Rajgarh
2025-03-21,Soyabean,Biaora,3200.0,3995.0,3650.0,Madhya Pradesh,Rajgarh
2025-03-22,Soyabean,Biaora,3420.0,3945.0,3905.0,Madhya Pradesh,Rajgarh
2025-03-26,Soyabean,Biaora,3950.0,3950.0,3950.0,Madhya Pradesh,Rajgarh
2025-03-26,Soyabean,Biaora,3200.0,3990.0,3950.0,Madhya Pradesh,Rajgarh
2025-03-27,Soyabean,Biaora,3235.0,4040.0,3900.0,Madhya Pradesh,Rajgarh
2025-04-02,Soyabean,Biaora,3605.0,4315.0,4300.0,Madhya Pradesh,Rajgarh
2025-04-03,Soyabean,Biaora,3405.0,4320.0,4275.0,Madhya Pradesh,Rajgarh
2025-04-04,Soyabean,Biaora,2700.0,4140.0,3800.0,Madhya Pradesh,Rajgarh
2025-04-04,Soyabean,Biaora,3210.0,4290.0,3800.0,Madhya Pradesh,Rajgarh
2025-04-08,Soyabean,Biaora,3505.0,4340.0,4280.0,Madhya Pradesh,Rajgarh
2025-04-09,Soyabean,Biaora,3365.0,4350.0,4300.0,Madhya Pradesh,Rajgarh
2025-04-11,Soyabean,Biaora,3200.0,4400.0,4340.0,Madhya Pradesh,Rajgarh
2025-04-15,Soyabean,Biaora,3950.0,4300.0,4200.0,Madhya Pradesh,Rajgarh
2025-04-15,Soyabean,Biaora,3900.0,4255.0,4200.0,Madhya Pradesh,Rajgarh
2025-04-16,Soyabean,Biaora,3820.0,4360.0,4300.0,Madhya Pradesh,Rajgarh
2025-04-16,Soyabean,Biaora,4100.0,4350.0,4300.0,Madhya Pradesh,Rajgarh
2025-04-17,Soyabean,Biaora,4090.0,4460.0,4395.0,Madhya Pradesh,Rajgarh
2025-04-19,Soyabean,Biaora,3730.0,4355.0,4210.0,Madhya Pradesh,Rajgarh
2025-04-20,Soyabean,Biaora,3565.0,4375.0,4170.0,Madhya Pradesh,Rajgarh
2025-04-20,Soyabean,Biaora,4130.0,4270.0,4170.0,Madhya Pradesh,Rajgarh
2025-04-22,Soyabean,Biaora,3975.0,4390.0,4320.0,Madhya Pradesh,Rajgarh
2025-04-23,Soyabean,Biaora,3700.0,4330.0,4255.0,Madhya Pradesh,Rajgarh
2025-04-23,Soyabean,Biaora,4070.0,4280.0,4255.0,Madhya Pradesh,Rajgarh
2025-04-24,Soyabean,Biaora,3605.0,4375.0,4260.0,Madhya Pradesh,Rajgarh
2025-04-25,Soyabean,Biaora,3925.0,4315.0,4270.0,Madhya Pradesh,Rajgarh
2025-04-29,Soyabean,Biaora,3920.0,4265.0,4260.0,Madhya Pradesh,Rajgarh
2025-05-02,Soyabean,Biaora,3800.0,4275.0,4240.0,Madhya Pradesh,Rajgarh
2025-05-03,Soyabean,Biaora,3800.0,4315.0,4300.0,Madhya Pradesh,Rajgarh
2025-05-04,Soyabean,Biaora,3800.0,4280.0,4225.0,Madhya Pradesh,Rajgarh
2025-05-06,Soyabean,Biaora,3600.0,4345.0,4250.0,Madhya Pradesh,Rajgarh
2025-05-07,Soyabean,Biaora,3655.0,4330.0,4250.0,Madhya Pradesh,Rajgarh
2025-05-08,Soyabean,Biaora,3870.0,4340.0,4240.0,Madhya Pradesh,Rajgarh
2025-05-09,Soyabean,Biaora,3935.0,4355.0,4250.0,Madhya Pradesh,Rajgarh
2025-05-10,Soyabean,Biaora,3825.0,4415.0,4390.0,Madhya Pradesh,Rajgarh
2025-05-13,Soyabean,Biaora,3505.0,4365.0,4000.0,Madhya Pradesh,Rajgarh
2025-05-13,Soyabean,Biaora,3755.0,4050.0,4000.0,Madhya Pradesh,Rajgarh
2025-05-14,Soyabean,Biaora,3770.0,4305.0,4240.0,Madhya Pradesh,Rajgarh
2025-05-15,Soyabean,Biaora,3800.0,4310.0,4250.0,Madhya Pradesh,Rajgarh
2025-05-16,Soyabean,Biaora,3750.0,4335.0,4190.0,Madhya Pradesh,Rajgarh
2025-05-16,Soyabean,Biaora,3890.0,4205.0,4190.0,Madhya Pradesh,Rajgarh
2025-05-17,Soyabean,Biaora,3700.0,4295.0,4230.0,Madhya Pradesh,Rajgarh
2025-05-18,Soyabean,Biaora,4040.0,4300.0,4230.0,Madhya Pradesh,Rajgarh
2025-05-18,Soyabean,Biaora,3985.0,4290.0,4230.0,Madhya Pradesh,Rajgarh
2025-05-20,Soyabean,Biaora,3935.0,4270.0,4185.0,Madhya Pradesh,Rajgarh
2025-05-20,Soyabean,Biaora,3700.0,4290.0,4185.0,Madhya Pradesh,Rajgarh
2025-05-20,Soyabean,Biaora,4270.0,4270.0,4270.0,Madhya Pradesh,Rajgarh
2025-05-21,Soyabean,Biaora,3400.0,4370.0,4200.0,Madhya Pradesh,Rajgarh
2025-05-21,Soyabean,Biaora,3900.0,4295.0,4200.0,Madhya Pradesh,Rajgarh
2025-05-22,Soyabean,Biaora,3595.0,4300.0,4140.0,Madhya Pradesh,Rajgarh
2025-05-22,Soyabean,Biaora,3700.0,4190.0,4140.0,Madhya Pradesh,Rajgarh
2025-05-23,Soyabean,Biaora,3700.0,4260.0,4200.0,Madhya Pradesh,Rajgarh
2025-05-23,Soyabean,Biaora,4200.0,4200.0,4200.0,Madhya Pradesh,Rajgarh
2025-05-23,Soyabean,Biaora,4260.0,4260.0,4260.0,Madhya Pradesh,Rajgarh
2025-05-24,Soyabean,Biaora,3645.0,4280.0,4155.0,Madhya Pradesh,Rajgarh
2025-05-24,Soyabean,Biaora,3975.0,4200.0,4155.0,Madhya Pradesh,Rajgarh
2025-05-28,Soyabean,Biaora,3405.0,4235.0,4100.0,Madhya Pradesh,Rajgarh
2025-05-28,Soyabean,Biaora,3525.0,4280.0,4100.0,Madhya Pradesh,Rajgarh
2025-05-29,Soyabean,Biaora,3600.0,4330.0,4275.0,Madhya Pradesh,Rajgarh
2025-05-30,Soyabean,Biaora,3860.0,4265.0,4075.0,Madhya Pradesh,Rajgarh
2025-05-30,Soyabean,Biaora,2475.0,4325.0,4075.0,Madhya Pradesh,Rajgarh
2025-05-30,Soyabean,Biaora,2475.0,4310.0,4075.0,Madhya Pradesh,Rajgarh
2025-05-31,Soyabean,Biaora,3500.0,4455.0,4025.0,Madhya Pradesh,Rajgarh
2025-05-31,Soyabean,Biaora,3300.0,4140.0,4025.0,Madhya Pradesh,Rajgarh
2025-06-01,Soyabean,Biaora,3400.0,4315.0,4150.0,Madhya Pradesh,Rajgarh
2025-06-01,Soyabean,Biaora,3515.0,4150.0,4150.0,Madhya Pradesh,Rajgarh
2025-06-03,Soyabean,Biaora,3400.0,4425.0,4185.0,Madhya Pradesh,Rajgarh
2025-06-04,Soyabean,Biaora,3530.0,4440.0,4260.0,Madhya Pradesh,Rajgarh
2025-06-04,Soyabean,Biaora,3735.0,4490.0,4260.0,Madhya Pradesh,Rajgarh
2025-06-05,Soyabean,Biaora,3400.0,4345.0,4220.0,Madhya Pradesh,Rajgarh
2025-06-05,Soyabean,Biaora,3185.0,4405.0,4220.0,Madhya Pradesh,Rajgarh
2025-06-06,Soyabean,Biaora,3050.0,4265.0,4080.0,Madhya Pradesh,Rajgarh
2025-06-06,Soyabean,Biaora,3025.0,4310.0,4080.0,Madhya Pradesh,Rajgarh
2025-06-08,Soyabean,Biaora,3550.0,4300.0,4210.0,Madhya Pradesh,Rajgarh
2025-06-10,Soyabean,Biaora,3400.0,4560.0,4230.0,Madhya Pradesh,Rajgarh
2025-06-10,Soyabean,Biaora,3310.0,4260.0,4230.0,Madhya Pradesh,Rajgarh
2025-06-11,Soyabean,Biaora,3750.0,4500.0,4150.0,Madhya Pradesh,Rajgarh
2025-06-11,Soyabean,Biaora,3220.0,4285.0,4150.0,Madhya Pradesh,Rajgarh
2025-06-12,Soyabean,Biaora,2500.0,4690.0,4125.0,Madhya Pradesh,Rajgarh
2025-06-12,Soyabean,Biaora,4225.0,4225.0,4225.0,Madhya Pradesh,Rajgarh
2025-06-13,Soyabean,Biaora,3100.0,4300.0,4140.0,Madhya Pradesh,Rajgarh
2025-06-13,Soyabean,Biaora,3405.0,4175.0,4140.0,Madhya Pradesh,Rajgarh
2025-06-14,Soyabean,Biaora,3660.0,4200.0,4200.0,Madhya Pradesh,Rajgarh
2025-06-14,Soyabean,Biaora,3100.0,4370.0,4200.0,Madhya Pradesh,Rajgarh
2025-06-17,Soyabean,Biaora,3575.0,4605.0,4100.0,Madhya Pradesh,Rajgarh
2025-06-17,Soyabean,Biaora,3400.0,4700.0,4100.0,Madhya Pradesh,Rajgarh
2025-06-17,Soyabean,Biaora,3575.0,4630.0,4100.0,Madhya Pradesh,Rajgarh
2025-06-18,Soyabean,Biaora,3005.0,4650.0,4200.0,Madhya Pradesh,Rajgarh
2025-06-18,Soyabean,Biaora,3000.0,4365.0,4200.0,Madhya Pradesh,Rajgarh
2025-06-19,Soyabean,Biaora,4000.0,4350.0,4125.0,Madhya Pradesh,Rajgarh
2025-06-19,Soyabean,Biaora,3500.0,4600.0,4125.0,Madhya Pradesh,Rajgarh
2025-06-20,Soyabean,Biaora,3450.0,4625.0,4325.0,Madhya Pradesh,Rajgarh
2025-06-20,Soyabean,Biaora,3945.0,4365.0,4325.0,Madhya Pradesh,Rajgarh
2025-06-21,Soyabean,Biaora,3500.0,4605.0,4300.0,Madhya Pradesh,Rajgarh
2025-06-21,Soyabean,Biaora,3205.0,4300.0,4300.0,Madhya Pradesh,Rajgarh
2025-06-22,Soyabean,Biaora,3765.0,4550.0,4150.0,Madhya Pradesh,Rajgarh
2025-06-22,Soyabean,Biaora,3400.0,4500.0,4150.0,Madhya Pradesh,Rajgarh
2025-06-24,Soyabean,Biaora,3555.0,4610.0,4080.0,Madhya Pradesh,Rajgarh
2025-06-24,Soyabean,Biaora,3755.0,4170.0,4170.0,Madhya Pradesh,Rajgarh
2025-06-24,Soyabean,Biaora,3400.0,4280.0,4080.0,Madhya Pradesh,Rajgarh
2025-06-26,Soyabean,Biaora,2400.0,4385.0,4175.0,Madhya Pradesh,Rajgarh
2025-06-26,Soyabean,Biaora,2800.0,4390.0,4175.0,Madhya Pradesh,Rajgarh
2025-06-27,Soyabean,Biaora,1500.0,4425.0,4100.0,Madhya Pradesh,Rajgarh
2025-06-27,Soyabean,Biaora,4205.0,4205.0,4205.0,Madhya Pradesh,Rajgarh
2025-06-27,Soyabean,Biaora,3500.0,4330.0,4100.0,Madhya Pradesh,Rajgarh
2025-06-28,Soyabean,Biaora,3505.0,4350.0,4220.0,Madhya Pradesh,Rajgarh
2025-06-28,Soyabean,Biaora,3300.0,4280.0,4220.0,Madhya Pradesh,Rajgarh
2025-07-01,Soyabean,Biaora,3000.0,4250.0,4200.0,Madhya Pradesh,Rajgarh
2025-07-01,Soyabean,Biaora,2700.0,4310.0,4200.0,Madhya Pradesh,Rajgarh
2025-07-02,Soyabean,Biaora,3000.0,4315.0,4225.0,Madhya Pradesh,Rajgarh
2025-07-02,Soyabean,Biaora,4230.0,4230.0,4230.0,Madhya Pradesh,Rajgarh
2025-07-02,Soyabean,Biaora,2500.0,4250.0,4225.0,Madhya Pradesh,Rajgarh
2025-07-03,Soyabean,Biaora,3095.0,4345.0,4160.0,Madhya Pradesh,Rajgarh
2025-07-03,Soyabean,Biaora,3005.0,4310.0,4160.0,Madhya Pradesh,Rajgarh
2025-07-04,Soyabean,Biaora,2800.0,4275.0,4245.0,Madhya Pradesh,Rajgarh
2025-07-04,Soyabean,Biaora,2700.0,4330.0,4245.0,Madhya Pradesh,Rajgarh
2025-07-05,Soyabean,Biaora,3410.0,4300.0,4200.0,Madhya Pradesh,Rajgarh
2025-07-05,Soyabean,Biaora,3105.0,4260.0,4200.0,Madhya Pradesh,Rajgarh
2025-07-08,Soyabean,Biaora,3925.0,3925.0,3925.0,Madhya Pradesh,Rajgarh
2025-07-08,Soyabean,Biaora,3200.0,4265.0,4220.0,Madhya Pradesh,Rajgarh
2025-07-08,Soyabean,Biaora,3100.0,4305.0,4220.0,Madhya Pradesh,Rajgarh
2025-07-09,Soyabean,Biaora,2000.0,4275.0,4225.0,Madhya Pradesh,Rajgarh
2025-07-09,Soyabean,Biaora,4200.0,4240.0,4225.0,Madhya Pradesh,Rajgarh
2025-07-10,Soyabean,Biaora,4100.0,4100.0,4100.0,Madhya Pradesh,Rajgarh
2025-07-10,Soyabean,Biaora,3205.0,4260.0,4220.0,Madhya Pradesh,Rajgarh
2025-07-11,Soyabean,Biaora,3000.0,4305.0,4200.0,Madhya Pradesh,Rajgarh
2025-07-12,Soyabean,Biaora,3190.0,4290.0,4000.0,Madhya Pradesh,Rajgarh
2025-07-15,Soyabean,Biaora,3000.0,4340.0,4245.0,Madhya Pradesh,Rajgarh
2025-07-16,Soyabean,Biaora,2265.0,4350.0,4315.0,Madhya Pradesh,Rajgarh
2025-07-17,Soyabean,Biaora,3600.0,4335.0,4295.0,Madhya Pradesh,Rajgarh
2025-07-18,Soyabean,Biaora,2500.0,4445.0,4000.0,Madhya Pradesh,Rajgarh
2025-07-19,Soyabean,Biaora,3100.0,4400.0,4350.0,Madhya Pradesh,Rajgarh
2025-07-20,Soyabean,Biaora,3000.0,4415.0,4350.0,Madhya Pradesh,Rajgarh
2025-07-22,Soyabean,Biaora,2400.0,4395.0,4200.0,Madhya Pradesh,Rajgarh
2025-07-23,Soyabean,Biaora,2250.0,4425.0,4400.0,Madhya Pradesh,Rajgarh
2025-07-25,Soyabean,Biaora,3550.0,4385.0,4385.0,Madhya Pradesh,Rajgarh
2025-07-29,Soyabean,Biaora,3500.0,4290.0,4290.0,Madhya Pradesh,Rajgarh
2025-07-29,Soyabean,Biaora,3500.0,3500.0,3500.0,Madhya Pradesh,Rajgarh
2025-07-30,Soyabean,Biaora,3700.0,4585.0,3700.0,Madhya Pradesh,Rajgarh
2025-07-31,Soyabean,Biaora,3800.0,4655.0,4655.0,Madhya Pradesh,Rajgarh
2025-08-01,Soyabean,Biaora,3310.0,4620.0,4530.0,Madhya Pradesh,Rajgarh
2025-08-02,Soyabean,Biaora,2920.0,4650.0,4600.0,Madhya Pradesh,Rajgarh
2025-08-03,Soyabean,Biaora,3705.0,4815.0,4655.0,Madhya Pradesh,Rajgarh
2025-08-05,Soyabean,Biaora,3800.0,4905.0,4700.0,Madhya Pradesh,Rajgarh
2025-08-06,Soyabean,Biaora,3400.0,4845.0,4700.0,Madhya Pradesh,Rajgarh
2025-08-07,Soyabean,Biaora,3865.0,4800.0,4735.0,Madhya Pradesh,Rajgarh
2025-08-08,Soyabean,Biaora,3615.0,4765.0,4265.0,Madhya Pradesh,Rajgarh
2025-08-12,Soyabean,Biaora,4050.0,4900.0,4785.0,Madhya Pradesh,Rajgarh
2025-08-13,Soyabean,Biaora,3000.0,4850.0,4665.0,Madhya Pradesh,Rajgarh
2025-08-13,Soyabean,Biaora,3600.0,4850.0,4665.0,Madhya Pradesh,Rajgarh
2025-08-14,Soyabean,Biaora,3000.0,4795.0,4655.0,Madhya Pradesh,Rajgarh
2025-08-15,Soyabean,Biaora,4100.0,4100.0,4100.0,Madhya Pradesh,Rajgarh
2025-08-16,Soyabean,Biaora,4000.0,4365.0,4200.0,Madhya Pradesh,Rajgarh
2025-08-16,Soyabean,Biaora,4300.0,4500.0,4500.0,Madhya Pradesh,Rajgarh
2025-08-17,Soyabean,Biaora,3000.0,4770.0,4770.0,Madhya Pradesh,Rajgarh
2025-08-17,Soyabean,Biaora,4315.0,4315.0,4315.0,Madhya Pradesh,Rajgarh
2025-08-19,Soyabean,Biaora,3300.0,4690.0,4550.0,Madhya Pradesh,Rajgarh
2025-08-20,Soyabean,Biaora,3850.0,4755.0,4450.0,Madhya Pradesh,Rajgarh
2025-08-21,Soyabean,Biaora,3800.0,4710.0,4665.0,Madhya Pradesh,Rajgarh
2025-08-22,Soyabean,Biaora,3800.0,4690.0,4525.0,Madhya Pradesh,Rajgarh
2025-08-22,Soyabean,Biaora,4000.0,4000.0,4000.0,Madhya Pradesh,Rajgarh
2025-08-23,Soyabean,Biaora,4200.0,4200.0,4200.0,Madhya Pradesh,Rajgarh
2025-08-26,Soyabean,Biaora,3900.0,4520.0,4300.0,Madhya Pradesh,Rajgarh
2025-08-27,Soyabean,Biaora,4540.0,4550.0,4540.0,Madhya Pradesh,Rajgarh
2025-08-28,Soyabean,Biaora,3400.0,4605.0,4605.0,Madhya Pradesh,Rajgarh
2025-08-29,Soyabean,Biaora,3000.0,4560.0,4155.0,Madhya Pradesh,Rajgarh
2025-08-31,Soyabean,Biaora,3650.0,4550.0,4500.0,Madhya Pradesh,Rajgarh
2025-08-31,Soyabean,Biaora,3650.0,4635.0,4500.0,Madhya Pradesh,Rajgarh
2025-09-02,Soyabean,Biaora,3665.0,4660.0,4375.0,Madhya Pradesh,Rajgarh
2025-09-04,Soyabean,Biaora,3680.0,4630.0,4350.0,Madhya Pradesh,Rajgarh
2025-09-07,Soyabean,Biaora,4055.0,4535.0,4535.0,Madhya Pradesh,Rajgarh
2025-09-09,Soyabean,Biaora,3300.0,4505.0,4490.0,Madhya Pradesh,Rajgarh
2025-09-10,Soyabean,Biaora,3200.0,4480.0,4350.0,Madhya Pradesh,Rajgarh
2025-09-11,Soyabean,Biaora,2410.0,4500.0,4350.0,Madhya Pradesh,Rajgarh
2025-09-12,Soyabean,Biaora,3280.0,4385.0,4300.0,Madhya Pradesh,Rajgarh
2025-09-13,Soyabean,Biaora,3000.0,4475.0,4385.0,Madhya Pradesh,Rajgarh
2025-09-16,Soyabean,Biaora,2900.0,4500.0,4275.0,Madhya Pradesh,Rajgarh
2025-09-17,Soyabean,Biaora,2911.0,4440.0,4255.0,Madhya Pradesh,Rajgarh
2025-09-18,Soyabean,Biaora,1925.0,4465.0,4245.0,Madhya Pradesh,Rajgarh
2025-09-18,Soyabean,Biaora,4275.0,4275.0,4275.0,Madhya Pradesh,Rajgarh
2025-09-19,Soyabean,Biaora,3185.0,4460.0,4350.0,Madhya Pradesh,Rajgarh
2025-09-20,Soyabean,Biaora,2000.0,4440.0,3805.0,Madhya Pradesh,Rajgarh
2025-09-23,Soyabean,Biaora,3600.0,3900.0,3900.0,Madhya Pradesh,Rajgarh
2025-09-24,Soyabean,Biaora,2340.0,4330.0,3900.0,Madhya Pradesh,Rajgarh
2025-09-24,Soyabean,Biaora,1305.0,4330.0,3900.0,Madhya Pradesh,Rajgarh
2025-09-25,Soyabean,Biaora,1790.0,4360.0,3800.0,Madhya Pradesh,Rajgarh
2025-09-26,Soyabean,Biaora,3205.0,4430.0,3700.0,Madhya Pradesh,Rajgarh
2025-09-26,Soyabean,Biaora,3955.0,4345.0,4345.0,Madhya Pradesh,Rajgarh
2025-09-26,Soyabean,Biaora,3400.0,4150.0,3700.0,Madhya Pradesh,Rajgarh
2025-09-27,Soyabean,Biaora,2700.0,4410.0,4275.0,Madhya Pradesh,Rajgarh
2025-09-27,Soyabean,Biaora,3790.0,4300.0,4275.0,Madhya Pradesh,Rajgarh
2025-09-28,Soyabean,Biaora,3300.0,4100.0,4100.0,Madhya Pradesh,Rajgarh
2025-09-28,Soyabean,Biaora,3385.0,3385.0,3385.0,Madhya Pradesh,Rajgarh
2025-09-29,Soyabean,Biaora,3800.0,4000.0,4000.0,Madhya Pradesh,Rajgarh
2025-09-29,Soyabean,Biaora,3700.0,4000.0,4000.0,Madhya Pradesh,Rajgarh
2025-09-30,Soyabean,Biaora,4030.0,4205.0,4205.0,Madhya Pradesh,Rajgarh
2025-10-02,Soyabean,Biaora,4000.0,4000.0,4000.0,Madhya Pradesh,Rajgarh
2025-10-03,Soyabean,Biaora,3925.0,4175.0,4100.0,Madhya Pradesh,Rajgarh
2025-10-03,Soyabean,Biaora,2900.0,4455.0,4100.0,Madhya Pradesh,Rajgarh
2025-10-04,Soyabean,Biaora,2415.0,4555.0,4250.0,Madhya Pradesh,Rajgarh
2025-10-05,Soyabean,Biaora,2700.0,4520.0,4100.0,Madhya Pradesh,Rajgarh
2025-10-05,Soyabean,Biaora,2700.0,4520.0,4000.0,Madhya Pradesh,Rajgarh
2025-10-08,Soyabean,Biaora,2200.0,4300.0,4100.0,Madhya Pradesh,Rajgarh
2025-10-08,Soyabean,Biaora,3905.0,3905.0,3905.0,Madhya Pradesh,Rajgarh
2025-10-08,Soyabean,Biaora,3850.0,4015.0,3900.0,Madhya Pradesh,Rajgarh
2025-10-09,Soyabean,Biaora,3770.0,3770.0,3770.0,Madhya Pradesh,Rajgarh
2025-10-09,Soyabean,Biaora,3600.0,4300.0,4100.0,Madhya Pradesh,Rajgarh
2025-10-09,Soyabean,Biaora,2600.0,4425.0,4100.0,Madhya Pradesh,Rajgarh
2025-10-10,Soyabean,Biaora,3825.0,4225.0,4225.0,Madhya Pradesh,Rajgarh
2025-10-12,Soyabean,Biaora,3800.0,4260.0,3900.0,Madhya Pradesh,Rajgarh
2025-10-13,Soyabean,Biaora,3800.0,4050.0,4050.0,Madhya Pradesh,Rajgarh
2025-10-14,Soyabean,Biaora,3675.0,3955.0,3800.0,Madhya Pradesh,Rajgarh
2025-10-14,Soyabean,Biaora,4090.0,4090.0,4090.0,Madhya Pradesh,Rajgarh
2025-10-14,Soyabean,Biaora,2805.0,4370.0,3800.0,Madhya Pradesh,Rajgarh
2025-10-15,Soyabean,Biaora,1600.0,4350.0,3900.0,Madhya Pradesh,Rajgarh
2025-10-15,Soyabean,Biaora,3935.0,3935.0,3935.0,Madhya Pradesh,Rajgarh
2025-10-15,Soyabean,Biaora,3900.0,4100.0,3900.0,Madhya Pradesh,Rajgarh
2025-10-16,Soyabean,Biaora,3725.0,4230.0,4000.0,Madhya Pradesh,Rajgarh
2025-10-16,Soyabean,Biaora,2700.0,4395.0,4000.0,Madhya Pradesh,Rajgarh
2025-10-17,Soyabean,Biaora,4050.0,4050.0,4050.0,Madhya Pradesh,Rajgarh
2025-10-18,Soyabean,Biaora,3890.0,4100.0,4100.0,Madhya Pradesh,Rajgarh
2025-10-22,Soyabean,Biaora,3850.0,4000.0,3900.0,Madhya Pradesh,Rajgarh
2025-10-22,Soyabean,Biaora,3811.0,4030.0,3900.0,Madhya Pradesh,Rajgarh
2025-10-23,Soyabean,Biaora,3650.0,4000.0,4000.0,Madhya Pradesh,Rajgarh
2025-10-24,Soyabean,Biaora,3500.0,4385.0,4185.0,Madhya Pradesh,Rajgarh
2025-10-26,Soyabean,Biaora,3720.0,4150.0,4150.0,Madhya Pradesh,Rajgarh
2025-10-27,Soyabean,Biaora,3700.0,4200.0,4200.0,Madhya Pradesh,Rajgarh
2025-10-28,Soyabean,Biaora,3600.0,4250.0,4100.0,Madhya Pradesh,Rajgarh
2025-10-28,Soyabean,Biaora,2900.0,4390.0,4100.0,Madhya Pradesh,Rajgarh
2025-10-29,Soyabean,Biaora,2500.0,4250.0,4075.0,Madhya Pradesh,Rajgarh
2025-10-29,Soyabean,Biaora,1800.0,4365.0,4075.0,Madhya Pradesh,Rajgarh
2025-10-30,Soyabean,Biaora,1600.0,4280.0,4100.0,Madhya Pradesh,Rajgarh
2025-10-30,Soyabean,Biaora,2705.0,4100.0,4100.0,Madhya Pradesh,Rajgarh
2025-10-31,Soyabean,Biaora,2510.0,4360.0,4150.0,Madhya Pradesh,Rajgarh
2025-10-31,Soyabean,Biaora,3675.0,4150.0,4150.0,Madhya Pradesh,Rajgarh
2025-11-01,Soyabean,Biaora,3750.0,3900.0,3870.0,Madhya Pradesh,Rajgarh
2025-11-02,Soyabean,Biaora,3780.0,4150.0,4150.0,Madhya Pradesh,Rajgarh
2025-11-04,Soyabean,Biaora,3300.0,4415.0,4180.0,Madhya Pradesh,Rajgarh
2006-04-18,Wheat,Khilchipur,765.0,1125.0,796.0,Madhya Pradesh,Rajgarh
2006-04-18,Wheat,Khilchipur,500.0,1018.0,794.0,Madhya Pradesh,Rajgarh
2006-04-25,Wheat,Khilchipur,651.0,1020.0,830.0,Madhya Pradesh,Rajgarh
2006-04-25,Wheat,Khilchipur,781.0,1543.0,830.0,Madhya Pradesh,Rajgarh
2006-04-26,Wheat,Khilchipur,776.0,845.0,794.0,Madhya Pradesh,Rajgarh
2006-04-26,Wheat,Khilchipur,650.0,1511.0,840.0,Madhya Pradesh,Rajgarh
2006-04-27,Wheat,Khilchipur,678.0,1297.0,860.0,Madhya Pradesh,Rajgarh
2006-04-29,Wheat,Khilchipur,655.0,1381.0,850.0,Madhya Pradesh,Rajgarh
2006-04-29,Wheat,Khilchipur,701.0,968.0,838.0,Madhya Pradesh,Rajgarh
2006-05-03,Wheat,Khilchipur,831.0,1631.0,870.0,Madhya Pradesh,Rajgarh
2006-05-03,Wheat,Khilchipur,811.0,928.0,844.0,Madhya Pradesh,Rajgarh
2006-05-04,Wheat,Khilchipur,600.0,985.0,861.0,Madhya Pradesh,Rajgarh
2006-05-04,Wheat,Khilchipur,840.0,1494.0,870.0,Madhya Pradesh,Rajgarh
2006-05-05,Wheat,Khilchipur,700.0,1450.0,850.0,Madhya Pradesh,Rajgarh
2006-05-05,Wheat,Khilchipur,700.0,1380.0,875.0,Madhya Pradesh,Rajgarh
2006-05-06,Wheat,Khilchipur,840.0,1500.0,875.0,Madhya Pradesh,Rajgarh
2006-05-06,Wheat,Khilchipur,752.0,969.0,870.0,Madhya Pradesh,Rajgarh
2006-05-08,Wheat,Khilchipur,741.0,1393.0,883.0,Madhya Pradesh,Rajgarh
2006-05-08,Wheat,Khilchipur,701.0,993.0,885.0,Madhya Pradesh,Rajgarh
2006-05-09,Wheat,Khilchipur,725.0,1058.0,850.0,Madhya Pradesh,Rajgarh
2006-05-09,Wheat,Khilchipur,802.0,1606.0,870.0,Madhya Pradesh,Rajgarh
2006-05-10,Wheat,Khilchipur,800.0,1538.0,876.0,Madhya Pradesh,Rajgarh
2006-05-10,Wheat,Khilchipur,760.0,1100.0,860.0,Madhya Pradesh,Rajgarh
2006-05-11,Wheat,Khilchipur,850.0,1552.0,880.0,Madhya Pradesh,Rajgarh
2006-05-11,Wheat,Khilchipur,625.0,1051.0,831.0,Madhya Pradesh,Rajgarh
2006-05-12,Wheat,Khilchipur,761.0,1125.0,870.0,Madhya Pradesh,Rajgarh
2006-05-12,Wheat,Khilchipur,850.0,1606.0,890.0,Madhya Pradesh,Rajgarh
2006-05-13,Wheat,Khilchipur,825.0,1450.0,893.0,Madhya Pradesh,Rajgarh
2006-05-15,Wheat,Khilchipur,850.0,1755.0,906.0,Madhya Pradesh,Rajgarh
2006-05-16,Wheat,Khilchipur,825.0,1308.0,906.0,Madhya Pradesh,Rajgarh
2006-05-16,Wheat,Khilchipur,500.0,1175.0,869.0,Madhya Pradesh,Rajgarh
2006-05-17,Wheat,Khilchipur,750.0,1133.0,884.0,Madhya Pradesh,Rajgarh
2006-05-17,Wheat,Khilchipur,866.0,1574.0,1000.0,Madhya Pradesh,Rajgarh
2006-05-18,Wheat,Khilchipur,850.0,1480.0,900.0,Madhya Pradesh,Rajgarh
2006-05-18,Wheat,Khilchipur,701.0,1129.0,891.0,Madhya Pradesh,Rajgarh
2006-05-20,Wheat,Khilchipur,701.0,1101.0,871.0,Madhya Pradesh,Rajgarh
2006-05-20,Wheat,Khilchipur,866.0,1325.0,892.0,Madhya Pradesh,Rajgarh
2006-05-22,Wheat,Khilchipur,800.0,1111.0,861.0,Madhya Pradesh,Rajgarh
2006-05-22,Wheat,Khilchipur,881.0,1071.0,1071.0,Madhya Pradesh,Rajgarh
2006-05-23,Wheat,Khilchipur,501.0,1035.0,858.0,Madhya Pradesh,Rajgarh
2006-05-23,Wheat,Khilchipur,829.0,1451.0,885.0,Madhya Pradesh,Rajgarh
2006-05-24,Wheat,Khilchipur,805.0,1400.0,1000.0,Madhya Pradesh,Rajgarh
2006-05-24,Wheat,Khilchipur,691.0,1093.0,871.0,Madhya Pradesh,Rajgarh
2006-05-25,Wheat,Khilchipur,830.0,991.0,951.0,Madhya Pradesh,Rajgarh
2006-05-25,Wheat,Khilchipur,721.0,1036.0,860.0,Madhya Pradesh,Rajgarh
2006-05-26,Wheat,Khilchipur,750.0,1401.0,870.0,Madhya Pradesh,Rajgarh
2006-05-26,Wheat,Khilchipur,791.0,1069.0,868.0,Madhya Pradesh,Rajgarh
2006-05-27,Wheat,Khilchipur,825.0,1041.0,900.0,Madhya Pradesh,Rajgarh
2006-05-27,Wheat,Khilchipur,800.0,1801.0,870.0,Madhya Pradesh,Rajgarh
2006-05-29,Wheat,Khilchipur,825.0,1429.0,885.0,Madhya Pradesh,Rajgarh
2006-05-29,Wheat,Khilchipur,601.0,1070.0,875.0,Madhya Pradesh,Rajgarh
2006-05-30,Wheat,Khilchipur,825.0,1510.0,880.0,Madhya Pradesh,Rajgarh
2006-05-31,Wheat,Khilchipur,755.0,1538.0,881.0,Madhya Pradesh,Rajgarh
2006-05-31,Wheat,Khilchipur,701.0,2200.0,1000.0,Madhya Pradesh,Rajgarh
2006-06-01,Wheat,Khilchipur,814.0,1493.0,920.0,Madhya Pradesh,Rajgarh
2006-06-02,Wheat,Khilchipur,701.0,1025.0,825.0,Madhya Pradesh,Rajgarh
2006-06-02,Wheat,Khilchipur,825.0,1451.0,851.0,Madhya Pradesh,Rajgarh
2006-06-03,Wheat,Khilchipur,751.0,1011.0,830.0,Madhya Pradesh,Rajgarh
2006-06-03,Wheat,Khilchipur,785.0,1270.0,870.0,Madhya Pradesh,Rajgarh
2006-06-05,Wheat,Khilchipur,840.0,1400.0,870.0,Madhya Pradesh,Rajgarh
2006-06-05,Wheat,Khilchipur,721.0,1044.0,871.0,Madhya Pradesh,Rajgarh
2006-06-06,Wheat,Khilchipur,757.0,1038.0,854.0,Madhya Pradesh,Rajgarh
2006-06-06,Wheat,Khilchipur,832.0,1087.0,870.0,Madhya Pradesh,Rajgarh
2006-06-07,Wheat,Khilchipur,601.0,1037.0,858.0,Madhya Pradesh,Rajgarh
2006-06-07,Wheat,Khilchipur,820.0,1541.0,870.0,Madhya Pradesh,Rajgarh
2006-06-08,Wheat,Khilchipur,833.0,1399.0,873.0,Madhya Pradesh,Rajgarh
2006-06-08,Wheat,Khilchipur,461.0,1034.0,858.0,Madhya Pradesh,Rajgarh
2006-06-09,Wheat,Khilchipur,802.0,1521.0,861.0,Madhya Pradesh,Rajgarh
2006-06-09,Wheat,Khilchipur,830.0,1651.0,870.0,Madhya Pradesh,Rajgarh
2006-06-10,Wheat,Khilchipur,811.0,1401.0,875.0,Madhya Pradesh,Rajgarh
2006-06-10,Wheat,Khilchipur,700.0,1015.0,872.0,Madhya Pradesh,Rajgarh
2006-06-12,Wheat,Khilchipur,825.0,1050.0,881.0,Madhya Pradesh,Rajgarh
2006-06-12,Wheat,Khilchipur,820.0,1050.0,864.0,Madhya Pradesh,Rajgarh
2006-06-13,Wheat,Khilchipur,789.0,1055.0,865.0,Madhya Pradesh,Rajgarh
2006-06-13,Wheat,Khilchipur,859.0,2240.0,901.0,Madhya Pradesh,Rajgarh
2006-06-14,Wheat,Khilchipur,900.0,2309.0,2309.0,Madhya Pradesh,Rajgarh
2006-06-14,Wheat,Khilchipur,830.0,1067.0,873.0,Madhya Pradesh,Rajgarh
2006-06-15,Wheat,Khilchipur,830.0,1282.0,870.0,Madhya Pradesh,Rajgarh
2006-06-15,Wheat,Khilchipur,800.0,1044.0,863.0,Madhya Pradesh,Rajgarh
2006-06-15,Wheat,Khilchipur,861.0,2171.0,925.0,Madhya Pradesh,Rajgarh
2006-06-16,Wheat,Khilchipur,866.0,1869.0,887.0,Madhya Pradesh,Rajgarh
2006-06-16,Wheat,Khilchipur,825.0,1058.0,864.0,Madhya Pradesh,Rajgarh
2006-06-17,Wheat,Khilchipur,832.0,1051.0,870.0,Madhya Pradesh,Rajgarh
2006-06-17,Wheat,Khilchipur,863.0,1353.0,880.0,Madhya Pradesh,Rajgarh
2006-06-19,Wheat,Khilchipur,787.0,1061.0,875.0,Madhya Pradesh,Rajgarh
2006-06-19,Wheat,Khilchipur,701.0,1412.0,876.0,Madhya Pradesh,Rajgarh
2006-06-20,Wheat,Khilchipur,701.0,1100.0,875.0,Madhya Pradesh,Rajgarh
2006-06-20,Wheat,Khilchipur,840.0,1290.0,872.0,Madhya Pradesh,Rajgarh
2006-06-21,Wheat,Khilchipur,800.0,1040.0,870.0,Madhya Pradesh,Rajgarh
2006-06-21,Wheat,Khilchipur,847.0,1392.0,876.0,Madhya Pradesh,Rajgarh
2006-06-22,Wheat,Khilchipur,834.0,1050.0,880.0,Madhya Pradesh,Rajgarh
2006-06-22,Wheat,Khilchipur,812.0,1053.0,885.0,Madhya Pradesh,Rajgarh
2006-06-23,Wheat,Khilchipur,700.0,1034.0,825.0,Madhya Pradesh,Rajgarh
2006-06-23,Wheat,Khilchipur,791.0,1325.0,873.0,Madhya Pradesh,Rajgarh
2006-06-24,Wheat,Khilchipur,731.0,1020.0,855.0,Madhya Pradesh,Rajgarh
2006-06-24,Wheat,Khilchipur,781.0,973.0,830.0,Madhya Pradesh,Rajgarh
2006-06-26,Wheat,Khilchipur,726.0,1022.0,842.0,Madhya Pradesh,Rajgarh
2006-06-26,Wheat,Khilchipur,800.0,998.0,843.0,Madhya Pradesh,Rajgarh
2006-06-27,Wheat,Khilchipur,656.0,1002.0,840.0,Madhya Pradesh,Rajgarh
2006-06-27,Wheat,Khilchipur,820.0,1315.0,854.0,Madhya Pradesh,Rajgarh
2006-06-28,Wheat,Khilchipur,771.0,940.0,860.0,Madhya Pradesh,Rajgarh
2006-06-28,Wheat,Khilchipur,800.0,1333.0,1008.0,Madhya Pradesh,Rajgarh
2006-06-30,Wheat,Khilchipur,367.0,975.0,894.0,Madhya Pradesh,Rajgarh
2006-06-30,Wheat,Khilchipur,820.0,945.0,851.0,Madhya Pradesh,Rajgarh
2006-07-01,Wheat,Khilchipur,810.0,961.0,830.0,Madhya Pradesh,Rajgarh
2006-07-01,Wheat,Khilchipur,761.0,1025.0,866.0,Madhya Pradesh,Rajgarh
2006-07-04,Wheat,Khilchipur,750.0,1325.0,1325.0,Madhya Pradesh,Rajgarh
2006-07-04,Wheat,Khilchipur,854.0,1026.0,863.0,Madhya Pradesh,Rajgarh
2006-07-05,Wheat,Khilchipur,860.0,864.0,860.0,Madhya Pradesh,Rajgarh
2006-07-05,Wheat,Khilchipur,849.0,987.0,987.0,Madhya Pradesh,Rajgarh
2006-07-06,Wheat,Khilchipur,701.0,858.0,858.0,Madhya Pradesh,Rajgarh
2006-07-06,Wheat,Khilchipur,842.0,980.0,980.0,Madhya Pradesh,Rajgarh
2006-07-07,Wheat,Khilchipur,652.0,1025.0,851.0,Madhya Pradesh,Rajgarh
2006-07-07,Wheat,Khilchipur,873.0,1030.0,896.0,Madhya Pradesh,Rajgarh
2006-07-08,Wheat,Khilchipur,800.0,925.0,861.0,Madhya Pradesh,Rajgarh
2006-07-08,Wheat,Khilchipur,853.0,1040.0,903.0,Madhya Pradesh,Rajgarh
2006-07-10,Wheat,Khilchipur,700.0,980.0,870.0,Madhya Pradesh,Rajgarh
2006-07-10,Wheat,Khilchipur,607.0,1094.0,870.0,Madhya Pradesh,Rajgarh
2006-07-12,Wheat,Khilchipur,802.0,1033.0,846.0,Madhya Pradesh,Rajgarh
2006-07-12,Wheat,Khilchipur,765.0,1190.0,876.0,Madhya Pradesh,Rajgarh
2006-07-13,Wheat,Khilchipur,801.0,1048.0,855.0,Madhya Pradesh,Rajgarh
2006-07-13,Wheat,Khilchipur,846.0,2886.0,875.0,Madhya Pradesh,Rajgarh
2006-07-14,Wheat,Khilchipur,775.0,1124.0,888.0,Madhya Pradesh,Rajgarh
2006-07-15,Wheat,Khilchipur,876.0,1087.0,1087.0,Madhya Pradesh,Rajgarh
2006-07-15,Wheat,Khilchipur,810.0,1095.0,869.0,Madhya Pradesh,Rajgarh
2006-07-17,Wheat,Khilchipur,820.0,1406.0,900.0,Madhya Pradesh,Rajgarh
2006-07-17,Wheat,Khilchipur,700.0,1027.0,925.0,Madhya Pradesh,Rajgarh
2006-07-19,Wheat,Khilchipur,872.0,1045.0,877.0,Madhya Pradesh,Rajgarh
2006-07-19,Wheat,Khilchipur,560.0,1071.0,1071.0,Madhya Pradesh,Rajgarh
2006-07-20,Wheat,Khilchipur,700.0,885.0,884.0,Madhya Pradesh,Rajgarh
2006-07-20,Wheat,Khilchipur,812.0,1087.0,880.0,Madhya Pradesh,Rajgarh
2006-07-21,Wheat,Khilchipur,816.0,1076.0,885.0,Madhya Pradesh,Rajgarh
2006-07-22,Wheat,Khilchipur,825.0,1110.0,867.0,Madhya Pradesh,Rajgarh
2006-07-22,Wheat,Khilchipur,860.0,1200.0,891.0,Madhya Pradesh,Rajgarh
2006-07-24,Wheat,Khilchipur,800.0,1040.0,1028.0,Madhya Pradesh,Rajgarh
2006-07-24,Wheat,Khilchipur,752.0,1090.0,890.0,Madhya Pradesh,Rajgarh
2006-07-25,Wheat,Khilchipur,921.0,1045.0,1045.0,Madhya Pradesh,Rajgarh
2006-07-26,Wheat,Khilchipur,879.0,1078.0,915.0,Madhya Pradesh,Rajgarh
2006-07-26,Wheat,Khilchipur,740.0,1095.0,900.0,Madhya Pradesh,Rajgarh
2006-07-27,Wheat,Khilchipur,815.0,1089.0,873.0,Madhya Pradesh,Rajgarh
2006-07-27,Wheat,Khilchipur,870.0,1068.0,885.0,Madhya Pradesh,Rajgarh
2006-07-28,Wheat,Khilchipur,857.0,1084.0,872.0,Madhya Pradesh,Rajgarh
2006-07-28,Wheat,Khilchipur,880.0,950.0,950.0,Madhya Pradesh,Rajgarh
2006-07-29,Wheat,Khilchipur,800.0,1113.0,881.0,Madhya Pradesh,Rajgarh
2006-07-29,Wheat,Khilchipur,862.0,1060.0,885.0,Madhya Pradesh,Rajgarh
2006-08-01,Wheat,Khilchipur,825.0,1080.0,880.0,Madhya Pradesh,Rajgarh
2006-08-01,Wheat,Khilchipur,860.0,922.0,880.0,Madhya Pradesh,Rajgarh
2006-08-02,Wheat,Khilchipur,695.0,1101.0,875.0,Madhya Pradesh,Rajgarh
2006-08-02,Wheat,Khilchipur,837.0,1065.0,890.0,Madhya Pradesh,Rajgarh
2006-08-03,Wheat,Khilchipur,800.0,1200.0,930.0,Madhya Pradesh,Rajgarh
2006-08-03,Wheat,Khilchipur,850.0,1104.0,880.0,Madhya Pradesh,Rajgarh
2006-08-04,Wheat,Khilchipur,800.0,1098.0,880.0,Madhya Pradesh,Rajgarh
2006-08-04,Wheat,Khilchipur,840.0,1296.0,885.0,Madhya Pradesh,Rajgarh
2006-08-05,Wheat,Khilchipur,803.0,1090.0,880.0,Madhya Pradesh,Rajgarh
2006-08-05,Wheat,Khilchipur,850.0,1325.0,885.0,Madhya Pradesh,Rajgarh
2006-08-07,Wheat,Khilchipur,870.0,931.0,870.0,Madhya Pradesh,Rajgarh
2006-08-07,Wheat,Khilchipur,760.0,1096.0,893.0,Madhya Pradesh,Rajgarh
2006-08-10,Wheat,Khilchipur,970.0,1091.0,1091.0,Madhya Pradesh,Rajgarh
2006-08-11,Wheat,Khilchipur,901.0,911.0,911.0,Madhya Pradesh,Rajgarh
2006-08-12,Wheat,Khilchipur,886.0,1084.0,1084.0,Madhya Pradesh,Rajgarh
2006-08-12,Wheat,Khilchipur,891.0,1029.0,1029.0,Madhya Pradesh,Rajgarh
2006-08-14,Wheat,Khilchipur,858.0,1826.0,952.0,Madhya Pradesh,Rajgarh
2006-08-14,Wheat,Khilchipur,886.0,886.0,886.0,Madhya Pradesh,Rajgarh
2006-08-18,Wheat,Khilchipur,970.0,971.0,971.0,Madhya Pradesh,Rajgarh
2006-08-18,Wheat,Khilchipur,950.0,1700.0,1700.0,Madhya Pradesh,Rajgarh
2006-08-21,Wheat,Khilchipur,801.0,1255.0,978.0,Madhya Pradesh,Rajgarh
2006-08-21,Wheat,Khilchipur,600.0,1197.0,970.0,Madhya Pradesh,Rajgarh
2006-08-24,Wheat,Khilchipur,912.0,1196.0,965.0,Madhya Pradesh,Rajgarh
2006-08-24,Wheat,Khilchipur,800.0,1120.0,940.0,Madhya Pradesh,Rajgarh
2006-08-25,Wheat,Khilchipur,788.0,1199.0,975.0,Madhya Pradesh,Rajgarh
2006-08-25,Wheat,Khilchipur,776.0,1180.0,971.0,Madhya Pradesh,Rajgarh
2006-08-26,Wheat,Khilchipur,950.0,1201.0,965.0,Madhya Pradesh,Rajgarh
2006-08-26,Wheat,Khilchipur,984.0,984.0,984.0,Madhya Pradesh,Rajgarh
2006-08-29,Wheat,Khilchipur,1026.0,1026.0,1026.0,Madhya Pradesh,Rajgarh
2006-08-29,Wheat,Khilchipur,757.0,1134.0,1134.0,Madhya Pradesh,Rajgarh
2006-08-30,Wheat,Khilchipur,911.0,1140.0,978.0,Madhya Pradesh,Rajgarh
2006-08-30,Wheat,Khilchipur,830.0,1132.0,1000.0,Madhya Pradesh,Rajgarh
2006-08-31,Wheat,Khilchipur,942.0,1333.0,1333.0,Madhya Pradesh,Rajgarh
2006-08-31,Wheat,Khilchipur,828.0,1173.0,1173.0,Madhya Pradesh,Rajgarh
2006-09-01,Wheat,Khilchipur,936.0,1230.0,1000.0,Madhya Pradesh,Rajgarh
2006-09-02,Wheat,Khilchipur,908.0,1140.0,953.0,Madhya Pradesh,Rajgarh
2006-09-02,Wheat,Khilchipur,760.0,1090.0,1090.0,Madhya Pradesh,Rajgarh
2006-09-04,Wheat,Khilchipur,700.0,1115.0,981.0,Madhya Pradesh,Rajgarh
2006-09-04,Wheat,Khilchipur,921.0,1126.0,974.0,Madhya Pradesh,Rajgarh
2006-09-05,Wheat,Khilchipur,800.0,1141.0,1141.0,Madhya Pradesh,Rajgarh
2006-09-05,Wheat,Khilchipur,926.0,1101.0,956.0,Madhya Pradesh,Rajgarh
2006-09-06,Wheat,Khilchipur,900.0,1123.0,975.0,Madhya Pradesh,Rajgarh
2006-09-07,Wheat,Khilchipur,1011.0,1020.0,1020.0,Madhya Pradesh,Rajgarh
2006-09-07,Wheat,Khilchipur,681.0,1071.0,1000.0,Madhya Pradesh,Rajgarh
2006-09-08,Wheat,Khilchipur,895.0,1146.0,969.0,Madhya Pradesh,Rajgarh
2006-09-08,Wheat,Khilchipur,958.0,1156.0,975.0,Madhya Pradesh,Rajgarh
2006-09-09,Wheat,Khilchipur,951.0,1236.0,980.0,Madhya Pradesh,Rajgarh
2006-09-09,Wheat,Khilchipur,871.0,1126.0,978.0,Madhya Pradesh,Rajgarh
2006-09-11,Wheat,Khilchipur,925.0,1352.0,990.0,Madhya Pradesh,Rajgarh
2006-09-13,Wheat,Khilchipur,911.0,3653.0,984.0,Madhya Pradesh,Rajgarh
2006-09-13,Wheat,Khilchipur,932.0,1182.0,1000.0,Madhya Pradesh,Rajgarh
2006-09-14,Wheat,Khilchipur,880.0,1096.0,976.0,Madhya Pradesh,Rajgarh
2006-09-14,Wheat,Khilchipur,800.0,1181.0,972.0,Madhya Pradesh,Rajgarh
2006-09-15,Wheat,Khilchipur,895.0,1321.0,976.0,Madhya Pradesh,Rajgarh
2006-09-15,Wheat,Khilchipur,910.0,1184.0,970.0,Madhya Pradesh,Rajgarh
2006-09-18,Wheat,Khilchipur,893.0,1099.0,1001.0,Madhya Pradesh,Rajgarh
2006-09-18,Wheat,Khilchipur,882.0,1186.0,980.0,Madhya Pradesh,Rajgarh
2006-09-19,Wheat,Khilchipur,935.0,1298.0,1015.0,Madhya Pradesh,Rajgarh
2006-09-19,Wheat,Khilchipur,610.0,1194.0,971.0,Madhya Pradesh,Rajgarh
2006-09-20,Wheat,Khilchipur,900.0,1171.0,1125.0,Madhya Pradesh,Rajgarh
2006-09-20,Wheat,Khilchipur,891.0,950.0,950.0,Madhya Pradesh,Rajgarh
2006-09-22,Wheat,Khilchipur,979.0,979.0,979.0,Madhya Pradesh,Rajgarh
2006-09-22,Wheat,Khilchipur,904.0,1701.0,1000.0,Madhya Pradesh,Rajgarh
2006-09-23,Wheat,Khilchipur,959.0,976.0,970.0,Madhya Pradesh,Rajgarh
2006-09-23,Wheat,Khilchipur,950.0,975.0,975.0,Madhya Pradesh,Rajgarh
2006-09-25,Wheat,Khilchipur,890.0,1385.0,1000.0,Madhya Pradesh,Rajgarh
2006-09-25,Wheat,Khilchipur,890.0,1148.0,984.0,Madhya Pradesh,Rajgarh
2006-09-26,Wheat,Khilchipur,900.0,1144.0,971.0,Madhya Pradesh,Rajgarh
2006-09-26,Wheat,Khilchipur,995.0,995.0,995.0,Madhya Pradesh,Rajgarh
2006-09-27,Wheat,Khilchipur,850.0,1154.0,982.0,Madhya Pradesh,Rajgarh
2006-09-27,Wheat,Khilchipur,500.0,1190.0,980.0,Madhya Pradesh,Rajgarh
2006-09-28,Wheat,Khilchipur,877.0,1223.0,955.0,Madhya Pradesh,Rajgarh
2006-09-28,Wheat,Khilchipur,900.0,1101.0,986.0,Madhya Pradesh,Rajgarh
2006-09-29,Wheat,Khilchipur,850.0,2945.0,950.0,Madhya Pradesh,Rajgarh
2006-09-29,Wheat,Khilchipur,900.0,1278.0,960.0,Madhya Pradesh,Rajgarh
2006-09-30,Wheat,Khilchipur,751.0,1200.0,1000.0,Madhya Pradesh,Rajgarh
2006-09-30,Wheat,Khilchipur,850.0,1111.0,930.0,Madhya Pradesh,Rajgarh
2006-10-03,Wheat,Khilchipur,920.0,1134.0,960.0,Madhya Pradesh,Rajgarh
2006-10-03,Wheat,Khilchipur,936.0,1143.0,979.0,Madhya Pradesh,Rajgarh
2006-10-04,Wheat,Khilchipur,850.0,1140.0,959.0,Madhya Pradesh,Rajgarh
2006-10-04,Wheat,Khilchipur,800.0,1107.0,970.0,Madhya Pradesh,Rajgarh
2006-10-06,Wheat,Khilchipur,650.0,1145.0,950.0,Madhya Pradesh,Rajgarh
2006-10-06,Wheat,Khilchipur,800.0,1146.0,940.0,Madhya Pradesh,Rajgarh
2006-10-09,Wheat,Khilchipur,850.0,1125.0,950.0,Madhya Pradesh,Rajgarh
2006-10-09,Wheat,Khilchipur,850.0,1088.0,957.0,Madhya Pradesh,Rajgarh
2006-10-11,Wheat,Khilchipur,600.0,1121.0,975.0,Madhya Pradesh,Rajgarh
2006-10-11,Wheat,Khilchipur,901.0,1095.0,947.0,Madhya Pradesh,Rajgarh
2006-10-18,Wheat,Khilchipur,931.0,1061.0,1000.0,Madhya Pradesh,Rajgarh
2006-10-18,Wheat,Khilchipur,853.0,1168.0,1015.0,Madhya Pradesh,Rajgarh
2006-10-19,Wheat,Khilchipur,921.0,1080.0,950.0,Madhya Pradesh,Rajgarh
2006-10-19,Wheat,Khilchipur,900.0,1152.0,1000.0,Madhya Pradesh,Rajgarh
2006-10-20,Wheat,Khilchipur,972.0,1014.0,1014.0,Madhya Pradesh,Rajgarh
2006-10-20,Wheat,Khilchipur,1031.0,1172.0,1031.0,Madhya Pradesh,Rajgarh
2006-10-23,Wheat,Khilchipur,900.0,1200.0,1010.0,Madhya Pradesh,Rajgarh
2006-10-23,Wheat,Khilchipur,981.0,1060.0,1034.0,Madhya Pradesh,Rajgarh
2006-10-24,Wheat,Khilchipur,990.0,1149.0,1064.0,Madhya Pradesh,Rajgarh
2006-10-25,Wheat,Khilchipur,985.0,1150.0,1013.0,Madhya Pradesh,Rajgarh
2006-10-26,Wheat,Khilchipur,901.0,1118.0,1047.0,Madhya Pradesh,Rajgarh
2006-10-26,Wheat,Khilchipur,955.0,1200.0,1025.0,Madhya Pradesh,Rajgarh
2006-10-27,Wheat,Khilchipur,980.0,1165.0,1048.0,Madhya Pradesh,Rajgarh
2006-10-27,Wheat,Khilchipur,900.0,1162.0,1016.0,Madhya Pradesh,Rajgarh
2006-10-28,Wheat,Khilchipur,950.0,1200.0,1065.0,Madhya Pradesh,Rajgarh
2006-10-28,Wheat,Khilchipur,900.0,1176.0,1045.0,Madhya Pradesh,Rajgarh
2006-10-30,Wheat,Khilchipur,951.0,1197.0,1050.0,Madhya Pradesh,Rajgarh
2006-10-30,Wheat,Khilchipur,960.0,1261.0,1050.0,Madhya Pradesh,Rajgarh
2006-10-31,Wheat,Khilchipur,975.0,1175.0,1053.0,Madhya Pradesh,Rajgarh
2006-10-31,Wheat,Khilchipur,700.0,1184.0,1025.0,Madhya Pradesh,Rajgarh
2006-11-01,Wheat,Khilchipur,900.0,1085.0,1020.0,Madhya Pradesh,Rajgarh
2006-11-01,Wheat,Khilchipur,900.0,1530.0,1051.0,Madhya Pradesh,Rajgarh
2006-11-02,Wheat,Khilchipur,1000.0,1560.0,1057.0,Madhya Pradesh,Rajgarh
2006-11-02,Wheat,Khilchipur,1000.0,1188.0,1049.0,Madhya Pradesh,Rajgarh
2006-11-03,Wheat,Khilchipur,776.0,1211.0,1030.0,Madhya Pradesh,Rajgarh
2006-11-03,Wheat,Khilchipur,925.0,1158.0,1050.0,Madhya Pradesh,Rajgarh
2006-11-06,Wheat,Khilchipur,936.0,1185.0,1033.0,Madhya Pradesh,Rajgarh
2006-11-06,Wheat,Khilchipur,950.0,1275.0,1061.0,Madhya Pradesh,Rajgarh
2006-11-08,Wheat,Khilchipur,920.0,1300.0,1050.0,Madhya Pradesh,Rajgarh
2006-11-08,Wheat,Khilchipur,1000.0,1150.0,1077.0,Madhya Pradesh,Rajgarh
2006-11-09,Wheat,Khilchipur,961.0,1212.0,1081.0,Madhya Pradesh,Rajgarh
2006-11-09,Wheat,Khilchipur,951.0,1209.0,1091.0,Madhya Pradesh,Rajgarh
2006-11-10,Wheat,Khilchipur,950.0,1116.0,1086.0,Madhya Pradesh,Rajgarh
2006-11-10,Wheat,Khilchipur,900.0,1166.0,1040.0,Madhya Pradesh,Rajgarh
2006-11-11,Wheat,Khilchipur,949.0,1263.0,1071.0,Madhya Pradesh,Rajgarh
2006-11-11,Wheat,Khilchipur,891.0,1181.0,1065.0,Madhya Pradesh,Rajgarh
2006-11-13,Wheat,Khilchipur,910.0,1226.0,1050.0,Madhya Pradesh,Rajgarh
2006-11-13,Wheat,Khilchipur,1011.0,1300.0,1070.0,Madhya Pradesh,Rajgarh
2006-11-15,Wheat,Khilchipur,968.0,1411.0,1071.0,Madhya Pradesh,Rajgarh
2006-11-15,Wheat,Khilchipur,900.0,1328.0,1066.0,Madhya Pradesh,Rajgarh
2006-11-16,Wheat,Khilchipur,950.0,1525.0,1264.0,Madhya Pradesh,Rajgarh
2006-11-16,Wheat,Khilchipur,750.0,1157.0,1100.0,Madhya Pradesh,Rajgarh
2006-11-17,Wheat,Khilchipur,910.0,1490.0,1131.0,Madhya Pradesh,Rajgarh
2006-11-17,Wheat,Khilchipur,1002.0,1170.0,1050.0,Madhya Pradesh,Rajgarh
2006-11-18,Wheat,Khilchipur,972.0,1208.0,1092.0,Madhya Pradesh,Rajgarh
2006-11-18,Wheat,Khilchipur,989.0,1215.0,1100.0,Madhya Pradesh,Rajgarh
2006-11-21,Wheat,Khilchipur,1040.0,1235.0,1108.0,Madhya Pradesh,Rajgarh
2006-11-21,Wheat,Khilchipur,955.0,1171.0,1091.0,Madhya Pradesh,Rajgarh
2006-11-23,Wheat,Khilchipur,900.0,1500.0,1109.0,Madhya Pradesh,Rajgarh
2006-11-23,Wheat,Khilchipur,921.0,1167.0,1070.0,Madhya Pradesh,Rajgarh
2006-11-24,Wheat,Khilchipur,1000.0,1352.0,1060.0,Madhya Pradesh,Rajgarh
2006-11-24,Wheat,Khilchipur,1025.0,1160.0,1067.0,Madhya Pradesh,Rajgarh
2006-11-25,Wheat,Khilchipur,950.0,1169.0,1070.0,Madhya Pradesh,Rajgarh
2006-11-25,Wheat,Khilchipur,1000.0,1305.0,1100.0,Madhya Pradesh,Rajgarh
2006-11-27,Wheat,Khilchipur,950.0,1213.0,1125.0,Madhya Pradesh,Rajgarh
2006-11-27,Wheat,Khilchipur,900.0,1170.0,1060.0,Madhya Pradesh,Rajgarh
2006-11-28,Wheat,Khilchipur,900.0,1140.0,1066.0,Madhya Pradesh,Rajgarh
2006-11-28,Wheat,Khilchipur,1012.0,1250.0,1071.0,Madhya Pradesh,Rajgarh
2006-11-29,Wheat,Khilchipur,750.0,1353.0,1035.0,Madhya Pradesh,Rajgarh
2006-11-29,Wheat,Khilchipur,981.0,1213.0,1086.0,Madhya Pradesh,Rajgarh
2006-11-30,Wheat,Khilchipur,700.0,1125.0,1117.0,Madhya Pradesh,Rajgarh
2006-11-30,Wheat,Khilchipur,571.0,1153.0,1058.0,Madhya Pradesh,Rajgarh
2006-12-01,Wheat,Khilchipur,980.0,1281.0,1074.0,Madhya Pradesh,Rajgarh
2006-12-01,Wheat,Khilchipur,926.0,1136.0,1136.0,Madhya Pradesh,Rajgarh
2006-12-02,Wheat,Khilchipur,1040.0,1385.0,1077.0,Madhya Pradesh,Rajgarh
2006-12-02,Wheat,Khilchipur,701.0,1311.0,1046.0,Madhya Pradesh,Rajgarh
2006-12-04,Wheat,Khilchipur,1000.0,1368.0,1108.0,Madhya Pradesh,Rajgarh
2006-12-04,Wheat,Khilchipur,400.0,1310.0,1020.0,Madhya Pradesh,Rajgarh
2006-12-05,Wheat,Khilchipur,950.0,1278.0,1060.0,Madhya Pradesh,Rajgarh
2006-12-05,Wheat,Khilchipur,1000.0,1182.0,1111.0,Madhya Pradesh,Rajgarh
2006-12-06,Wheat,Khilchipur,750.0,1266.0,1054.0,Madhya Pradesh,Rajgarh
2006-12-06,Wheat,Khilchipur,991.0,1129.0,1061.0,Madhya Pradesh,Rajgarh
2006-12-07,Wheat,Khilchipur,950.0,1351.0,1071.0,Madhya Pradesh,Rajgarh
2006-12-07,Wheat,Khilchipur,980.0,1134.0,1059.0,Madhya Pradesh,Rajgarh
2006-12-08,Wheat,Khilchipur,911.0,1137.0,1100.0,Madhya Pradesh,Rajgarh
2006-12-08,Wheat,Khilchipur,970.0,1200.0,1058.0,Madhya Pradesh,Rajgarh
2006-12-09,Wheat,Khilchipur,1000.0,1175.0,1100.0,Madhya Pradesh,Rajgarh
2006-12-09,Wheat,Khilchipur,976.0,1295.0,1046.0,Madhya Pradesh,Rajgarh
2006-12-11,Wheat,Khilchipur,1032.0,1128.0,1090.0,Madhya Pradesh,Rajgarh
2006-12-11,Wheat,Khilchipur,980.0,1140.0,1100.0,Madhya Pradesh,Rajgarh
2006-12-12,Wheat,Khilchipur,1000.0,1165.0,1031.0,Madhya Pradesh,Rajgarh
2006-12-12,Wheat,Khilchipur,951.0,1160.0,1063.0,Madhya Pradesh,Rajgarh
2006-12-13,Wheat,Khilchipur,811.0,1140.0,1050.0,Madhya Pradesh,Rajgarh
2006-12-13,Wheat,Khilchipur,1042.0,1162.0,1127.0,Madhya Pradesh,Rajgarh
2006-12-14,Wheat,Khilchipur,931.0,1201.0,1040.0,Madhya Pradesh,Rajgarh
2006-12-14,Wheat,Khilchipur,1000.0,1135.0,1025.0,Madhya Pradesh,Rajgarh
2006-12-15,Wheat,Khilchipur,950.0,1216.0,1080.0,Madhya Pradesh,Rajgarh
2006-12-15,Wheat,Khilchipur,800.0,1103.0,1000.0,Madhya Pradesh,Rajgarh
2006-12-16,Wheat,Khilchipur,558.0,1110.0,1030.0,Madhya Pradesh,Rajgarh
2006-12-16,Wheat,Khilchipur,1030.0,1125.0,1125.0,Madhya Pradesh,Rajgarh
2006-12-18,Wheat,Khilchipur,1019.0,1271.0,1030.0,Madhya Pradesh,Rajgarh
2006-12-18,Wheat,Khilchipur,751.0,1111.0,1030.0,Madhya Pradesh,Rajgarh
2006-12-19,Wheat,Khilchipur,700.0,1178.0,1000.0,Madhya Pradesh,Rajgarh
2006-12-19,Wheat,Khilchipur,1006.0,1341.0,1056.0,Madhya Pradesh,Rajgarh
2006-12-20,Wheat,Khilchipur,900.0,1231.0,1046.0,Madhya Pradesh,Rajgarh
2006-12-20,Wheat,Khilchipur,1010.0,1135.0,1135.0,Madhya Pradesh,Rajgarh
2006-12-21,Wheat,Khilchipur,965.0,1278.0,1068.0,Madhya Pradesh,Rajgarh
2006-12-21,Wheat,Khilchipur,900.0,1116.0,1101.0,Madhya Pradesh,Rajgarh
2006-12-22,Wheat,Khilchipur,801.0,1319.0,1062.0,Madhya Pradesh,Rajgarh
2006-12-22,Wheat,Khilchipur,891.0,1140.0,1122.0,Madhya Pradesh,Rajgarh
2006-12-23,Wheat,Khilchipur,1100.0,1115.0,1115.0,Madhya Pradesh,Rajgarh
2006-12-23,Wheat,Khilchipur,1051.0,1133.0,1070.0,Madhya Pradesh,Rajgarh
2006-12-26,Wheat,Khilchipur,960.0,1110.0,1041.0,Madhya Pradesh,Rajgarh
2006-12-26,Wheat,Khilchipur,1000.0,1200.0,1104.0,Madhya Pradesh,Rajgarh
2006-12-27,Wheat,Khilchipur,901.0,1175.0,1041.0,Madhya Pradesh,Rajgarh
2006-12-27,Wheat,Khilchipur,1030.0,1147.0,1121.0,Madhya Pradesh,Rajgarh
2006-12-28,Wheat,Khilchipur,845.0,1117.0,1000.0,Madhya Pradesh,Rajgarh
2006-12-28,Wheat,Khilchipur,1045.0,1045.0,1045.0,Madhya Pradesh,Rajgarh
2006-12-29,Wheat,Khilchipur,1025.0,1261.0,1081.0,Madhya Pradesh,Rajgarh
2006-12-29,Wheat,Khilchipur,950.0,1113.0,1011.0,Madhya Pradesh,Rajgarh
2006-12-30,Wheat,Khilchipur,1028.0,1144.0,1084.0,Madhya Pradesh,Rajgarh
2006-12-30,Wheat,Khilchipur,901.0,1150.0,1047.0,Madhya Pradesh,Rajgarh
2007-01-02,Wheat,Khilchipur,950.0,1098.0,1015.0,Madhya Pradesh,Rajgarh
2007-01-02,Wheat,Khilchipur,1015.0,1118.0,1118.0,Madhya Pradesh,Rajgarh
2007-01-03,Wheat,Khilchipur,800.0,1106.0,1040.0,Madhya Pradesh,Rajgarh
2007-01-03,Wheat,Khilchipur,1022.0,1117.0,1081.0,Madhya Pradesh,Rajgarh
2007-01-04,Wheat,Khilchipur,1003.0,1203.0,1090.0,Madhya Pradesh,Rajgarh
2007-01-04,Wheat,Khilchipur,925.0,1135.0,1100.0,Madhya Pradesh,Rajgarh
2007-01-05,Wheat,Khilchipur,950.0,1088.0,1038.0,Madhya Pradesh,Rajgarh
2007-01-05,Wheat,Khilchipur,800.0,1140.0,1089.0,Madhya Pradesh,Rajgarh
2007-01-06,Wheat,Khilchipur,900.0,1163.0,1070.0,Madhya Pradesh,Rajgarh
2007-01-06,Wheat,Khilchipur,911.0,1160.0,1015.0,Madhya Pradesh,Rajgarh
2007-01-08,Wheat,Khilchipur,955.0,1129.0,1129.0,Madhya Pradesh,Rajgarh
2007-01-08,Wheat,Khilchipur,803.0,1130.0,1035.0,Madhya Pradesh,Rajgarh
2007-01-09,Wheat,Khilchipur,981.0,1265.0,1078.0,Madhya Pradesh,Rajgarh
2007-01-09,Wheat,Khilchipur,911.0,1130.0,1061.0,Madhya Pradesh,Rajgarh
2007-01-10,Wheat,Khilchipur,920.0,1225.0,1096.0,Madhya Pradesh,Rajgarh
2007-01-10,Wheat,Khilchipur,1058.0,1091.0,1091.0,Madhya Pradesh,Rajgarh
2007-01-11,Wheat,Khilchipur,915.0,1100.0,1081.0,Madhya Pradesh,Rajgarh
2007-01-11,Wheat,Khilchipur,900.0,1107.0,1067.0,Madhya Pradesh,Rajgarh
2007-01-13,Wheat,Khilchipur,909.0,1171.0,1171.0,Madhya Pradesh,Rajgarh
2007-01-13,Wheat,Khilchipur,875.0,1115.0,1025.0,Madhya Pradesh,Rajgarh
2007-01-15,Wheat,Khilchipur,925.0,1090.0,1076.0,Madhya Pradesh,Rajgarh
2007-01-15,Wheat,Khilchipur,1087.0,1100.0,1100.0,Madhya Pradesh,Rajgarh
2007-01-16,Wheat,Khilchipur,981.0,1100.0,1026.0,Madhya Pradesh,Rajgarh
2007-01-16,Wheat,Khilchipur,1078.0,1205.0,1205.0,Madhya Pradesh,Rajgarh
2007-01-17,Wheat,Khilchipur,1080.0,1080.0,1080.0,Madhya Pradesh,Rajgarh
2007-01-17,Wheat,Khilchipur,865.0,1111.0,1075.0,Madhya Pradesh,Rajgarh
2007-01-18,Wheat,Khilchipur,1000.0,1111.0,1032.0,Madhya Pradesh,Rajgarh
2007-01-18,Wheat,Khilchipur,956.0,1094.0,1094.0,Madhya Pradesh,Rajgarh
2007-01-19,Wheat,Khilchipur,960.0,1260.0,1100.0,Madhya Pradesh,Rajgarh
2007-01-19,Wheat,Khilchipur,1058.0,1520.0,1520.0,Madhya Pradesh,Rajgarh
2007-01-20,Wheat,Khilchipur,756.0,1134.0,1046.0,Madhya Pradesh,Rajgarh
2007-01-20,Wheat,Khilchipur,1046.0,1150.0,1150.0,Madhya Pradesh,Rajgarh
2007-01-22,Wheat,Khilchipur,950.0,1268.0,1098.0,Madhya Pradesh,Rajgarh
2007-01-22,Wheat,Khilchipur,800.0,1080.0,1030.0,Madhya Pradesh,Rajgarh
2007-01-23,Wheat,Khilchipur,956.0,1170.0,1145.0,Madhya Pradesh,Rajgarh
2007-01-23,Wheat,Khilchipur,1042.0,1176.0,1176.0,Madhya Pradesh,Rajgarh
2007-01-24,Wheat,Khilchipur,1036.0,2400.0,1140.0,Madhya Pradesh,Rajgarh
2007-01-24,Wheat,Khilchipur,981.0,1320.0,1320.0,Madhya Pradesh,Rajgarh
2007-01-25,Wheat,Khilchipur,950.0,1071.0,1018.0,Madhya Pradesh,Rajgarh
2007-01-25,Wheat,Khilchipur,900.0,1156.0,1084.0,Madhya Pradesh,Rajgarh
2007-01-27,Wheat,Khilchipur,741.0,1088.0,1025.0,Madhya Pradesh,Rajgarh
2007-01-27,Wheat,Khilchipur,825.0,1455.0,1085.0,Madhya Pradesh,Rajgarh
2007-01-29,Wheat,Khilchipur,882.0,1090.0,980.0,Madhya Pradesh,Rajgarh
2007-01-29,Wheat,Khilchipur,925.0,1100.0,1100.0,Madhya Pradesh,Rajgarh
2007-01-31,Wheat,Khilchipur,950.0,1161.0,1070.0,Madhya Pradesh,Rajgarh
2007-01-31,Wheat,Khilchipur,811.0,1113.0,1012.0,Madhya Pradesh,Rajgarh
2007-02-01,Wheat,Khilchipur,791.0,1084.0,960.0,Madhya Pradesh,Rajgarh
2007-02-01,Wheat,Khilchipur,900.0,1096.0,900.0,Madhya Pradesh,Rajgarh
2007-02-02,Wheat,Khilchipur,875.0,1141.0,1141.0,Madhya Pradesh,Rajgarh
2007-02-03,Wheat,Khilchipur,945.0,1140.0,974.0,Madhya Pradesh,Rajgarh
2007-02-05,Wheat,Khilchipur,700.0,1032.0,975.0,Madhya Pradesh,Rajgarh
2007-02-05,Wheat,Khilchipur,890.0,1160.0,1040.0,Madhya Pradesh,Rajgarh
2007-02-06,Wheat,Khilchipur,948.0,1251.0,975.0,Madhya Pradesh,Rajgarh
2007-02-06,Wheat,Khilchipur,601.0,1039.0,960.0,Madhya Pradesh,Rajgarh
2007-02-07,Wheat,Khilchipur,900.0,1018.0,980.0,Madhya Pradesh,Rajgarh
2007-02-08,Wheat,Khilchipur,947.0,1026.0,990.0,Madhya Pradesh,Rajgarh
2007-02-08,Wheat,Khilchipur,932.0,1077.0,1077.0,Madhya Pradesh,Rajgarh
2007-02-09,Wheat,Khilchipur,934.0,1056.0,1009.0,Madhya Pradesh,Rajgarh
2007-02-09,Wheat,Khilchipur,981.0,1130.0,1130.0,Madhya Pradesh,Rajgarh
2007-02-10,Wheat,Khilchipur,950.0,985.0,985.0,Madhya Pradesh,Rajgarh
2007-02-10,Wheat,Khilchipur,985.0,1120.0,1120.0,Madhya Pradesh,Rajgarh
2007-02-12,Wheat,Khilchipur,1011.0,1059.0,1059.0,Madhya Pradesh,Rajgarh
2007-02-12,Wheat,Khilchipur,975.0,1160.0,1051.0,Madhya Pradesh,Rajgarh
2007-02-13,Wheat,Khilchipur,951.0,1065.0,1050.0,Madhya Pradesh,Rajgarh
2007-02-13,Wheat,Khilchipur,1017.0,1199.0,1199.0,Madhya Pradesh,Rajgarh
2007-02-15,Wheat,Khilchipur,1010.0,1043.0,1039.0,Madhya Pradesh,Rajgarh
2007-02-15,Wheat,Khilchipur,991.0,1311.0,1311.0,Madhya Pradesh,Rajgarh
2007-02-17,Wheat,Khilchipur,717.0,1402.0,800.0,Madhya Pradesh,Rajgarh
2007-02-17,Wheat,Khilchipur,846.0,1085.0,1085.0,Madhya Pradesh,Rajgarh
2007-02-19,Wheat,Khilchipur,870.0,1299.0,900.0,Madhya Pradesh,Rajgarh
2007-02-19,Wheat,Khilchipur,700.0,998.0,980.0,Madhya Pradesh,Rajgarh
2007-02-22,Wheat,Khilchipur,840.0,1551.0,1551.0,Madhya Pradesh,Rajgarh
2007-02-22,Wheat,Khilchipur,775.0,999.0,900.0,Madhya Pradesh,Rajgarh
2007-02-23,Wheat,Khilchipur,800.0,1200.0,1200.0,Madhya Pradesh,Rajgarh
2007-02-23,Wheat,Khilchipur,750.0,1108.0,896.0,Madhya Pradesh,Rajgarh
2007-02-24,Wheat,Khilchipur,841.0,885.0,850.0,Madhya Pradesh,Rajgarh
2007-02-24,Wheat,Khilchipur,800.0,1850.0,1850.0,Madhya Pradesh,Rajgarh
2007-02-26,Wheat,Khilchipur,863.0,968.0,911.0,Madhya Pradesh,Rajgarh
2007-02-26,Wheat,Khilchipur,750.0,1058.0,1058.0,Madhya Pradesh,Rajgarh
2007-02-27,Wheat,Khilchipur,800.0,863.0,863.0,Madhya Pradesh,Rajgarh
2007-02-27,Wheat,Khilchipur,500.0,947.0,920.0,Madhya Pradesh,Rajgarh
2007-02-28,Wheat,Khilchipur,750.0,1290.0,800.0,Madhya Pradesh,Rajgarh
2007-02-28,Wheat,Khilchipur,751.0,929.0,904.0,Madhya Pradesh,Rajgarh
2007-03-01,Wheat,Khilchipur,750.0,888.0,750.0,Madhya Pradesh,Rajgarh
2007-03-01,Wheat,Khilchipur,646.0,918.0,906.0,Madhya Pradesh,Rajgarh
2007-03-02,Wheat,Khilchipur,750.0,1230.0,838.0,Madhya Pradesh,Rajgarh
2007-03-02,Wheat,Khilchipur,719.0,914.0,907.0,Madhya Pradesh,Rajgarh
2007-03-03,Wheat,Khilchipur,750.0,851.0,825.0,Madhya Pradesh,Rajgarh
2007-03-03,Wheat,Khilchipur,800.0,862.0,862.0,Madhya Pradesh,Rajgarh
2007-03-05,Wheat,Khilchipur,770.0,869.0,780.0,Madhya Pradesh,Rajgarh
2007-03-05,Wheat,Khilchipur,807.0,841.0,841.0,Madhya Pradesh,Rajgarh
2007-03-06,Wheat,Khilchipur,781.0,1201.0,841.0,Madhya Pradesh,Rajgarh
2007-03-06,Wheat,Khilchipur,700.0,1021.0,1021.0,Madhya Pradesh,Rajgarh
2007-03-07,Wheat,Khilchipur,751.0,855.0,849.0,Madhya Pradesh,Rajgarh
2007-03-07,Wheat,Khilchipur,755.0,974.0,800.0,Madhya Pradesh,Rajgarh
2007-03-08,Wheat,Khilchipur,716.0,1371.0,1371.0,Madhya Pradesh,Rajgarh
2007-03-08,Wheat,Khilchipur,738.0,956.0,956.0,Madhya Pradesh,Rajgarh
2007-03-10,Wheat,Khilchipur,763.0,1200.0,840.0,Madhya Pradesh,Rajgarh
2007-03-12,Wheat,Khilchipur,675.0,1312.0,800.0,Madhya Pradesh,Rajgarh
2007-03-12,Wheat,Khilchipur,702.0,951.0,835.0,Madhya Pradesh,Rajgarh
2007-03-13,Wheat,Khilchipur,775.0,1303.0,851.0,Madhya Pradesh,Rajgarh
2007-03-13,Wheat,Khilchipur,750.0,956.0,852.0,Madhya Pradesh,Rajgarh
2007-03-14,Wheat,Khilchipur,775.0,999.0,940.0,Madhya Pradesh,Rajgarh
2007-03-14,Wheat,Khilchipur,750.0,1373.0,925.0,Madhya Pradesh,Rajgarh
2007-03-15,Wheat,Khilchipur,750.0,1485.0,800.0,Madhya Pradesh,Rajgarh
2007-03-15,Wheat,Khilchipur,475.0,959.0,861.0,Madhya Pradesh,Rajgarh
2007-03-16,Wheat,Khilchipur,700.0,1361.0,850.0,Madhya Pradesh,Rajgarh
2007-03-16,Wheat,Khilchipur,792.0,975.0,876.0,Madhya Pradesh,Rajgarh
2007-03-17,Wheat,Khilchipur,800.0,1033.0,900.0,Madhya Pradesh,Rajgarh
2007-03-17,Wheat,Khilchipur,750.0,1310.0,860.0,Madhya Pradesh,Rajgarh
2007-03-19,Wheat,Khilchipur,876.0,1062.0,1062.0,Madhya Pradesh,Rajgarh
2007-03-19,Wheat,Khilchipur,831.0,974.0,898.0,Madhya Pradesh,Rajgarh
2007-03-20,Wheat,Khilchipur,850.0,961.0,911.0,Madhya Pradesh,Rajgarh
2007-03-20,Wheat,Khilchipur,858.0,1151.0,911.0,Madhya Pradesh,Rajgarh
2007-03-21,Wheat,Khilchipur,650.0,1398.0,910.0,Madhya Pradesh,Rajgarh
2007-03-21,Wheat,Khilchipur,780.0,1007.0,920.0,Madhya Pradesh,Rajgarh
2007-03-22,Wheat,Khilchipur,796.0,1376.0,932.0,Madhya Pradesh,Rajgarh
2007-03-22,Wheat,Khilchipur,777.0,1018.0,935.0,Madhya Pradesh,Rajgarh
2007-03-23,Wheat,Khilchipur,901.0,1477.0,955.0,Madhya Pradesh,Rajgarh
2007-03-23,Wheat,Khilchipur,750.0,1229.0,951.0,Madhya Pradesh,Rajgarh
2007-03-24,Wheat,Khilchipur,803.0,997.0,940.0,Madhya Pradesh,Rajgarh
2007-03-24,Wheat,Khilchipur,800.0,1403.0,940.0,Madhya Pradesh,Rajgarh
2007-03-26,Wheat,Khilchipur,800.0,1370.0,926.0,Madhya Pradesh,Rajgarh
2007-03-26,Wheat,Khilchipur,800.0,1031.0,924.0,Madhya Pradesh,Rajgarh
2007-03-28,Wheat,Khilchipur,700.0,1006.0,925.0,Madhya Pradesh,Rajgarh
2007-03-29,Wheat,Khilchipur,800.0,1360.0,925.0,Madhya Pradesh,Rajgarh
2007-03-29,Wheat,Khilchipur,750.0,961.0,915.0,Madhya Pradesh,Rajgarh
2007-03-30,Wheat,Khilchipur,798.0,1327.0,925.0,Madhya Pradesh,Rajgarh
2007-03-30,Wheat,Khilchipur,779.0,998.0,939.0,Madhya Pradesh,Rajgarh
2007-04-02,Wheat,Khilchipur,805.0,1296.0,900.0,Madhya Pradesh,Rajgarh
2007-04-02,Wheat,Khilchipur,800.0,1051.0,905.0,Madhya Pradesh,Rajgarh
2007-04-03,Wheat,Khilchipur,800.0,1375.0,911.0,Madhya Pradesh,Rajgarh
2007-04-03,Wheat,Khilchipur,811.0,996.0,940.0,Madhya Pradesh,Rajgarh
2007-04-04,Wheat,Khilchipur,810.0,1640.0,910.0,Madhya Pradesh,Rajgarh
2007-04-04,Wheat,Khilchipur,835.0,1040.0,930.0,Madhya Pradesh,Rajgarh
2007-04-05,Wheat,Khilchipur,851.0,1501.0,900.0,Madhya Pradesh,Rajgarh
2007-04-05,Wheat,Khilchipur,725.0,1055.0,920.0,Madhya Pradesh,Rajgarh
2007-04-07,Wheat,Khilchipur,770.0,1500.0,900.0,Madhya Pradesh,Rajgarh
2007-04-07,Wheat,Khilchipur,800.0,1000.0,900.0,Madhya Pradesh,Rajgarh
2007-04-09,Wheat,Khilchipur,725.0,980.0,910.0,Madhya Pradesh,Rajgarh
2007-04-09,Wheat,Khilchipur,750.0,1360.0,900.0,Madhya Pradesh,Rajgarh
2007-04-10,Wheat,Khilchipur,817.0,1317.0,872.0,Madhya Pradesh,Rajgarh
2007-04-11,Wheat,Khilchipur,850.0,974.0,915.0,Madhya Pradesh,Rajgarh
2007-04-11,Wheat,Khilchipur,761.0,1366.0,880.0,Madhya Pradesh,Rajgarh
2007-04-12,Wheat,Khilchipur,760.0,1345.0,900.0,Madhya Pradesh,Rajgarh
2007-04-12,Wheat,Khilchipur,765.0,980.0,918.0,Madhya Pradesh,Rajgarh
2007-04-13,Wheat,Khilchipur,851.0,1320.0,921.0,Madhya Pradesh,Rajgarh
2007-04-13,Wheat,Khilchipur,816.0,981.0,930.0,Madhya Pradesh,Rajgarh
2007-04-14,Wheat,Khilchipur,860.0,1244.0,921.0,Madhya Pradesh,Rajgarh
2007-04-16,Wheat,Khilchipur,800.0,1401.0,921.0,Madhya Pradesh,Rajgarh
2007-04-16,Wheat,Khilchipur,822.0,979.0,915.0,Madhya Pradesh,Rajgarh
2007-04-17,Wheat,Khilchipur,711.0,1425.0,900.0,Madhya Pradesh,Rajgarh
2007-04-17,Wheat,Khilchipur,886.0,2205.0,950.0,Madhya Pradesh,Rajgarh
2007-04-18,Wheat,Khilchipur,717.0,1225.0,925.0,Madhya Pradesh,Rajgarh
2007-04-18,Wheat,Khilchipur,850.0,1010.0,910.0,Madhya Pradesh,Rajgarh
2007-04-19,Wheat,Khilchipur,867.0,1376.0,911.0,Madhya Pradesh,Rajgarh
2007-04-19,Wheat,Khilchipur,800.0,1010.0,913.0,Madhya Pradesh,Rajgarh
2007-04-20,Wheat,Khilchipur,851.0,1276.0,909.0,Madhya Pradesh,Rajgarh
2007-04-20,Wheat,Khilchipur,755.0,981.0,911.0,Madhya Pradesh,Rajgarh
2007-04-21,Wheat,Khilchipur,844.0,970.0,917.0,Madhya Pradesh,Rajgarh
2007-04-21,Wheat,Khilchipur,882.0,1267.0,900.0,Madhya Pradesh,Rajgarh
2007-04-23,Wheat,Khilchipur,841.0,1402.0,900.0,Madhya Pradesh,Rajgarh
2007-04-23,Wheat,Khilchipur,851.0,975.0,906.0,Madhya Pradesh,Rajgarh
2007-04-24,Wheat,Khilchipur,750.0,1322.0,900.0,Madhya Pradesh,Rajgarh
2007-04-24,Wheat,Khilchipur,851.0,1000.0,902.0,Madhya Pradesh,Rajgarh
2007-04-25,Wheat,Khilchipur,800.0,1000.0,905.0,Madhya Pradesh,Rajgarh
2007-04-25,Wheat,Khilchipur,850.0,1320.0,902.0,Madhya Pradesh,Rajgarh
2007-04-26,Wheat,Khilchipur,775.0,985.0,905.0,Madhya Pradesh,Rajgarh
2007-04-26,Wheat,Khilchipur,851.0,1299.0,872.0,Madhya Pradesh,Rajgarh
2007-04-27,Wheat,Khilchipur,851.0,965.0,912.0,Madhya Pradesh,Rajgarh
2007-04-28,Wheat,Khilchipur,800.0,1300.0,900.0,Madhya Pradesh,Rajgarh
2007-04-28,Wheat,Khilchipur,851.0,944.0,909.0,Madhya Pradesh,Rajgarh
2007-04-30,Wheat,Khilchipur,800.0,1303.0,901.0,Madhya Pradesh,Rajgarh
2007-04-30,Wheat,Khilchipur,851.0,989.0,899.0,Madhya Pradesh,Rajgarh
2007-05-01,Wheat,Khilchipur,775.0,1357.0,870.0,Madhya Pradesh,Rajgarh
2007-05-01,Wheat,Khilchipur,800.0,935.0,891.0,Madhya Pradesh,Rajgarh
2007-05-03,Wheat,Khilchipur,794.0,1279.0,851.0,Madhya Pradesh,Rajgarh
2007-05-03,Wheat,Khilchipur,840.0,945.0,910.0,Madhya Pradesh,Rajgarh
2007-05-05,Wheat,Khilchipur,800.0,966.0,911.0,Madhya Pradesh,Rajgarh
2007-05-05,Wheat,Khilchipur,850.0,1201.0,870.0,Madhya Pradesh,Rajgarh
2007-05-07,Wheat,Khilchipur,850.0,1100.0,875.0,Madhya Pradesh,Rajgarh
2007-05-07,Wheat,Khilchipur,615.0,957.0,906.0,Madhya Pradesh,Rajgarh
2007-05-08,Wheat,Khilchipur,681.0,943.0,905.0,Madhya Pradesh,Rajgarh
2007-05-08,Wheat,Khilchipur,830.0,1225.0,851.0,Madhya Pradesh,Rajgarh
2007-05-09,Wheat,Khilchipur,839.0,1233.0,851.0,Madhya Pradesh,Rajgarh
2007-05-09,Wheat,Khilchipur,850.0,932.0,896.0,Madhya Pradesh,Rajgarh
2007-05-10,Wheat,Khilchipur,816.0,1025.0,890.0,Madhya Pradesh,Rajgarh
2007-05-10,Wheat,Khilchipur,842.0,989.0,900.0,Madhya Pradesh,Rajgarh
2007-05-11,Wheat,Khilchipur,850.0,908.0,851.0,Madhya Pradesh,Rajgarh
2007-05-11,Wheat,Khilchipur,851.0,874.0,852.0,Madhya Pradesh,Rajgarh
2007-05-12,Wheat,Khilchipur,850.0,909.0,851.0,Madhya Pradesh,Rajgarh
2007-05-12,Wheat,Khilchipur,835.0,1232.0,851.0,Madhya Pradesh,Rajgarh
2007-05-14,Wheat,Khilchipur,800.0,988.0,880.0,Madhya Pradesh,Rajgarh
2007-05-14,Wheat,Khilchipur,831.0,1161.0,851.0,Madhya Pradesh,Rajgarh
2007-05-15,Wheat,Khilchipur,750.0,924.0,891.0,Madhya Pradesh,Rajgarh
2007-05-15,Wheat,Khilchipur,842.0,1218.0,851.0,Madhya Pradesh,Rajgarh
2007-05-16,Wheat,Khilchipur,851.0,1275.0,851.0,Madhya Pradesh,Rajgarh
2007-05-16,Wheat,Khilchipur,750.0,1751.0,890.0,Madhya Pradesh,Rajgarh
2007-05-17,Wheat,Khilchipur,820.0,1288.0,851.0,Madhya Pradesh,Rajgarh
2007-05-17,Wheat,Khilchipur,650.0,1050.0,895.0,Madhya Pradesh,Rajgarh
2007-05-19,Wheat,Khilchipur,785.0,970.0,903.0,Madhya Pradesh,Rajgarh
2007-05-19,Wheat,Khilchipur,805.0,1191.0,850.0,Madhya Pradesh,Rajgarh
2007-05-21,Wheat,Khilchipur,825.0,1271.0,850.0,Madhya Pradesh,Rajgarh
2007-05-21,Wheat,Khilchipur,819.0,920.0,900.0,Madhya Pradesh,Rajgarh
2007-05-22,Wheat,Khilchipur,772.0,1100.0,850.0,Madhya Pradesh,Rajgarh
2007-05-22,Wheat,Khilchipur,700.0,941.0,850.0,Madhya Pradesh,Rajgarh
2007-05-23,Wheat,Khilchipur,800.0,991.0,880.0,Madhya Pradesh,Rajgarh
2007-05-23,Wheat,Khilchipur,800.0,1100.0,851.0,Madhya Pradesh,Rajgarh
2007-05-24,Wheat,Khilchipur,833.0,1085.0,850.0,Madhya Pradesh,Rajgarh
2007-05-24,Wheat,Khilchipur,820.0,915.0,884.0,Madhya Pradesh,Rajgarh
2007-05-25,Wheat,Khilchipur,820.0,1149.0,850.0,Madhya Pradesh,Rajgarh
2007-05-25,Wheat,Khilchipur,821.0,950.0,884.0,Madhya Pradesh,Rajgarh
2007-05-26,Wheat,Khilchipur,811.0,886.0,850.0,Madhya Pradesh,Rajgarh
2007-05-26,Wheat,Khilchipur,770.0,1086.0,850.0,Madhya Pradesh,Rajgarh
2007-06-01,Wheat,Khilchipur,820.0,1114.0,850.0,Madhya Pradesh,Rajgarh
2007-06-01,Wheat,Khilchipur,790.0,912.0,895.0,Madhya Pradesh,Rajgarh
2007-06-02,Wheat,Khilchipur,850.0,1143.0,850.0,Madhya Pradesh,Rajgarh
2007-06-02,Wheat,Khilchipur,830.0,984.0,907.0,Madhya Pradesh,Rajgarh
2007-06-05,Wheat,Khilchipur,838.0,1183.0,851.0,Madhya Pradesh,Rajgarh
2007-06-05,Wheat,Khilchipur,650.0,920.0,904.0,Madhya Pradesh,Rajgarh
2007-06-08,Wheat,Khilchipur,800.0,930.0,915.0,Madhya Pradesh,Rajgarh
2007-06-08,Wheat,Khilchipur,810.0,1135.0,916.0,Madhya Pradesh,Rajgarh
2007-06-08,Wheat,Khilchipur,820.0,1151.0,895.0,Madhya Pradesh,Rajgarh
2007-06-09,Wheat,Khilchipur,700.0,940.0,908.0,Madhya Pradesh,Rajgarh
2007-06-09,Wheat,Khilchipur,825.0,1100.0,886.0,Madhya Pradesh,Rajgarh
2007-06-11,Wheat,Khilchipur,700.0,917.0,910.0,Madhya Pradesh,Rajgarh
2007-06-11,Wheat,Khilchipur,851.0,1121.0,900.0,Madhya Pradesh,Rajgarh
2007-06-13,Wheat,Khilchipur,780.0,945.0,922.0,Madhya Pradesh,Rajgarh
2007-06-13,Wheat,Khilchipur,840.0,1132.0,900.0,Madhya Pradesh,Rajgarh
2007-06-14,Wheat,Khilchipur,894.0,898.0,897.0,Madhya Pradesh,Rajgarh
2007-06-14,Wheat,Khilchipur,851.0,1000.0,906.0,Madhya Pradesh,Rajgarh
2007-06-15,Wheat,Khilchipur,828.0,1080.0,902.0,Madhya Pradesh,Rajgarh
2007-06-15,Wheat,Khilchipur,785.0,1261.0,890.0,Madhya Pradesh,Rajgarh
2007-06-16,Wheat,Khilchipur,750.0,1095.0,900.0,Madhya Pradesh,Rajgarh
2007-06-16,Wheat,Khilchipur,650.0,939.0,923.0,Madhya Pradesh,Rajgarh
2007-06-18,Wheat,Khilchipur,802.0,1071.0,880.0,Madhya Pradesh,Rajgarh
2007-06-18,Wheat,Khilchipur,600.0,943.0,880.0,Madhya Pradesh,Rajgarh
2007-06-19,Wheat,Khilchipur,825.0,937.0,920.0,Madhya Pradesh,Rajgarh
2007-06-19,Wheat,Khilchipur,851.0,1068.0,899.0,Madhya Pradesh,Rajgarh
2007-06-20,Wheat,Khilchipur,854.0,1090.0,900.0,Madhya Pradesh,Rajgarh
2007-06-20,Wheat,Khilchipur,239.0,1065.0,938.0,Madhya Pradesh,Rajgarh
2007-06-21,Wheat,Khilchipur,861.0,1065.0,925.0,Madhya Pradesh,Rajgarh
2007-06-21,Wheat,Khilchipur,800.0,945.0,935.0,Madhya Pradesh,Rajgarh
2007-06-22,Wheat,Khilchipur,851.0,1112.0,926.0,Madhya Pradesh,Rajgarh
2007-06-22,Wheat,Khilchipur,836.0,916.0,905.0,Madhya Pradesh,Rajgarh
2007-06-23,Wheat,Khilchipur,671.0,1397.0,946.0,Madhya Pradesh,Rajgarh
2007-06-23,Wheat,Khilchipur,870.0,1060.0,931.0,Madhya Pradesh,Rajgarh
2007-06-25,Wheat,Khilchipur,862.0,1080.0,930.0,Madhya Pradesh,Rajgarh
2007-06-25,Wheat,Khilchipur,710.0,940.0,920.0,Madhya Pradesh,Rajgarh
2007-06-26,Wheat,Khilchipur,891.0,1101.0,916.0,Madhya Pradesh,Rajgarh
2007-06-26,Wheat,Khilchipur,751.0,978.0,950.0,Madhya Pradesh,Rajgarh
2007-06-27,Wheat,Khilchipur,734.0,1112.0,932.0,Madhya Pradesh,Rajgarh
2007-06-27,Wheat,Khilchipur,825.0,955.0,939.0,Madhya Pradesh,Rajgarh
2007-06-28,Wheat,Khilchipur,860.0,1497.0,945.0,Madhya Pradesh,Rajgarh
2007-06-28,Wheat,Khilchipur,890.0,994.0,970.0,Madhya Pradesh,Rajgarh
2007-06-29,Wheat,Khilchipur,800.0,993.0,968.0,Madhya Pradesh,Rajgarh
2007-06-29,Wheat,Khilchipur,888.0,1130.0,948.0,Madhya Pradesh,Rajgarh
2007-06-30,Wheat,Khilchipur,783.0,1101.0,956.0,Madhya Pradesh,Rajgarh
2007-06-30,Wheat,Khilchipur,890.0,985.0,975.0,Madhya Pradesh,Rajgarh
2007-07-02,Wheat,Khilchipur,900.0,961.0,900.0,Madhya Pradesh,Rajgarh
2007-07-02,Wheat,Khilchipur,860.0,1010.0,985.0,Madhya Pradesh,Rajgarh
2007-07-03,Wheat,Khilchipur,890.0,990.0,962.0,Madhya Pradesh,Rajgarh
2007-07-03,Wheat,Khilchipur,850.0,1022.0,982.0,Madhya Pradesh,Rajgarh
2007-07-04,Wheat,Khilchipur,850.0,1023.0,1018.0,Madhya Pradesh,Rajgarh
2007-07-04,Wheat,Khilchipur,884.0,1105.0,970.0,Madhya Pradesh,Rajgarh
2007-07-05,Wheat,Khilchipur,925.0,1101.0,984.0,Madhya Pradesh,Rajgarh
2007-07-05,Wheat,Khilchipur,600.0,1030.0,997.0,Madhya Pradesh,Rajgarh
2007-07-06,Wheat,Khilchipur,929.0,1400.0,987.0,Madhya Pradesh,Rajgarh
2007-07-06,Wheat,Khilchipur,800.0,1016.0,1007.0,Madhya Pradesh,Rajgarh
2007-07-07,Wheat,Khilchipur,938.0,1030.0,1030.0,Madhya Pradesh,Rajgarh
2007-07-07,Wheat,Khilchipur,945.0,1064.0,993.0,Madhya Pradesh,Rajgarh
2007-07-09,Wheat,Khilchipur,965.0,1012.0,1012.0,Madhya Pradesh,Rajgarh
2007-07-09,Wheat,Khilchipur,900.0,1034.0,1027.0,Madhya Pradesh,Rajgarh
2007-07-10,Wheat,Khilchipur,895.0,1039.0,1021.0,Madhya Pradesh,Rajgarh
2007-07-10,Wheat,Khilchipur,953.0,1016.0,1016.0,Madhya Pradesh,Rajgarh
2007-07-11,Wheat,Khilchipur,925.0,1025.0,1010.0,Madhya Pradesh,Rajgarh
2007-07-11,Wheat,Khilchipur,651.0,1047.0,1024.0,Madhya Pradesh,Rajgarh
2007-07-12,Wheat,Khilchipur,803.0,1174.0,1008.0,Madhya Pradesh,Rajgarh
2007-07-12,Wheat,Khilchipur,851.0,1496.0,1025.0,Madhya Pradesh,Rajgarh
2007-07-13,Wheat,Khilchipur,976.0,1050.0,990.0,Madhya Pradesh,Rajgarh
2007-07-13,Wheat,Khilchipur,852.0,1030.0,1019.0,Madhya Pradesh,Rajgarh
2007-07-14,Wheat,Khilchipur,881.0,1266.0,1030.0,Madhya Pradesh,Rajgarh
2007-07-14,Wheat,Khilchipur,800.0,1090.0,998.0,Madhya Pradesh,Rajgarh
2007-07-16,Wheat,Khilchipur,851.0,1080.0,1031.0,Madhya Pradesh,Rajgarh
2007-07-16,Wheat,Khilchipur,900.0,1024.0,1001.0,Madhya Pradesh,Rajgarh
2007-07-17,Wheat,Khilchipur,890.0,1037.0,1021.0,Madhya Pradesh,Rajgarh
2007-07-17,Wheat,Khilchipur,928.0,1050.0,1000.0,Madhya Pradesh,Rajgarh
2007-07-18,Wheat,Khilchipur,891.0,1044.0,1037.0,Madhya Pradesh,Rajgarh
2007-07-18,Wheat,Khilchipur,803.0,1061.0,1000.0,Madhya Pradesh,Rajgarh
2007-07-19,Wheat,Khilchipur,696.0,1029.0,1022.0,Madhya Pradesh,Rajgarh
2007-07-19,Wheat,Khilchipur,840.0,1089.0,990.0,Madhya Pradesh,Rajgarh
2007-07-20,Wheat,Khilchipur,925.0,1038.0,1020.0,Madhya Pradesh,Rajgarh
2007-07-20,Wheat,Khilchipur,954.0,1034.0,995.0,Madhya Pradesh,Rajgarh
2007-07-21,Wheat,Khilchipur,955.0,1100.0,1027.0,Madhya Pradesh,Rajgarh
2007-07-21,Wheat,Khilchipur,747.0,1005.0,991.0,Madhya Pradesh,Rajgarh
2007-07-23,Wheat,Khilchipur,900.0,1036.0,1024.0,Madhya Pradesh,Rajgarh
2007-07-23,Wheat,Khilchipur,948.0,1017.0,1003.0,Madhya Pradesh,Rajgarh
2007-07-24,Wheat,Khilchipur,966.0,1029.0,1025.0,Madhya Pradesh,Rajgarh
2007-07-24,Wheat,Khilchipur,950.0,1042.0,1005.0,Madhya Pradesh,Rajgarh
2007-07-25,Wheat,Khilchipur,930.0,1045.0,1010.0,Madhya Pradesh,Rajgarh
2007-07-25,Wheat,Khilchipur,903.0,1039.0,1032.0,Madhya Pradesh,Rajgarh
2007-07-26,Wheat,Khilchipur,900.0,1042.0,1008.0,Madhya Pradesh,Rajgarh
2007-07-26,Wheat,Khilchipur,990.0,1080.0,1047.0,Madhya Pradesh,Rajgarh
2007-07-27,Wheat,Khilchipur,950.0,1057.0,1010.0,Madhya Pradesh,Rajgarh
2007-07-27,Wheat,Khilchipur,750.0,1075.0,1042.0,Madhya Pradesh,Rajgarh
2007-07-30,Wheat,Khilchipur,925.0,1010.0,1005.0,Madhya Pradesh,Rajgarh
2007-07-30,Wheat,Khilchipur,881.0,1053.0,1040.0,Madhya Pradesh,Rajgarh
2007-07-31,Wheat,Khilchipur,900.0,1032.0,1006.0,Madhya Pradesh,Rajgarh
2007-07-31,Wheat,Khilchipur,880.0,1061.0,1040.0,Madhya Pradesh,Rajgarh
2007-08-01,Wheat,Khilchipur,600.0,1054.0,1036.0,Madhya Pradesh,Rajgarh
2007-08-01,Wheat,Khilchipur,900.0,1020.0,997.0,Madhya Pradesh,Rajgarh
2007-08-02,Wheat,Khilchipur,934.0,1009.0,1000.0,Madhya Pradesh,Rajgarh
2007-08-02,Wheat,Khilchipur,776.0,1028.0,1023.0,Madhya Pradesh,Rajgarh
2007-08-03,Wheat,Khilchipur,906.0,1046.0,1026.0,Madhya Pradesh,Rajgarh
2007-08-03,Wheat,Khilchipur,860.0,1003.0,1000.0,Madhya Pradesh,Rajgarh
2007-08-04,Wheat,Khilchipur,877.0,1021.0,1010.0,Madhya Pradesh,Rajgarh
2007-08-04,Wheat,Khilchipur,900.0,995.0,987.0,Madhya Pradesh,Rajgarh
2007-08-06,Wheat,Khilchipur,918.0,1008.0,985.0,Madhya Pradesh,Rajgarh
2007-08-06,Wheat,Khilchipur,800.0,1005.0,996.0,Madhya Pradesh,Rajgarh
2007-08-07,Wheat,Khilchipur,928.0,1039.0,988.0,Madhya Pradesh,Rajgarh
2007-08-07,Wheat,Khilchipur,841.0,1027.0,1024.0,Madhya Pradesh,Rajgarh
2007-08-08,Wheat,Khilchipur,812.0,1012.0,991.0,Madhya Pradesh,Rajgarh
2007-08-08,Wheat,Khilchipur,1019.0,1036.0,1036.0,Madhya Pradesh,Rajgarh
2007-08-09,Wheat,Khilchipur,900.0,1018.0,999.0,Madhya Pradesh,Rajgarh
2007-08-09,Wheat,Khilchipur,791.0,1023.0,1021.0,Madhya Pradesh,Rajgarh
2007-08-10,Wheat,Khilchipur,900.0,1091.0,991.0,Madhya Pradesh,Rajgarh
2007-08-10,Wheat,Khilchipur,876.0,1038.0,1018.0,Madhya Pradesh,Rajgarh
2007-08-11,Wheat,Khilchipur,875.0,1042.0,1011.0,Madhya Pradesh,Rajgarh
2007-08-13,Wheat,Khilchipur,900.0,1030.0,990.0,Madhya Pradesh,Rajgarh
2007-08-13,Wheat,Khilchipur,860.0,1036.0,1000.0,Madhya Pradesh,Rajgarh
2007-08-14,Wheat,Khilchipur,977.0,1047.0,1032.0,Madhya Pradesh,Rajgarh
2007-08-14,Wheat,Khilchipur,956.0,980.0,980.0,Madhya Pradesh,Rajgarh
2007-08-16,Wheat,Khilchipur,940.0,1033.0,1028.0,Madhya Pradesh,Rajgarh
2007-08-16,Wheat,Khilchipur,921.0,1069.0,987.0,Madhya Pradesh,Rajgarh
2007-08-17,Wheat,Khilchipur,903.0,1080.0,993.0,Madhya Pradesh,Rajgarh
2007-08-17,Wheat,Khilchipur,945.0,1028.0,1021.0,Madhya Pradesh,Rajgarh
2007-08-18,Wheat,Khilchipur,911.0,1071.0,990.0,Madhya Pradesh,Rajgarh
2007-08-18,Wheat,Khilchipur,898.0,1031.0,1020.0,Madhya Pradesh,Rajgarh
2007-08-20,Wheat,Khilchipur,851.0,1052.0,1019.0,Madhya Pradesh,Rajgarh
2007-08-20,Wheat,Khilchipur,863.0,1052.0,955.0,Madhya Pradesh,Rajgarh
2007-08-21,Wheat,Khilchipur,811.0,1006.0,968.0,Madhya Pradesh,Rajgarh
2007-08-21,Wheat,Khilchipur,956.0,1025.0,1025.0,Madhya Pradesh,Rajgarh
2007-08-22,Wheat,Khilchipur,905.0,1118.0,1010.0,Madhya Pradesh,Rajgarh
2007-08-22,Wheat,Khilchipur,865.0,1000.0,967.0,Madhya Pradesh,Rajgarh
2007-08-23,Wheat,Khilchipur,869.0,997.0,940.0,Madhya Pradesh,Rajgarh
2007-08-23,Wheat,Khilchipur,910.0,1022.0,1000.0,Madhya Pradesh,Rajgarh
2007-08-24,Wheat,Khilchipur,888.0,1141.0,960.0,Madhya Pradesh,Rajgarh
2007-08-24,Wheat,Khilchipur,850.0,1029.0,1000.0,Madhya Pradesh,Rajgarh
2007-08-25,Wheat,Khilchipur,860.0,1029.0,1005.0,Madhya Pradesh,Rajgarh
2007-08-27,Wheat,Khilchipur,914.0,1059.0,1006.0,Madhya Pradesh,Rajgarh
2007-08-29,Wheat,Khilchipur,902.0,1325.0,978.0,Madhya Pradesh,Rajgarh
2007-08-30,Wheat,Khilchipur,900.0,1013.0,1013.0,Madhya Pradesh,Rajgarh
2007-08-30,Wheat,Khilchipur,850.0,973.0,973.0,Madhya Pradesh,Rajgarh
2007-08-31,Wheat,Khilchipur,827.0,989.0,827.0,Madhya Pradesh,Rajgarh
2007-08-31,Wheat,Khilchipur,941.0,995.0,978.0,Madhya Pradesh,Rajgarh
2007-09-01,Wheat,Khilchipur,844.0,966.0,960.0,Madhya Pradesh,Rajgarh
2007-09-01,Wheat,Khilchipur,925.0,1024.0,1000.0,Madhya Pradesh,Rajgarh
2007-09-05,Wheat,Khilchipur,926.0,1174.0,977.0,Madhya Pradesh,Rajgarh
2007-09-05,Wheat,Khilchipur,900.0,1024.0,995.0,Madhya Pradesh,Rajgarh
2007-09-06,Wheat,Khilchipur,927.0,990.0,940.0,Madhya Pradesh,Rajgarh
2007-09-06,Wheat,Khilchipur,950.0,1040.0,1015.0,Madhya Pradesh,Rajgarh
2007-09-07,Wheat,Khilchipur,864.0,1039.0,1018.0,Madhya Pradesh,Rajgarh
2007-09-07,Wheat,Khilchipur,900.0,1005.0,900.0,Madhya Pradesh,Rajgarh
2007-09-08,Wheat,Khilchipur,900.0,1027.0,970.0,Madhya Pradesh,Rajgarh
2007-09-08,Wheat,Khilchipur,870.0,1039.0,983.0,Madhya Pradesh,Rajgarh
2007-09-10,Wheat,Khilchipur,851.0,1031.0,989.0,Madhya Pradesh,Rajgarh
2007-09-10,Wheat,Khilchipur,900.0,1045.0,960.0,Madhya Pradesh,Rajgarh
2007-09-11,Wheat,Khilchipur,800.0,1151.0,952.0,Madhya Pradesh,Rajgarh
2007-09-12,Wheat,Khilchipur,791.0,1028.0,968.0,Madhya Pradesh,Rajgarh
2007-09-12,Wheat,Khilchipur,854.0,1100.0,967.0,Madhya Pradesh,Rajgarh
2007-09-13,Wheat,Khilchipur,801.0,1001.0,958.0,Madhya Pradesh,Rajgarh
2007-09-13,Wheat,Khilchipur,852.0,1021.0,991.0,Madhya Pradesh,Rajgarh
2007-09-14,Wheat,Khilchipur,810.0,1090.0,940.0,Madhya Pradesh,Rajgarh
2007-09-14,Wheat,Khilchipur,900.0,1035.0,970.0,Madhya Pradesh,Rajgarh
2007-09-15,Wheat,Khilchipur,939.0,964.0,964.0,Madhya Pradesh,Rajgarh
2007-09-17,Wheat,Khilchipur,852.0,1112.0,942.0,Madhya Pradesh,Rajgarh
2007-09-17,Wheat,Khilchipur,910.0,1006.0,989.0,Madhya Pradesh,Rajgarh
2007-09-18,Wheat,Khilchipur,876.0,1004.0,943.0,Madhya Pradesh,Rajgarh
2007-09-18,Wheat,Khilchipur,838.0,1018.0,995.0,Madhya Pradesh,Rajgarh
2007-09-19,Wheat,Khilchipur,930.0,995.0,995.0,Madhya Pradesh,Rajgarh
2007-09-19,Wheat,Khilchipur,841.0,1016.0,1003.0,Madhya Pradesh,Rajgarh
2007-09-20,Wheat,Khilchipur,929.0,1086.0,961.0,Madhya Pradesh,Rajgarh
2007-09-20,Wheat,Khilchipur,939.0,1020.0,979.0,Madhya Pradesh,Rajgarh
2007-09-21,Wheat,Khilchipur,700.0,1035.0,1027.0,Madhya Pradesh,Rajgarh
2007-09-21,Wheat,Khilchipur,874.0,1000.0,940.0,Madhya Pradesh,Rajgarh
2007-09-22,Wheat,Khilchipur,755.0,1043.0,1000.0,Madhya Pradesh,Rajgarh
2007-09-22,Wheat,Khilchipur,905.0,1007.0,963.0,Madhya Pradesh,Rajgarh
2007-09-24,Wheat,Khilchipur,836.0,1100.0,930.0,Madhya Pradesh,Rajgarh
2007-09-24,Wheat,Khilchipur,851.0,1049.0,949.0,Madhya Pradesh,Rajgarh
2007-09-26,Wheat,Khilchipur,921.0,1018.0,1004.0,Madhya Pradesh,Rajgarh
2007-09-26,Wheat,Khilchipur,912.0,1005.0,950.0,Madhya Pradesh,Rajgarh
2007-09-27,Wheat,Khilchipur,950.0,985.0,976.0,Madhya Pradesh,Rajgarh
2007-09-27,Wheat,Khilchipur,916.0,1010.0,940.0,Madhya Pradesh,Rajgarh
2007-09-28,Wheat,Khilchipur,850.0,1028.0,1000.0,Madhya Pradesh,Rajgarh
2007-09-28,Wheat,Khilchipur,900.0,1033.0,955.0,Madhya Pradesh,Rajgarh
2007-09-29,Wheat,Khilchipur,700.0,1244.0,1040.0,Madhya Pradesh,Rajgarh
2007-10-01,Wheat,Khilchipur,863.0,1076.0,900.0,Madhya Pradesh,Rajgarh
2007-10-01,Wheat,Khilchipur,877.0,1028.0,990.0,Madhya Pradesh,Rajgarh
2007-10-03,Wheat,Khilchipur,860.0,970.0,970.0,Madhya Pradesh,Rajgarh
2007-10-03,Wheat,Khilchipur,870.0,1020.0,950.0,Madhya Pradesh,Rajgarh
2007-10-04,Wheat,Khilchipur,900.0,1381.0,953.0,Madhya Pradesh,Rajgarh
2007-10-04,Wheat,Khilchipur,850.0,1100.0,850.0,Madhya Pradesh,Rajgarh
2007-10-05,Wheat,Khilchipur,922.0,952.0,946.0,Madhya Pradesh,Rajgarh
2007-10-05,Wheat,Khilchipur,850.0,972.0,961.0,Madhya Pradesh,Rajgarh
2007-10-08,Wheat,Khilchipur,875.0,987.0,900.0,Madhya Pradesh,Rajgarh
2007-10-08,Wheat,Khilchipur,850.0,984.0,895.0,Madhya Pradesh,Rajgarh
2007-10-09,Wheat,Khilchipur,910.0,1050.0,996.0,Madhya Pradesh,Rajgarh
2007-10-09,Wheat,Khilchipur,872.0,1002.0,1002.0,Madhya Pradesh,Rajgarh
2007-10-10,Wheat,Khilchipur,860.0,1020.0,1020.0,Madhya Pradesh,Rajgarh
2007-10-10,Wheat,Khilchipur,840.0,1015.0,970.0,Madhya Pradesh,Rajgarh
2007-10-11,Wheat,Khilchipur,863.0,1281.0,1281.0,Madhya Pradesh,Rajgarh
2007-10-11,Wheat,Khilchipur,984.0,1362.0,1065.0,Madhya Pradesh,Rajgarh
2007-10-13,Wheat,Khilchipur,1000.0,1032.0,1032.0,Madhya Pradesh,Rajgarh
2007-10-13,Wheat,Khilchipur,954.0,981.0,981.0,Madhya Pradesh,Rajgarh
2007-10-16,Wheat,Khilchipur,922.0,1241.0,980.0,Madhya Pradesh,Rajgarh
2007-10-16,Wheat,Khilchipur,950.0,1018.0,1010.0,Madhya Pradesh,Rajgarh
2007-10-17,Wheat,Khilchipur,900.0,1135.0,950.0,Madhya Pradesh,Rajgarh
2007-10-17,Wheat,Khilchipur,970.0,1036.0,1026.0,Madhya Pradesh,Rajgarh
2007-10-18,Wheat,Khilchipur,893.0,1156.0,995.0,Madhya Pradesh,Rajgarh
2007-10-18,Wheat,Khilchipur,925.0,1046.0,1043.0,Madhya Pradesh,Rajgarh
2007-10-19,Wheat,Khilchipur,880.0,1513.0,1401.0,Madhya Pradesh,Rajgarh
2007-10-19,Wheat,Khilchipur,900.0,1168.0,1100.0,Madhya Pradesh,Rajgarh
2007-10-20,Wheat,Khilchipur,940.0,1076.0,1076.0,Madhya Pradesh,Rajgarh
2007-10-20,Wheat,Khilchipur,980.0,1087.0,1045.0,Madhya Pradesh,Rajgarh
2007-10-24,Wheat,Khilchipur,880.0,1251.0,1015.0,Madhya Pradesh,Rajgarh
2007-10-24,Wheat,Khilchipur,850.0,1030.0,950.0,Madhya Pradesh,Rajgarh
2007-10-25,Wheat,Khilchipur,875.0,1250.0,950.0,Madhya Pradesh,Rajgarh
2007-10-25,Wheat,Khilchipur,900.0,1060.0,1021.0,Madhya Pradesh,Rajgarh
2007-10-26,Wheat,Khilchipur,921.0,1175.0,1000.0,Madhya Pradesh,Rajgarh
2007-10-26,Wheat,Khilchipur,850.0,1091.0,1025.0,Madhya Pradesh,Rajgarh
2007-10-27,Wheat,Khilchipur,850.0,1170.0,930.0,Madhya Pradesh,Rajgarh
2007-10-27,Wheat,Khilchipur,840.0,1121.0,1024.0,Madhya Pradesh,Rajgarh
2007-10-30,Wheat,Khilchipur,800.0,1055.0,1035.0,Madhya Pradesh,Rajgarh
2007-10-30,Wheat,Khilchipur,800.0,1108.0,1001.0,Madhya Pradesh,Rajgarh
2007-10-31,Wheat,Khilchipur,851.0,1180.0,950.0,Madhya Pradesh,Rajgarh
2007-10-31,Wheat,Khilchipur,901.0,1052.0,950.0,Madhya Pradesh,Rajgarh
2007-11-06,Wheat,Khilchipur,850.0,1283.0,958.0,Madhya Pradesh,Rajgarh
2007-11-06,Wheat,Khilchipur,900.0,1033.0,992.0,Madhya Pradesh,Rajgarh
2007-11-14,Wheat,Khilchipur,860.0,1070.0,1000.0,Madhya Pradesh,Rajgarh
2007-11-14,Wheat,Khilchipur,876.0,1249.0,1006.0,Madhya Pradesh,Rajgarh
2007-11-15,Wheat,Khilchipur,850.0,1256.0,996.0,Madhya Pradesh,Rajgarh
2007-11-15,Wheat,Khilchipur,721.0,1050.0,1017.0,Madhya Pradesh,Rajgarh
2007-11-16,Wheat,Khilchipur,883.0,1200.0,1025.0,Madhya Pradesh,Rajgarh
2007-11-16,Wheat,Khilchipur,925.0,1025.0,1000.0,Madhya Pradesh,Rajgarh
2007-11-19,Wheat,Khilchipur,851.0,1256.0,1000.0,Madhya Pradesh,Rajgarh
2007-11-19,Wheat,Khilchipur,826.0,1015.0,978.0,Madhya Pradesh,Rajgarh
2007-11-20,Wheat,Khilchipur,922.0,1166.0,1166.0,Madhya Pradesh,Rajgarh
2007-11-20,Wheat,Khilchipur,818.0,1040.0,1000.0,Madhya Pradesh,Rajgarh
2007-11-21,Wheat,Khilchipur,909.0,1275.0,975.0,Madhya Pradesh,Rajgarh
2007-11-21,Wheat,Khilchipur,851.0,1040.0,950.0,Madhya Pradesh,Rajgarh
2007-11-22,Wheat,Khilchipur,860.0,1160.0,1012.0,Madhya Pradesh,Rajgarh
2007-11-22,Wheat,Khilchipur,850.0,1178.0,970.0,Madhya Pradesh,Rajgarh
2007-11-23,Wheat,Khilchipur,854.0,1121.0,1001.0,Madhya Pradesh,Rajgarh
2007-11-23,Wheat,Khilchipur,890.0,1144.0,1016.0,Madhya Pradesh,Rajgarh
2007-11-26,Wheat,Khilchipur,900.0,986.0,969.0,Madhya Pradesh,Rajgarh
2007-11-28,Wheat,Khilchipur,868.0,1072.0,967.0,Madhya Pradesh,Rajgarh
2007-11-28,Wheat,Khilchipur,875.0,999.0,975.0,Madhya Pradesh,Rajgarh
2007-11-29,Wheat,Khilchipur,900.0,996.0,980.0,Madhya Pradesh,Rajgarh
2007-11-29,Wheat,Khilchipur,870.0,1151.0,938.0,Madhya Pradesh,Rajgarh
2007-12-01,Wheat,Khilchipur,800.0,1163.0,975.0,Madhya Pradesh,Rajgarh
2007-12-01,Wheat,Khilchipur,850.0,986.0,974.0,Madhya Pradesh,Rajgarh
2007-12-03,Wheat,Khilchipur,853.0,990.0,990.0,Madhya Pradesh,Rajgarh
2007-12-03,Wheat,Khilchipur,840.0,1196.0,1003.0,Madhya Pradesh,Rajgarh
2007-12-04,Wheat,Khilchipur,850.0,1218.0,990.0,Madhya Pradesh,Rajgarh
2007-12-04,Wheat,Khilchipur,702.0,1043.0,1022.0,Madhya Pradesh,Rajgarh
2007-12-05,Wheat,Khilchipur,916.0,1113.0,1000.0,Madhya Pradesh,Rajgarh
2007-12-05,Wheat,Khilchipur,909.0,1110.0,980.0,Madhya Pradesh,Rajgarh
2007-12-06,Wheat,Khilchipur,860.0,1150.0,1003.0,Madhya Pradesh,Rajgarh
2007-12-06,Wheat,Khilchipur,823.0,1201.0,1033.0,Madhya Pradesh,Rajgarh
2007-12-07,Wheat,Khilchipur,618.0,1025.0,1002.0,Madhya Pradesh,Rajgarh
2007-12-07,Wheat,Khilchipur,875.0,1161.0,956.0,Madhya Pradesh,Rajgarh
2007-12-08,Wheat,Khilchipur,825.0,1034.0,1034.0,Madhya Pradesh,Rajgarh
2007-12-08,Wheat,Khilchipur,841.0,1033.0,1008.0,Madhya Pradesh,Rajgarh
2007-12-10,Wheat,Khilchipur,910.0,1000.0,980.0,Madhya Pradesh,Rajgarh
2007-12-10,Wheat,Khilchipur,897.0,1163.0,900.0,Madhya Pradesh,Rajgarh
2007-12-11,Wheat,Khilchipur,775.0,1129.0,1035.0,Madhya Pradesh,Rajgarh
2007-12-11,Wheat,Khilchipur,851.0,1203.0,979.0,Madhya Pradesh,Rajgarh
2007-12-12,Wheat,Khilchipur,821.0,1125.0,1027.0,Madhya Pradesh,Rajgarh
2007-12-12,Wheat,Khilchipur,897.0,1153.0,946.0,Madhya Pradesh,Rajgarh
2007-12-13,Wheat,Khilchipur,845.0,1080.0,990.0,Madhya Pradesh,Rajgarh
2007-12-13,Wheat,Khilchipur,852.0,1059.0,970.0,Madhya Pradesh,Rajgarh
2007-12-14,Wheat,Khilchipur,860.0,1211.0,951.0,Madhya Pradesh,Rajgarh
2007-12-14,Wheat,Khilchipur,815.0,1175.0,950.0,Madhya Pradesh,Rajgarh
2007-12-15,Wheat,Khilchipur,600.0,1024.0,990.0,Madhya Pradesh,Rajgarh
2007-12-15,Wheat,Khilchipur,877.0,1100.0,1034.0,Madhya Pradesh,Rajgarh
2007-12-17,Wheat,Khilchipur,891.0,1145.0,1012.0,Madhya Pradesh,Rajgarh
2007-12-17,Wheat,Khilchipur,845.0,1195.0,945.0,Madhya Pradesh,Rajgarh
2007-12-18,Wheat,Khilchipur,851.0,1066.0,1003.0,Madhya Pradesh,Rajgarh
2007-12-18,Wheat,Khilchipur,800.0,1132.0,995.0,Madhya Pradesh,Rajgarh
2007-12-19,Wheat,Khilchipur,900.0,1060.0,1013.0,Madhya Pradesh,Rajgarh
2007-12-19,Wheat,Khilchipur,880.0,1047.0,1001.0,Madhya Pradesh,Rajgarh
2007-12-20,Wheat,Khilchipur,911.0,1200.0,979.0,Madhya Pradesh,Rajgarh
2007-12-20,Wheat,Khilchipur,856.0,1030.0,1025.0,Madhya Pradesh,Rajgarh
2007-12-22,Wheat,Khilchipur,901.0,1055.0,1015.0,Madhya Pradesh,Rajgarh
2007-12-22,Wheat,Khilchipur,775.0,1006.0,1006.0,Madhya Pradesh,Rajgarh
2007-12-24,Wheat,Khilchipur,732.0,1229.0,950.0,Madhya Pradesh,Rajgarh
2007-12-24,Wheat,Khilchipur,900.0,1031.0,995.0,Madhya Pradesh,Rajgarh
2007-12-26,Wheat,Khilchipur,800.0,1180.0,969.0,Madhya Pradesh,Rajgarh
2007-12-26,Wheat,Khilchipur,846.0,1035.0,970.0,Madhya Pradesh,Rajgarh
2007-12-27,Wheat,Khilchipur,936.0,1035.0,990.0,Madhya Pradesh,Rajgarh
2007-12-27,Wheat,Khilchipur,851.0,1192.0,1010.0,Madhya Pradesh,Rajgarh
2007-12-28,Wheat,Khilchipur,850.0,1151.0,1030.0,Madhya Pradesh,Rajgarh
2007-12-28,Wheat,Khilchipur,917.0,1042.0,1017.0,Madhya Pradesh,Rajgarh
2007-12-29,Wheat,Khilchipur,851.0,1186.0,1018.0,Madhya Pradesh,Rajgarh
2007-12-29,Wheat,Khilchipur,750.0,1190.0,1007.0,Madhya Pradesh,Rajgarh
2007-12-31,Wheat,Khilchipur,948.0,1050.0,1020.0,Madhya Pradesh,Rajgarh
2007-12-31,Wheat,Khilchipur,950.0,1126.0,1000.0,Madhya Pradesh,Rajgarh
2008-01-01,Wheat,Khilchipur,900.0,1031.0,980.0,Madhya Pradesh,Rajgarh
2008-01-01,Wheat,Khilchipur,955.0,1050.0,1025.0,Madhya Pradesh,Rajgarh
2008-01-02,Wheat,Khilchipur,900.0,1100.0,1030.0,Madhya Pradesh,Rajgarh
2008-01-02,Wheat,Khilchipur,941.0,1163.0,1021.0,Madhya Pradesh,Rajgarh
2008-01-03,Wheat,Khilchipur,945.0,1075.0,1029.0,Madhya Pradesh,Rajgarh
2008-01-03,Wheat,Khilchipur,884.0,1265.0,1040.0,Madhya Pradesh,Rajgarh
2008-01-04,Wheat,Khilchipur,951.0,1090.0,1014.0,Madhya Pradesh,Rajgarh
2008-01-04,Wheat,Khilchipur,925.0,1080.0,1025.0,Madhya Pradesh,Rajgarh
2008-01-05,Wheat,Khilchipur,970.0,1030.0,1010.0,Madhya Pradesh,Rajgarh
2008-01-05,Wheat,Khilchipur,925.0,1080.0,1026.0,Madhya Pradesh,Rajgarh
2008-01-07,Wheat,Khilchipur,960.0,1035.0,985.0,Madhya Pradesh,Rajgarh
2008-01-07,Wheat,Khilchipur,885.0,1176.0,997.0,Madhya Pradesh,Rajgarh
2008-01-08,Wheat,Khilchipur,881.0,1254.0,1017.0,Madhya Pradesh,Rajgarh
2008-01-08,Wheat,Khilchipur,860.0,1106.0,1005.0,Madhya Pradesh,Rajgarh
2008-01-09,Wheat,Khilchipur,938.0,1180.0,1000.0,Madhya Pradesh,Rajgarh
2008-01-09,Wheat,Khilchipur,750.0,1035.0,1015.0,Madhya Pradesh,Rajgarh
2008-01-10,Wheat,Khilchipur,880.0,1189.0,1021.0,Madhya Pradesh,Rajgarh
2008-01-10,Wheat,Khilchipur,825.0,1242.0,1010.0,Madhya Pradesh,Rajgarh
2008-01-11,Wheat,Khilchipur,901.0,1141.0,1025.0,Madhya Pradesh,Rajgarh
2008-01-11,Wheat,Khilchipur,931.0,1120.0,1049.0,Madhya Pradesh,Rajgarh
2008-01-12,Wheat,Khilchipur,833.0,1102.0,1025.0,Madhya Pradesh,Rajgarh
2008-01-12,Wheat,Khilchipur,970.0,1061.0,1010.0,Madhya Pradesh,Rajgarh
2008-01-14,Wheat,Khilchipur,999.0,1062.0,1008.0,Madhya Pradesh,Rajgarh
2008-01-14,Wheat,Khilchipur,962.0,1215.0,1215.0,Madhya Pradesh,Rajgarh
2008-01-15,Wheat,Khilchipur,1039.0,1040.0,1040.0,Madhya Pradesh,Rajgarh
2008-01-16,Wheat,Khilchipur,850.0,1065.0,1041.0,Madhya Pradesh,Rajgarh
2008-01-16,Wheat,Khilchipur,900.0,1253.0,1015.0,Madhya Pradesh,Rajgarh
2008-01-17,Wheat,Khilchipur,934.0,1140.0,1015.0,Madhya Pradesh,Rajgarh
2008-01-17,Wheat,Khilchipur,1001.0,1080.0,1030.0,Madhya Pradesh,Rajgarh
2008-01-18,Wheat,Khilchipur,800.0,1075.0,1048.0,Madhya Pradesh,Rajgarh
2008-01-18,Wheat,Khilchipur,987.0,1201.0,1045.0,Madhya Pradesh,Rajgarh
2008-01-21,Wheat,Khilchipur,988.0,1075.0,1052.0,Madhya Pradesh,Rajgarh
2008-01-21,Wheat,Khilchipur,725.0,1172.0,1015.0,Madhya Pradesh,Rajgarh
2008-01-22,Wheat,Khilchipur,750.0,1200.0,1044.0,Madhya Pradesh,Rajgarh
2008-01-22,Wheat,Khilchipur,973.0,1200.0,1038.0,Madhya Pradesh,Rajgarh
2008-01-23,Wheat,Khilchipur,950.0,1150.0,1090.0,Madhya Pradesh,Rajgarh
2008-01-23,Wheat,Khilchipur,900.0,1078.0,1070.0,Madhya Pradesh,Rajgarh
2008-01-24,Wheat,Khilchipur,981.0,1066.0,1051.0,Madhya Pradesh,Rajgarh
2008-01-24,Wheat,Khilchipur,600.0,1150.0,1040.0,Madhya Pradesh,Rajgarh
2008-01-25,Wheat,Khilchipur,990.0,1190.0,1037.0,Madhya Pradesh,Rajgarh
2008-01-25,Wheat,Khilchipur,900.0,1181.0,1066.0,Madhya Pradesh,Rajgarh
2008-01-28,Wheat,Khilchipur,922.0,1160.0,1105.0,Madhya Pradesh,Rajgarh
2008-01-28,Wheat,Khilchipur,941.0,1041.0,1022.0,Madhya Pradesh,Rajgarh
2008-01-29,Wheat,Khilchipur,942.0,1071.0,1015.0,Madhya Pradesh,Rajgarh
2008-01-29,Wheat,Khilchipur,850.0,1179.0,1030.0,Madhya Pradesh,Rajgarh
2008-01-30,Wheat,Khilchipur,966.0,1280.0,1000.0,Madhya Pradesh,Rajgarh
2008-01-30,Wheat,Khilchipur,895.0,1163.0,1004.0,Madhya Pradesh,Rajgarh
2008-02-01,Wheat,Khilchipur,831.0,1070.0,1027.0,Madhya Pradesh,Rajgarh
2008-02-01,Wheat,Khilchipur,975.0,1198.0,1026.0,Madhya Pradesh,Rajgarh
2008-02-02,Wheat,Khilchipur,951.0,1067.0,1000.0,Madhya Pradesh,Rajgarh
2008-02-02,Wheat,Khilchipur,950.0,1054.0,1045.0,Madhya Pradesh,Rajgarh
2008-02-04,Wheat,Khilchipur,990.0,1062.0,1050.0,Madhya Pradesh,Rajgarh
2008-02-04,Wheat,Khilchipur,970.0,1241.0,1019.0,Madhya Pradesh,Rajgarh
2008-02-05,Wheat,Khilchipur,981.0,1987.0,1020.0,Madhya Pradesh,Rajgarh
2008-02-05,Wheat,Khilchipur,950.0,1205.0,1010.0,Madhya Pradesh,Rajgarh
2008-02-06,Wheat,Khilchipur,400.0,1065.0,1031.0,Madhya Pradesh,Rajgarh
2008-02-06,Wheat,Khilchipur,875.0,1284.0,998.0,Madhya Pradesh,Rajgarh
2008-02-07,Wheat,Khilchipur,886.0,1200.0,1013.0,Madhya Pradesh,Rajgarh
2008-02-07,Wheat,Khilchipur,901.0,1506.0,1088.0,Madhya Pradesh,Rajgarh
2008-02-08,Wheat,Khilchipur,915.0,1085.0,1012.0,Madhya Pradesh,Rajgarh
2008-02-08,Wheat,Khilchipur,961.0,1366.0,1015.0,Madhya Pradesh,Rajgarh
2008-02-09,Wheat,Khilchipur,980.0,1138.0,1015.0,Madhya Pradesh,Rajgarh
2008-02-09,Wheat,Khilchipur,812.0,1229.0,1100.0,Madhya Pradesh,Rajgarh
2008-02-11,Wheat,Khilchipur,950.0,1210.0,1000.0,Madhya Pradesh,Rajgarh
2008-02-11,Wheat,Khilchipur,930.0,1223.0,1016.0,Madhya Pradesh,Rajgarh
2008-02-12,Wheat,Khilchipur,950.0,1300.0,1000.0,Madhya Pradesh,Rajgarh
2008-02-12,Wheat,Khilchipur,965.0,1049.0,1037.0,Madhya Pradesh,Rajgarh
2008-02-13,Wheat,Khilchipur,981.0,1075.0,1060.0,Madhya Pradesh,Rajgarh
2008-02-13,Wheat,Khilchipur,935.0,1122.0,1031.0,Madhya Pradesh,Rajgarh
2008-02-14,Wheat,Khilchipur,1000.0,1066.0,1032.0,Madhya Pradesh,Rajgarh
2008-02-14,Wheat,Khilchipur,941.0,1200.0,1028.0,Madhya Pradesh,Rajgarh
2008-02-15,Wheat,Khilchipur,931.0,1251.0,1046.0,Madhya Pradesh,Rajgarh
2008-02-15,Wheat,Khilchipur,876.0,1180.0,1030.0,Madhya Pradesh,Rajgarh
2008-02-16,Wheat,Khilchipur,967.0,1060.0,1040.0,Madhya Pradesh,Rajgarh
2008-02-16,Wheat,Khilchipur,922.0,1080.0,1039.0,Madhya Pradesh,Rajgarh
2008-02-18,Wheat,Khilchipur,1000.0,1101.0,1101.0,Madhya Pradesh,Rajgarh
2008-02-18,Wheat,Khilchipur,581.0,1160.0,1036.0,Madhya Pradesh,Rajgarh
2008-02-19,Wheat,Khilchipur,971.0,1253.0,1060.0,Madhya Pradesh,Rajgarh
2008-02-19,Wheat,Khilchipur,961.0,1200.0,1049.0,Madhya Pradesh,Rajgarh
2008-02-20,Wheat,Khilchipur,880.0,1210.0,1020.0,Madhya Pradesh,Rajgarh
2008-02-21,Wheat,Khilchipur,1001.0,1090.0,1090.0,Madhya Pradesh,Rajgarh
2008-02-23,Wheat,Khilchipur,1050.0,1132.0,1101.0,Madhya Pradesh,Rajgarh
2008-02-23,Wheat,Khilchipur,1000.0,1115.0,1100.0,Madhya Pradesh,Rajgarh
2008-02-25,Wheat,Khilchipur,1025.0,1278.0,1090.0,Madhya Pradesh,Rajgarh
2008-02-25,Wheat,Khilchipur,1000.0,1302.0,1120.0,Madhya Pradesh,Rajgarh
2008-02-26,Wheat,Khilchipur,875.0,1300.0,1151.0,Madhya Pradesh,Rajgarh
2008-02-26,Wheat,Khilchipur,1100.0,1176.0,1145.0,Madhya Pradesh,Rajgarh
2008-02-27,Wheat,Khilchipur,1080.0,1136.0,1120.0,Madhya Pradesh,Rajgarh
2008-02-27,Wheat,Khilchipur,1002.0,1237.0,1171.0,Madhya Pradesh,Rajgarh
2008-02-28,Wheat,Khilchipur,1060.0,1121.0,1105.0,Madhya Pradesh,Rajgarh
2008-02-28,Wheat,Khilchipur,935.0,1276.0,1155.0,Madhya Pradesh,Rajgarh
2008-02-29,Wheat,Khilchipur,938.0,1190.0,1100.0,Madhya Pradesh,Rajgarh
2008-02-29,Wheat,Khilchipur,1020.0,1361.0,1163.0,Madhya Pradesh,Rajgarh
2008-03-01,Wheat,Khilchipur,1001.0,1322.0,1150.0,Madhya Pradesh,Rajgarh
2008-03-01,Wheat,Khilchipur,1061.0,1136.0,1090.0,Madhya Pradesh,Rajgarh
2008-03-03,Wheat,Khilchipur,1050.0,1277.0,1141.0,Madhya Pradesh,Rajgarh
2008-03-03,Wheat,Khilchipur,1050.0,1100.0,1090.0,Madhya Pradesh,Rajgarh
2008-03-04,Wheat,Khilchipur,1050.0,1412.0,1126.0,Madhya Pradesh,Rajgarh
2008-03-04,Wheat,Khilchipur,970.0,1250.0,1080.0,Madhya Pradesh,Rajgarh
2008-03-05,Wheat,Khilchipur,999.0,1400.0,1139.0,Madhya Pradesh,Rajgarh
2008-03-05,Wheat,Khilchipur,1025.0,1190.0,1179.0,Madhya Pradesh,Rajgarh
2008-03-07,Wheat,Khilchipur,1054.0,1267.0,1129.0,Madhya Pradesh,Rajgarh
2008-03-10,Wheat,Khilchipur,1072.0,1451.0,1141.0,Madhya Pradesh,Rajgarh
2008-03-10,Wheat,Khilchipur,1000.0,1301.0,1130.0,Madhya Pradesh,Rajgarh
2008-03-11,Wheat,Khilchipur,1083.0,1173.0,1125.0,Madhya Pradesh,Rajgarh
2008-03-11,Wheat,Khilchipur,601.0,1240.0,1100.0,Madhya Pradesh,Rajgarh
2008-03-12,Wheat,Khilchipur,1011.0,1254.0,1150.0,Madhya Pradesh,Rajgarh
2008-03-12,Wheat,Khilchipur,1001.0,1312.0,1107.0,Madhya Pradesh,Rajgarh
2008-03-13,Wheat,Khilchipur,1048.0,1207.0,1125.0,Madhya Pradesh,Rajgarh
2008-03-13,Wheat,Khilchipur,968.0,1143.0,1143.0,Madhya Pradesh,Rajgarh
2008-03-14,Wheat,Khilchipur,1107.0,1131.0,1131.0,Madhya Pradesh,Rajgarh
2008-03-14,Wheat,Khilchipur,1021.0,1146.0,1083.0,Madhya Pradesh,Rajgarh
2008-03-15,Wheat,Khilchipur,1031.0,1221.0,1070.0,Madhya Pradesh,Rajgarh
2008-03-15,Wheat,Khilchipur,1050.0,1297.0,1100.0,Madhya Pradesh,Rajgarh
2008-03-17,Wheat,Khilchipur,1000.0,1235.0,1100.0,Madhya Pradesh,Rajgarh
2008-03-18,Wheat,Khilchipur,950.0,1174.0,1075.0,Madhya Pradesh,Rajgarh
2008-03-18,Wheat,Khilchipur,1037.0,1228.0,1101.0,Madhya Pradesh,Rajgarh
2008-03-19,Wheat,Khilchipur,892.0,1300.0,1100.0,Madhya Pradesh,Rajgarh
2008-03-19,Wheat,Khilchipur,1000.0,1290.0,1101.0,Madhya Pradesh,Rajgarh
2008-03-20,Wheat,Khilchipur,800.0,1131.0,1080.0,Madhya Pradesh,Rajgarh
2008-03-24,Wheat,Khilchipur,920.0,1108.0,1100.0,Madhya Pradesh,Rajgarh
2008-03-24,Wheat,Khilchipur,970.0,1118.0,1100.0,Madhya Pradesh,Rajgarh
2008-03-25,Wheat,Khilchipur,960.0,1193.0,1100.0,Madhya Pradesh,Rajgarh
2008-03-25,Wheat,Khilchipur,1022.0,1338.0,1100.0,Madhya Pradesh,Rajgarh
2008-03-27,Wheat,Khilchipur,1061.0,1386.0,1100.0,Madhya Pradesh,Rajgarh
2008-03-27,Wheat,Khilchipur,901.0,1225.0,1100.0,Madhya Pradesh,Rajgarh
2008-03-28,Wheat,Khilchipur,1100.0,1350.0,1100.0,Madhya Pradesh,Rajgarh
2008-03-28,Wheat,Khilchipur,935.0,1131.0,1100.0,Madhya Pradesh,Rajgarh
2008-03-29,Wheat,Khilchipur,750.0,1165.0,1100.0,Madhya Pradesh,Rajgarh
2008-03-31,Wheat,Khilchipur,975.0,1175.0,1100.0,Madhya Pradesh,Rajgarh
2008-04-01,Wheat,Khilchipur,899.0,1412.0,1100.0,Madhya Pradesh,Rajgarh
2008-04-01,Wheat,Khilchipur,877.0,1182.0,1100.0,Madhya Pradesh,Rajgarh
2008-04-02,Wheat,Khilchipur,901.0,1188.0,1100.0,Madhya Pradesh,Rajgarh
2008-04-02,Wheat,Khilchipur,900.0,1389.0,1100.0,Madhya Pradesh,Rajgarh
2008-04-03,Wheat,Khilchipur,910.0,1342.0,1100.0,Madhya Pradesh,Rajgarh
2008-04-04,Wheat,Khilchipur,800.0,1191.0,1075.0,Madhya Pradesh,Rajgarh
2008-04-05,Wheat,Khilchipur,1000.0,1651.0,1100.0,Madhya Pradesh,Rajgarh
2008-04-05,Wheat,Khilchipur,910.0,1118.0,1073.0,Madhya Pradesh,Rajgarh
2008-04-07,Wheat,Khilchipur,1016.0,1551.0,1100.0,Madhya Pradesh,Rajgarh
2008-04-07,Wheat,Khilchipur,950.0,1700.0,1200.0,Madhya Pradesh,Rajgarh
2008-04-08,Wheat,Khilchipur,960.0,1564.0,1100.0,Madhya Pradesh,Rajgarh
2008-04-08,Wheat,Khilchipur,960.0,1135.0,1100.0,Madhya Pradesh,Rajgarh
2008-04-09,Wheat,Khilchipur,919.0,1118.0,1100.0,Madhya Pradesh,Rajgarh
2008-04-09,Wheat,Khilchipur,965.0,1439.0,1100.0,Madhya Pradesh,Rajgarh
2008-04-10,Wheat,Khilchipur,900.0,1448.0,1100.0,Madhya Pradesh,Rajgarh
2008-04-10,Wheat,Khilchipur,900.0,1100.0,1100.0,Madhya Pradesh,Rajgarh
2008-04-11,Wheat,Khilchipur,935.0,1526.0,1100.0,Madhya Pradesh,Rajgarh
2008-04-11,Wheat,Khilchipur,900.0,1134.0,1100.0,Madhya Pradesh,Rajgarh
2008-04-12,Wheat,Khilchipur,900.0,1605.0,1100.0,Madhya Pradesh,Rajgarh
2008-04-12,Wheat,Khilchipur,911.0,1185.0,1100.0,Madhya Pradesh,Rajgarh
2008-04-15,Wheat,Khilchipur,1000.0,1573.0,1100.0,Madhya Pradesh,Rajgarh
2008-04-15,Wheat,Khilchipur,950.0,1113.0,1100.0,Madhya Pradesh,Rajgarh
2008-04-16,Wheat,Khilchipur,860.0,1506.0,1100.0,Madhya Pradesh,Rajgarh
2008-04-16,Wheat,Khilchipur,1000.0,1150.0,1100.0,Madhya Pradesh,Rajgarh
2008-04-17,Wheat,Khilchipur,860.0,1400.0,1100.0,Madhya Pradesh,Rajgarh
2008-04-19,Wheat,Khilchipur,901.0,1528.0,1100.0,Madhya Pradesh,Rajgarh
2008-04-19,Wheat,Khilchipur,1100.0,1107.0,1100.0,Madhya Pradesh,Rajgarh
2008-04-21,Wheat,Khilchipur,975.0,1107.0,1100.0,Madhya Pradesh,Rajgarh
2008-04-22,Wheat,Khilchipur,1100.0,1120.0,1100.0,Madhya Pradesh,Rajgarh
2008-04-22,Wheat,Khilchipur,1061.0,1233.0,1100.0,Madhya Pradesh,Rajgarh
2008-04-23,Wheat,Khilchipur,950.0,1165.0,1100.0,Madhya Pradesh,Rajgarh
2008-04-23,Wheat,Khilchipur,986.0,1318.0,1100.0,Madhya Pradesh,Rajgarh
2008-04-24,Wheat,Khilchipur,1100.0,1138.0,1100.0,Madhya Pradesh,Rajgarh
2008-04-25,Wheat,Khilchipur,1100.0,1115.0,1100.0,Madhya Pradesh,Rajgarh
2008-04-26,Wheat,Khilchipur,1100.0,1105.0,1100.0,Madhya Pradesh,Rajgarh
2008-04-28,Wheat,Khilchipur,1100.0,1131.0,1100.0,Madhya Pradesh,Rajgarh
2008-04-29,Wheat,Khilchipur,1100.0,1101.0,1100.0,Madhya Pradesh,Rajgarh
2008-04-30,Wheat,Khilchipur,1100.0,1150.0,1100.0,Madhya Pradesh,Rajgarh
2008-05-01,Wheat,Khilchipur,1100.0,1163.0,1100.0,Madhya Pradesh,Rajgarh
2008-05-02,Wheat,Khilchipur,1100.0,1120.0,1100.0,Madhya Pradesh,Rajgarh
2008-05-03,Wheat,Khilchipur,975.0,1129.0,1100.0,Madhya Pradesh,Rajgarh
2008-05-03,Wheat,Khilchipur,1075.0,1375.0,1100.0,Madhya Pradesh,Rajgarh
2008-05-05,Wheat,Khilchipur,1100.0,1600.0,1100.0,Madhya Pradesh,Rajgarh
2008-05-06,Wheat,Khilchipur,1100.0,1458.0,1100.0,Madhya Pradesh,Rajgarh
2008-05-06,Wheat,Khilchipur,800.0,1101.0,1100.0,Madhya Pradesh,Rajgarh
2008-05-07,Wheat,Khilchipur,1100.0,1170.0,1100.0,Madhya Pradesh,Rajgarh
2008-05-09,Wheat,Khilchipur,1100.0,1111.0,1100.0,Madhya Pradesh,Rajgarh
2008-05-10,Wheat,Khilchipur,1100.0,1121.0,1101.0,Madhya Pradesh,Rajgarh
2008-05-12,Wheat,Khilchipur,1090.0,1141.0,1100.0,Madhya Pradesh,Rajgarh
2008-05-13,Wheat,Khilchipur,1100.0,1145.0,1100.0,Madhya Pradesh,Rajgarh
2008-05-14,Wheat,Khilchipur,1001.0,1126.0,1100.0,Madhya Pradesh,Rajgarh
2008-05-15,Wheat,Khilchipur,1100.0,1127.0,1100.0,Madhya Pradesh,Rajgarh
2008-05-16,Wheat,Khilchipur,1100.0,1101.0,1100.0,Madhya Pradesh,Rajgarh
2008-05-17,Wheat,Khilchipur,1090.0,1160.0,1100.0,Madhya Pradesh,Rajgarh
2008-05-19,Wheat,Khilchipur,999.0,1159.0,1100.0,Madhya Pradesh,Rajgarh
2008-05-21,Wheat,Khilchipur,800.0,1135.0,1100.0,Madhya Pradesh,Rajgarh
2008-05-22,Wheat,Khilchipur,1090.0,1110.0,1100.0,Madhya Pradesh,Rajgarh
2008-05-23,Wheat,Khilchipur,1100.0,1108.0,1100.0,Madhya Pradesh,Rajgarh
2008-05-24,Wheat,Khilchipur,1100.0,1130.0,1100.0,Madhya Pradesh,Rajgarh
2008-05-27,Wheat,Khilchipur,950.0,1102.0,1100.0,Madhya Pradesh,Rajgarh
2008-05-28,Wheat,Khilchipur,1100.0,1124.0,1100.0,Madhya Pradesh,Rajgarh
2008-05-29,Wheat,Khilchipur,1100.0,1115.0,1100.0,Madhya Pradesh,Rajgarh
2008-05-30,Wheat,Khilchipur,1090.0,1105.0,1100.0,Madhya Pradesh,Rajgarh
2008-05-31,Wheat,Khilchipur,1100.0,1101.0,1100.0,Madhya Pradesh,Rajgarh
2008-06-02,Wheat,Khilchipur,1100.0,1105.0,1100.0,Madhya Pradesh,Rajgarh
2008-06-04,Wheat,Khilchipur,1100.0,1105.0,1100.0,Madhya Pradesh,Rajgarh
2008-06-05,Wheat,Khilchipur,1036.0,1155.0,1100.0,Madhya Pradesh,Rajgarh
2008-06-06,Wheat,Khilchipur,1100.0,1105.0,1100.0,Madhya Pradesh,Rajgarh
2008-06-07,Wheat,Khilchipur,1100.0,1119.0,1100.0,Madhya Pradesh,Rajgarh
2008-06-09,Wheat,Khilchipur,877.0,1105.0,1100.0,Madhya Pradesh,Rajgarh
2008-06-10,Wheat,Khilchipur,1100.0,1178.0,1100.0,Madhya Pradesh,Rajgarh
2008-06-11,Wheat,Khilchipur,1100.0,1111.0,1100.0,Madhya Pradesh,Rajgarh
2008-06-12,Wheat,Khilchipur,1100.0,1148.0,1100.0,Madhya Pradesh,Rajgarh
2008-06-13,Wheat,Khilchipur,1100.0,1141.0,1100.0,Madhya Pradesh,Rajgarh
2008-06-14,Wheat,Khilchipur,1000.0,1371.0,1100.0,Madhya Pradesh,Rajgarh
2008-06-21,Wheat,Khilchipur,1000.0,1371.0,1100.0,Madhya Pradesh,Rajgarh
2008-06-23,Wheat,Khilchipur,1100.0,1130.0,1100.0,Madhya Pradesh,Rajgarh
2008-06-24,Wheat,Khilchipur,1100.0,1130.0,1100.0,Madhya Pradesh,Rajgarh
2008-06-25,Wheat,Khilchipur,1100.0,1130.0,1100.0,Madhya Pradesh,Rajgarh
2008-06-28,Wheat,Khilchipur,1090.0,1130.0,1100.0,Madhya Pradesh,Rajgarh
2008-06-30,Wheat,Khilchipur,925.0,1946.0,1100.0,Madhya Pradesh,Rajgarh
2008-07-01,Wheat,Khilchipur,1100.0,1130.0,1100.0,Madhya Pradesh,Rajgarh
2008-07-02,Wheat,Khilchipur,1100.0,1105.0,1100.0,Madhya Pradesh,Rajgarh
2008-07-03,Wheat,Khilchipur,1100.0,1502.0,1100.0,Madhya Pradesh,Rajgarh
2008-07-04,Wheat,Khilchipur,1000.0,1153.0,1100.0,Madhya Pradesh,Rajgarh
2008-07-05,Wheat,Khilchipur,1090.0,1105.0,1100.0,Madhya Pradesh,Rajgarh
2008-07-07,Wheat,Khilchipur,1090.0,1108.0,1100.0,Madhya Pradesh,Rajgarh
2008-07-08,Wheat,Khilchipur,850.0,1105.0,1030.0,Madhya Pradesh,Rajgarh
2008-07-09,Wheat,Khilchipur,1090.0,1105.0,1100.0,Madhya Pradesh,Rajgarh
2008-07-10,Wheat,Khilchipur,1100.0,1121.0,1100.0,Madhya Pradesh,Rajgarh
2008-07-12,Wheat,Khilchipur,1090.0,1105.0,1100.0,Madhya Pradesh,Rajgarh
2008-07-14,Wheat,Khilchipur,1029.0,1251.0,1066.0,Madhya Pradesh,Rajgarh
2008-07-16,Wheat,Khilchipur,1100.0,1120.0,1100.0,Madhya Pradesh,Rajgarh
2008-07-17,Wheat,Khilchipur,1075.0,1141.0,1100.0,Madhya Pradesh,Rajgarh
2008-07-19,Wheat,Khilchipur,1001.0,1221.0,1062.0,Madhya Pradesh,Rajgarh
2008-07-21,Wheat,Khilchipur,1000.0,1153.0,1100.0,Madhya Pradesh,Rajgarh
2008-07-22,Wheat,Khilchipur,1040.0,1251.0,1055.0,Madhya Pradesh,Rajgarh
2008-07-23,Wheat,Khilchipur,1001.0,1219.0,1060.0,Madhya Pradesh,Rajgarh
2008-07-24,Wheat,Khilchipur,900.0,1215.0,1064.0,Madhya Pradesh,Rajgarh
2008-07-25,Wheat,Khilchipur,955.0,1225.0,1073.0,Madhya Pradesh,Rajgarh
2008-07-26,Wheat,Khilchipur,960.0,1235.0,1060.0,Madhya Pradesh,Rajgarh
2008-07-28,Wheat,Khilchipur,970.0,1210.0,1064.0,Madhya Pradesh,Rajgarh
2008-07-29,Wheat,Khilchipur,1100.0,1135.0,1100.0,Madhya Pradesh,Rajgarh
2008-07-30,Wheat,Khilchipur,925.0,1946.0,1100.0,Madhya Pradesh,Rajgarh
2008-07-31,Wheat,Khilchipur,1000.0,1225.0,1060.0,Madhya Pradesh,Rajgarh
2008-08-01,Wheat,Khilchipur,1100.0,1130.0,1100.0,Madhya Pradesh,Rajgarh
2008-08-02,Wheat,Khilchipur,1034.0,1206.0,1066.0,Madhya Pradesh,Rajgarh
2008-08-04,Wheat,Khilchipur,1037.0,1601.0,1100.0,Madhya Pradesh,Rajgarh
2008-08-05,Wheat,Khilchipur,1000.0,1225.0,1045.0,Madhya Pradesh,Rajgarh
2008-08-06,Wheat,Khilchipur,1018.0,1199.0,1050.0,Madhya Pradesh,Rajgarh
2008-08-07,Wheat,Khilchipur,1100.0,1130.0,1100.0,Madhya Pradesh,Rajgarh
2008-08-11,Wheat,Khilchipur,980.0,1201.0,1030.0,Madhya Pradesh,Rajgarh
2008-08-12,Wheat,Khilchipur,910.0,1200.0,1040.0,Madhya Pradesh,Rajgarh
2008-08-13,Wheat,Khilchipur,1000.0,1100.0,1040.0,Madhya Pradesh,Rajgarh
2008-08-14,Wheat,Khilchipur,1100.0,1130.0,1100.0,Madhya Pradesh,Rajgarh
2008-08-22,Wheat,Khilchipur,992.0,1236.0,1023.0,Madhya Pradesh,Rajgarh
2008-08-23,Wheat,Khilchipur,1018.0,1225.0,1028.0,Madhya Pradesh,Rajgarh
2008-08-25,Wheat,Khilchipur,906.0,1140.0,1000.0,Madhya Pradesh,Rajgarh
2008-08-26,Wheat,Khilchipur,970.0,1200.0,1015.0,Madhya Pradesh,Rajgarh
2008-08-27,Wheat,Khilchipur,1015.0,1215.0,1028.0,Madhya Pradesh,Rajgarh
2008-08-28,Wheat,Khilchipur,1000.0,1200.0,1000.0,Madhya Pradesh,Rajgarh
2008-08-29,Wheat,Khilchipur,600.0,1233.0,1026.0,Madhya Pradesh,Rajgarh
2008-08-30,Wheat,Khilchipur,1005.0,1228.0,1228.0,Madhya Pradesh,Rajgarh
2008-09-01,Wheat,Khilchipur,850.0,1173.0,1014.0,Madhya Pradesh,Rajgarh
2008-09-02,Wheat,Khilchipur,900.0,1121.0,1014.0,Madhya Pradesh,Rajgarh
2008-09-04,Wheat,Khilchipur,971.0,1195.0,1019.0,Madhya Pradesh,Rajgarh
2008-09-08,Wheat,Khilchipur,900.0,1179.0,1014.0,Madhya Pradesh,Rajgarh
2008-09-09,Wheat,Khilchipur,900.0,1176.0,1000.0,Madhya Pradesh,Rajgarh
2008-09-10,Wheat,Khilchipur,950.0,1231.0,1004.0,Madhya Pradesh,Rajgarh
2008-09-17,Wheat,Khilchipur,1007.0,1020.0,1020.0,Madhya Pradesh,Rajgarh
2008-09-18,Wheat,Khilchipur,951.0,1173.0,1020.0,Madhya Pradesh,Rajgarh
2008-09-20,Wheat,Khilchipur,925.0,1120.0,1000.0,Madhya Pradesh,Rajgarh
2008-09-27,Wheat,Khilchipur,920.0,1155.0,1004.0,Madhya Pradesh,Rajgarh
2008-09-30,Wheat,Khilchipur,876.0,1121.0,1020.0,Madhya Pradesh,Rajgarh
2008-10-01,Wheat,Khilchipur,980.0,1198.0,1020.0,Madhya Pradesh,Rajgarh
2008-10-03,Wheat,Khilchipur,1025.0,1130.0,1030.0,Madhya Pradesh,Rajgarh
2008-10-04,Wheat,Khilchipur,900.0,1131.0,1000.0,Madhya Pradesh,Rajgarh
2008-10-07,Wheat,Khilchipur,972.0,1135.0,990.0,Madhya Pradesh,Rajgarh
2008-10-11,Wheat,Khilchipur,910.0,1115.0,1006.0,Madhya Pradesh,Rajgarh
2008-10-13,Wheat,Khilchipur,800.0,1135.0,1014.0,Madhya Pradesh,Rajgarh
2008-10-15,Wheat,Khilchipur,941.0,1151.0,1004.0,Madhya Pradesh,Rajgarh
2008-10-16,Wheat,Khilchipur,950.0,1128.0,990.0,Madhya Pradesh,Rajgarh
2008-10-17,Wheat,Khilchipur,918.0,1426.0,1426.0,Madhya Pradesh,Rajgarh
2008-10-18,Wheat,Khilchipur,950.0,1220.0,990.0,Madhya Pradesh,Rajgarh
2008-10-20,Wheat,Khilchipur,930.0,1112.0,1000.0,Madhya Pradesh,Rajgarh
2008-10-21,Wheat,Khilchipur,970.0,1114.0,1006.0,Madhya Pradesh,Rajgarh
2008-10-22,Wheat,Khilchipur,700.0,1220.0,990.0,Madhya Pradesh,Rajgarh
2008-10-23,Wheat,Khilchipur,902.0,1172.0,1000.0,Madhya Pradesh,Rajgarh
2008-10-24,Wheat,Khilchipur,900.0,1199.0,999.0,Madhya Pradesh,Rajgarh
2008-10-25,Wheat,Khilchipur,964.0,1225.0,1100.0,Madhya Pradesh,Rajgarh
2008-10-27,Wheat,Khilchipur,1020.0,1025.0,1025.0,Madhya Pradesh,Rajgarh
2008-10-30,Wheat,Khilchipur,901.0,1075.0,990.0,Madhya Pradesh,Rajgarh
2008-10-31,Wheat,Khilchipur,900.0,1111.0,998.0,Madhya Pradesh,Rajgarh
2008-11-01,Wheat,Khilchipur,898.0,1124.0,1005.0,Madhya Pradesh,Rajgarh
2008-11-03,Wheat,Khilchipur,875.0,1107.0,990.0,Madhya Pradesh,Rajgarh
2008-11-04,Wheat,Khilchipur,970.0,1108.0,1000.0,Madhya Pradesh,Rajgarh
2008-11-05,Wheat,Khilchipur,975.0,1130.0,1000.0,Madhya Pradesh,Rajgarh
2008-11-06,Wheat,Khilchipur,975.0,1137.0,1132.0,Madhya Pradesh,Rajgarh
2008-11-07,Wheat,Khilchipur,950.0,1120.0,1000.0,Madhya Pradesh,Rajgarh
2008-11-08,Wheat,Khilchipur,900.0,1295.0,1023.0,Madhya Pradesh,Rajgarh
2008-11-10,Wheat,Khilchipur,950.0,1363.0,1009.0,Madhya Pradesh,Rajgarh
2008-11-11,Wheat,Khilchipur,902.0,1186.0,1030.0,Madhya Pradesh,Rajgarh
2008-11-12,Wheat,Khilchipur,999.0,1159.0,1020.0,Madhya Pradesh,Rajgarh
2008-11-14,Wheat,Khilchipur,975.0,1195.0,1015.0,Madhya Pradesh,Rajgarh
2008-11-15,Wheat,Khilchipur,975.0,1174.0,1040.0,Madhya Pradesh,Rajgarh
2008-11-17,Wheat,Khilchipur,910.0,1450.0,1021.0,Madhya Pradesh,Rajgarh
2008-11-18,Wheat,Khilchipur,932.0,1142.0,1035.0,Madhya Pradesh,Rajgarh
2008-11-19,Wheat,Khilchipur,975.0,1130.0,1024.0,Madhya Pradesh,Rajgarh
2008-11-20,Wheat,Khilchipur,890.0,1181.0,1016.0,Madhya Pradesh,Rajgarh
2008-11-21,Wheat,Khilchipur,601.0,1170.0,1018.0,Madhya Pradesh,Rajgarh
2008-11-22,Wheat,Khilchipur,971.0,1150.0,1040.0,Madhya Pradesh,Rajgarh
2008-11-24,Wheat,Khilchipur,700.0,1185.0,1025.0,Madhya Pradesh,Rajgarh
2008-11-25,Wheat,Khilchipur,906.0,1194.0,1030.0,Madhya Pradesh,Rajgarh
2008-11-26,Wheat,Khilchipur,1005.0,1160.0,1015.0,Madhya Pradesh,Rajgarh
2008-11-28,Wheat,Khilchipur,950.0,1180.0,1040.0,Madhya Pradesh,Rajgarh
2008-11-29,Wheat,Khilchipur,800.0,1275.0,1040.0,Madhya Pradesh,Rajgarh
2008-12-01,Wheat,Khilchipur,950.0,1200.0,1020.0,Madhya Pradesh,Rajgarh
2008-12-02,Wheat,Khilchipur,901.0,1216.0,1029.0,Madhya Pradesh,Rajgarh
2008-12-03,Wheat,Khilchipur,970.0,1161.0,1025.0,Madhya Pradesh,Rajgarh
2008-12-04,Wheat,Khilchipur,950.0,1175.0,1010.0,Madhya Pradesh,Rajgarh
2008-12-05,Wheat,Khilchipur,940.0,1202.0,1048.0,Madhya Pradesh,Rajgarh
2008-12-06,Wheat,Khilchipur,987.0,1172.0,1035.0,Madhya Pradesh,Rajgarh
2008-12-08,Wheat,Khilchipur,940.0,1155.0,1040.0,Madhya Pradesh,Rajgarh
2008-12-10,Wheat,Khilchipur,946.0,1252.0,1050.0,Madhya Pradesh,Rajgarh
2008-12-10,Wheat,Khilchipur,970.0,1876.0,1100.0,Madhya Pradesh,Rajgarh
2008-12-11,Wheat,Khilchipur,871.0,1269.0,1065.0,Madhya Pradesh,Rajgarh
2008-12-12,Wheat,Khilchipur,1017.0,1204.0,1070.0,Madhya Pradesh,Rajgarh
2008-12-13,Wheat,Khilchipur,950.0,1350.0,1070.0,Madhya Pradesh,Rajgarh
2008-12-15,Wheat,Khilchipur,991.0,1199.0,1070.0,Madhya Pradesh,Rajgarh
2008-12-16,Wheat,Khilchipur,1040.0,1215.0,1080.0,Madhya Pradesh,Rajgarh
2008-12-17,Wheat,Khilchipur,984.0,1231.0,1090.0,Madhya Pradesh,Rajgarh
2008-12-18,Wheat,Khilchipur,1017.0,1232.0,1070.0,Madhya Pradesh,Rajgarh
2008-12-19,Wheat,Khilchipur,1001.0,1220.0,1105.0,Madhya Pradesh,Rajgarh
2008-12-20,Wheat,Khilchipur,1065.0,1204.0,1104.0,Madhya Pradesh,Rajgarh
2008-12-22,Wheat,Khilchipur,1030.0,1208.0,1065.0,Madhya Pradesh,Rajgarh
2008-12-23,Wheat,Khilchipur,1017.0,1185.0,1093.0,Madhya Pradesh,Rajgarh
2008-12-24,Wheat,Khilchipur,1050.0,1190.0,1084.0,Madhya Pradesh,Rajgarh
2008-12-26,Wheat,Khilchipur,994.0,1187.0,1099.0,Madhya Pradesh,Rajgarh
2008-12-27,Wheat,Khilchipur,1046.0,1352.0,1352.0,Madhya Pradesh,Rajgarh
2008-12-30,Wheat,Khilchipur,1060.0,1200.0,1110.0,Madhya Pradesh,Rajgarh
2008-12-31,Wheat,Khilchipur,1035.0,1211.0,1111.0,Madhya Pradesh,Rajgarh
2009-01-01,Wheat,Khilchipur,965.0,1188.0,1112.0,Madhya Pradesh,Rajgarh
2009-01-02,Wheat,Khilchipur,722.0,1217.0,1125.0,Madhya Pradesh,Rajgarh
2009-01-03,Wheat,Khilchipur,960.0,1230.0,1111.0,Madhya Pradesh,Rajgarh
2009-01-05,Wheat,Khilchipur,1038.0,1241.0,1130.0,Madhya Pradesh,Rajgarh
2009-01-06,Wheat,Khilchipur,1088.0,1239.0,1131.0,Madhya Pradesh,Rajgarh
2009-01-07,Wheat,Khilchipur,1087.0,1189.0,1112.0,Madhya Pradesh,Rajgarh
2009-01-09,Wheat,Khilchipur,1071.0,1192.0,1120.0,Madhya Pradesh,Rajgarh
2009-01-10,Wheat,Khilchipur,1021.0,1255.0,1131.0,Madhya Pradesh,Rajgarh
2009-01-12,Wheat,Khilchipur,1064.0,1243.0,1140.0,Madhya Pradesh,Rajgarh
2009-01-13,Wheat,Khilchipur,1000.0,1204.0,1130.0,Madhya Pradesh,Rajgarh
2009-01-14,Wheat,Khilchipur,1120.0,1135.0,1125.0,Madhya Pradesh,Rajgarh
2009-01-15,Wheat,Khilchipur,1080.0,1238.0,1146.0,Madhya Pradesh,Rajgarh
2009-01-16,Wheat,Khilchipur,1051.0,1195.0,1123.0,Madhya Pradesh,Rajgarh
2009-01-17,Wheat,Khilchipur,1100.0,1227.0,1137.0,Madhya Pradesh,Rajgarh
2009-01-19,Wheat,Khilchipur,1038.0,1180.0,1130.0,Madhya Pradesh,Rajgarh
2009-01-20,Wheat,Khilchipur,650.0,1199.0,1115.0,Madhya Pradesh,Rajgarh
2009-01-21,Wheat,Khilchipur,1015.0,1215.0,1090.0,Madhya Pradesh,Rajgarh
2009-01-22,Wheat,Khilchipur,1040.0,1212.0,1140.0,Madhya Pradesh,Rajgarh
2009-01-23,Wheat,Khilchipur,500.0,1197.0,1100.0,Madhya Pradesh,Rajgarh
2009-01-24,Wheat,Khilchipur,1000.0,1209.0,1100.0,Madhya Pradesh,Rajgarh
2009-01-27,Wheat,Khilchipur,1050.0,1174.0,1110.0,Madhya Pradesh,Rajgarh
2009-01-28,Wheat,Khilchipur,1026.0,1251.0,1091.0,Madhya Pradesh,Rajgarh
2009-01-29,Wheat,Khilchipur,1075.0,1180.0,1090.0,Madhya Pradesh,Rajgarh
2009-01-30,Wheat,Khilchipur,1050.0,1175.0,1125.0,Madhya Pradesh,Rajgarh
2009-01-31,Wheat,Khilchipur,1075.0,1215.0,1115.0,Madhya Pradesh,Rajgarh
2009-02-02,Wheat,Khilchipur,1040.0,1195.0,1080.0,Madhya Pradesh,Rajgarh
2009-02-03,Wheat,Khilchipur,1047.0,1176.0,1088.0,Madhya Pradesh,Rajgarh
2009-02-04,Wheat,Khilchipur,990.0,1220.0,1086.0,Madhya Pradesh,Rajgarh
2009-02-05,Wheat,Khilchipur,1035.0,1128.0,1091.0,Madhya Pradesh,Rajgarh
2009-02-06,Wheat,Khilchipur,1065.0,1215.0,1095.0,Madhya Pradesh,Rajgarh
2009-02-07,Wheat,Khilchipur,1000.0,1202.0,1088.0,Madhya Pradesh,Rajgarh
2009-02-09,Wheat,Khilchipur,1053.0,1116.0,1116.0,Madhya Pradesh,Rajgarh
2009-02-10,Wheat,Khilchipur,1069.0,1155.0,1092.0,Madhya Pradesh,Rajgarh
2009-02-11,Wheat,Khilchipur,700.0,1171.0,1096.0,Madhya Pradesh,Rajgarh
2009-02-12,Wheat,Khilchipur,1046.0,1150.0,1100.0,Madhya Pradesh,Rajgarh
2009-02-13,Wheat,Khilchipur,1075.0,1101.0,1096.0,Madhya Pradesh,Rajgarh
2009-02-14,Wheat,Khilchipur,1045.0,1225.0,1090.0,Madhya Pradesh,Rajgarh
2009-02-16,Wheat,Khilchipur,1071.0,1139.0,1094.0,Madhya Pradesh,Rajgarh
2009-02-17,Wheat,Khilchipur,1000.0,1173.0,1080.0,Madhya Pradesh,Rajgarh
2009-02-18,Wheat,Khilchipur,1050.0,1190.0,1088.0,Madhya Pradesh,Rajgarh
2009-02-19,Wheat,Khilchipur,1065.0,1098.0,1095.0,Madhya Pradesh,Rajgarh
2009-02-20,Wheat,Khilchipur,1079.0,1141.0,1095.0,Madhya Pradesh,Rajgarh
2009-02-21,Wheat,Khilchipur,1000.0,1220.0,1094.0,Madhya Pradesh,Rajgarh
2009-02-24,Wheat,Khilchipur,939.0,1307.0,1098.0,Madhya Pradesh,Rajgarh
2009-02-25,Wheat,Khilchipur,900.0,1085.0,1066.0,Madhya Pradesh,Rajgarh
2009-02-26,Wheat,Khilchipur,865.0,1190.0,1068.0,Madhya Pradesh,Rajgarh
2009-02-27,Wheat,Khilchipur,1024.0,1180.0,1094.0,Madhya Pradesh,Rajgarh
2009-02-28,Wheat,Khilchipur,1000.0,1225.0,1065.0,Madhya Pradesh,Rajgarh
2009-03-02,Wheat,Khilchipur,950.0,1225.0,1064.0,Madhya Pradesh,Rajgarh
2009-03-03,Wheat,Khilchipur,1028.0,1501.0,1080.0,Madhya Pradesh,Rajgarh
2009-03-04,Wheat,Khilchipur,1000.0,1210.0,1050.0,Madhya Pradesh,Rajgarh
2009-03-05,Wheat,Khilchipur,1022.0,1126.0,1056.0,Madhya Pradesh,Rajgarh
2009-03-06,Wheat,Khilchipur,812.0,1202.0,1037.0,Madhya Pradesh,Rajgarh
2009-08-01,Wheat,Khilchipur,1050.0,1100.0,1090.0,Madhya Pradesh,Rajgarh
2009-08-02,Wheat,Khilchipur,1060.0,1100.0,1100.0,Madhya Pradesh,Rajgarh
2009-08-04,Wheat,Khilchipur,1065.0,1115.0,1105.0,Madhya Pradesh,Rajgarh
2009-08-06,Wheat,Khilchipur,1070.0,1115.0,1105.0,Madhya Pradesh,Rajgarh
2009-08-07,Wheat,Khilchipur,1080.0,1120.0,1110.0,Madhya Pradesh,Rajgarh
2009-08-08,Wheat,Khilchipur,1100.0,1120.0,1110.0,Madhya Pradesh,Rajgarh
2009-08-09,Wheat,Khilchipur,1100.0,1115.0,1105.0,Madhya Pradesh,Rajgarh
2009-08-11,Wheat,Khilchipur,1100.0,1115.0,1105.0,Madhya Pradesh,Rajgarh
2009-08-12,Wheat,Khilchipur,1105.0,1115.0,1110.0,Madhya Pradesh,Rajgarh
2009-08-13,Wheat,Khilchipur,1100.0,1115.0,1110.0,Madhya Pradesh,Rajgarh
2009-08-16,Wheat,Khilchipur,1103.0,1117.0,1110.0,Madhya Pradesh,Rajgarh
2009-08-16,Wheat,Khilchipur,1100.0,1117.0,1110.0,Madhya Pradesh,Rajgarh
2009-08-18,Wheat,Khilchipur,1100.0,1110.0,1105.0,Madhya Pradesh,Rajgarh
2009-08-19,Wheat,Khilchipur,1100.0,1110.0,1105.0,Madhya Pradesh,Rajgarh
2009-08-20,Wheat,Khilchipur,1100.0,1115.0,1110.0,Madhya Pradesh,Rajgarh
2009-08-21,Wheat,Khilchipur,1103.0,1108.0,1105.0,Madhya Pradesh,Rajgarh
2009-08-22,Wheat,Khilchipur,1100.0,1109.0,1105.0,Madhya Pradesh,Rajgarh
2009-08-23,Wheat,Khilchipur,1114.0,1114.0,1114.0,Madhya Pradesh,Rajgarh
2009-08-25,Wheat,Khilchipur,1100.0,1112.0,1108.0,Madhya Pradesh,Rajgarh
2009-08-26,Wheat,Khilchipur,900.0,1115.0,1110.0,Madhya Pradesh,Rajgarh
2009-08-27,Wheat,Khilchipur,811.0,1120.0,1112.0,Madhya Pradesh,Rajgarh
2009-08-28,Wheat,Khilchipur,1100.0,1126.0,1115.0,Madhya Pradesh,Rajgarh
2009-08-30,Wheat,Khilchipur,1120.0,1131.0,1129.0,Madhya Pradesh,Rajgarh
2009-09-01,Wheat,Khilchipur,1125.0,1127.0,1127.0,Madhya Pradesh,Rajgarh
2009-09-02,Wheat,Khilchipur,1100.0,1100.0,1100.0,Madhya Pradesh,Rajgarh
2009-09-03,Wheat,Khilchipur,1106.0,1113.0,1111.0,Madhya Pradesh,Rajgarh
2009-09-06,Wheat,Khilchipur,1120.0,1150.0,1125.0,Madhya Pradesh,Rajgarh
2009-09-08,Wheat,Khilchipur,1110.0,1125.0,1117.0,Madhya Pradesh,Rajgarh
2009-09-09,Wheat,Khilchipur,1126.0,1129.0,1128.0,Madhya Pradesh,Rajgarh
2009-09-10,Wheat,Khilchipur,1130.0,1138.0,1133.0,Madhya Pradesh,Rajgarh
2009-09-11,Wheat,Khilchipur,1120.0,1143.0,1130.0,Madhya Pradesh,Rajgarh
2009-09-12,Wheat,Khilchipur,1133.0,1150.0,1142.0,Madhya Pradesh,Rajgarh
2009-09-13,Wheat,Khilchipur,1131.0,1138.0,1135.0,Madhya Pradesh,Rajgarh
2009-09-16,Wheat,Khilchipur,1127.0,1132.0,1130.0,Madhya Pradesh,Rajgarh
2009-09-17,Wheat,Khilchipur,1134.0,1136.0,1135.0,Madhya Pradesh,Rajgarh
2009-09-19,Wheat,Khilchipur,1135.0,1139.0,1136.0,Madhya Pradesh,Rajgarh
2009-09-20,Wheat,Khilchipur,1136.0,1140.0,1137.0,Madhya Pradesh,Rajgarh
2009-09-22,Wheat,Khilchipur,1131.0,1149.0,1146.0,Madhya Pradesh,Rajgarh
2009-09-23,Wheat,Khilchipur,1136.0,1146.0,1139.0,Madhya Pradesh,Rajgarh
2009-09-24,Wheat,Khilchipur,1135.0,1143.0,1141.0,Madhya Pradesh,Rajgarh
2009-09-25,Wheat,Khilchipur,1130.0,1140.0,1138.0,Madhya Pradesh,Rajgarh
2009-09-30,Wheat,Khilchipur,1130.0,1139.0,1135.0,Madhya Pradesh,Rajgarh
2009-10-01,Wheat,Khilchipur,1125.0,1129.0,1127.0,Madhya Pradesh,Rajgarh
2009-10-02,Wheat,Khilchipur,1120.0,1123.0,1121.0,Madhya Pradesh,Rajgarh
2009-10-03,Wheat,Khilchipur,1119.0,1130.0,1126.0,Madhya Pradesh,Rajgarh
2009-10-04,Wheat,Khilchipur,1100.0,1120.0,1117.0,Madhya Pradesh,Rajgarh
2009-10-06,Wheat,Khilchipur,1100.0,1120.0,1118.0,Madhya Pradesh,Rajgarh
2009-10-07,Wheat,Khilchipur,1110.0,1119.0,1117.0,Madhya Pradesh,Rajgarh
2009-10-08,Wheat,Khilchipur,1120.0,1132.0,1128.0,Madhya Pradesh,Rajgarh
2009-10-09,Wheat,Khilchipur,1130.0,1134.0,1132.0,Madhya Pradesh,Rajgarh
2009-10-10,Wheat,Khilchipur,1120.0,1136.0,1130.0,Madhya Pradesh,Rajgarh
2009-10-11,Wheat,Khilchipur,1109.0,1133.0,1130.0,Madhya Pradesh,Rajgarh
2009-10-13,Wheat,Khilchipur,1130.0,1141.0,1135.0,Madhya Pradesh,Rajgarh
2009-10-14,Wheat,Khilchipur,1127.0,1143.0,1136.0,Madhya Pradesh,Rajgarh
2009-10-20,Wheat,Khilchipur,1148.0,1211.0,1170.0,Madhya Pradesh,Rajgarh
2009-10-21,Wheat,Khilchipur,1165.0,1190.0,1180.0,Madhya Pradesh,Rajgarh
2009-10-22,Wheat,Khilchipur,1160.0,1240.0,1200.0,Madhya Pradesh,Rajgarh
2009-10-23,Wheat,Khilchipur,1000.0,1260.0,1213.0,Madhya Pradesh,Rajgarh
2009-10-24,Wheat,Khilchipur,1210.0,1390.0,1217.0,Madhya Pradesh,Rajgarh
2009-10-25,Wheat,Khilchipur,1220.0,1365.0,1222.0,Madhya Pradesh,Rajgarh
2009-10-27,Wheat,Khilchipur,1200.0,1215.0,1211.0,Madhya Pradesh,Rajgarh
2009-10-28,Wheat,Khilchipur,1225.0,1237.0,1230.0,Madhya Pradesh,Rajgarh
2009-10-29,Wheat,Khilchipur,1227.0,1236.0,1234.0,Madhya Pradesh,Rajgarh
2009-10-30,Wheat,Khilchipur,1225.0,1335.0,1230.0,Madhya Pradesh,Rajgarh
2009-10-31,Wheat,Khilchipur,1300.0,1350.0,1335.0,Madhya Pradesh,Rajgarh
2009-11-01,Wheat,Khilchipur,1325.0,1333.0,1331.0,Madhya Pradesh,Rajgarh
2009-11-03,Wheat,Khilchipur,1000.0,1328.0,1315.0,Madhya Pradesh,Rajgarh
2009-11-04,Wheat,Khilchipur,1300.0,1315.0,1314.0,Madhya Pradesh,Rajgarh
2009-11-05,Wheat,Khilchipur,1300.0,1310.0,1308.0,Madhya Pradesh,Rajgarh
2009-11-06,Wheat,Khilchipur,1307.0,1315.0,1310.0,Madhya Pradesh,Rajgarh
2009-11-07,Wheat,Khilchipur,1297.0,1314.0,1300.0,Madhya Pradesh,Rajgarh
2009-11-08,Wheat,Khilchipur,1300.0,1315.0,1312.0,Madhya Pradesh,Rajgarh
2009-11-10,Wheat,Khilchipur,1250.0,1335.0,1256.0,Madhya Pradesh,Rajgarh
2009-11-11,Wheat,Khilchipur,1215.0,1291.0,1268.0,Madhya Pradesh,Rajgarh
2009-11-13,Wheat,Khilchipur,1265.0,1290.0,1277.0,Madhya Pradesh,Rajgarh
2009-11-14,Wheat,Khilchipur,1291.0,1304.0,1300.0,Madhya Pradesh,Rajgarh
2009-11-15,Wheat,Khilchipur,1289.0,1325.0,1315.0,Madhya Pradesh,Rajgarh
2009-11-17,Wheat,Khilchipur,1305.0,1320.0,1317.0,Madhya Pradesh,Rajgarh
2009-11-18,Wheat,Khilchipur,1297.0,1340.0,1325.0,Madhya Pradesh,Rajgarh
2009-11-19,Wheat,Khilchipur,1315.0,1355.0,1341.0,Madhya Pradesh,Rajgarh
2009-11-20,Wheat,Khilchipur,1303.0,1315.0,1313.0,Madhya Pradesh,Rajgarh
2009-11-21,Wheat,Khilchipur,1265.0,1302.0,1275.0,Madhya Pradesh,Rajgarh
2009-11-22,Wheat,Khilchipur,1285.0,1305.0,1300.0,Madhya Pradesh,Rajgarh
2009-11-24,Wheat,Khilchipur,1278.0,1305.0,1300.0,Madhya Pradesh,Rajgarh
2009-11-25,Wheat,Khilchipur,1290.0,1306.0,1300.0,Madhya Pradesh,Rajgarh
2009-11-26,Wheat,Khilchipur,1300.0,1364.0,1332.0,Madhya Pradesh,Rajgarh
2009-11-27,Wheat,Khilchipur,1305.0,1361.0,1355.0,Madhya Pradesh,Rajgarh
2009-11-29,Wheat,Khilchipur,1305.0,1371.0,1365.0,Madhya Pradesh,Rajgarh
2009-12-01,Wheat,Khilchipur,1305.0,1315.0,1310.0,Madhya Pradesh,Rajgarh
2009-12-02,Wheat,Khilchipur,1305.0,1325.0,1320.0,Madhya Pradesh,Rajgarh
2009-12-03,Wheat,Khilchipur,1305.0,1321.0,1315.0,Madhya Pradesh,Rajgarh
2009-12-04,Wheat,Khilchipur,1290.0,1311.0,1293.0,Madhya Pradesh,Rajgarh
2009-12-05,Wheat,Khilchipur,1276.0,1290.0,1280.0,Madhya Pradesh,Rajgarh
2009-12-06,Wheat,Khilchipur,1295.0,1300.0,1298.0,Madhya Pradesh,Rajgarh
2009-12-08,Wheat,Khilchipur,1295.0,1316.0,1310.0,Madhya Pradesh,Rajgarh
2009-12-09,Wheat,Khilchipur,1300.0,1313.0,1310.0,Madhya Pradesh,Rajgarh
2009-12-10,Wheat,Khilchipur,1306.0,1391.0,1385.0,Madhya Pradesh,Rajgarh
2009-12-11,Wheat,Khilchipur,1305.0,1310.0,1308.0,Madhya Pradesh,Rajgarh
2009-12-12,Wheat,Khilchipur,1305.0,1310.0,1308.0,Madhya Pradesh,Rajgarh
2009-12-13,Wheat,Khilchipur,1310.0,1331.0,1320.0,Madhya Pradesh,Rajgarh
2009-12-15,Wheat,Khilchipur,1310.0,1318.0,1315.0,Madhya Pradesh,Rajgarh
2009-12-17,Wheat,Khilchipur,1290.0,1346.0,1299.0,Madhya Pradesh,Rajgarh
2009-12-18,Wheat,Khilchipur,1315.0,1325.0,1318.0,Madhya Pradesh,Rajgarh
2009-12-19,Wheat,Khilchipur,1315.0,1325.0,1320.0,Madhya Pradesh,Rajgarh
2009-12-20,Wheat,Khilchipur,1320.0,1338.0,1335.0,Madhya Pradesh,Rajgarh
2009-12-22,Wheat,Khilchipur,1325.0,1335.0,1330.0,Madhya Pradesh,Rajgarh
2009-12-23,Wheat,Khilchipur,1290.0,1310.0,1308.0,Madhya Pradesh,Rajgarh
2009-12-24,Wheat,Khilchipur,1300.0,1316.0,1314.0,Madhya Pradesh,Rajgarh
2009-12-26,Wheat,Khilchipur,1325.0,1340.0,1335.0,Madhya Pradesh,Rajgarh
2009-12-27,Wheat,Khilchipur,1340.0,1360.0,1350.0,Madhya Pradesh,Rajgarh
2009-12-29,Wheat,Khilchipur,1335.0,1350.0,1345.0,Madhya Pradesh,Rajgarh
2009-12-30,Wheat,Khilchipur,1305.0,1333.0,1330.0,Madhya Pradesh,Rajgarh
2010-01-01,Wheat,Khilchipur,1328.0,1335.0,1330.0,Madhya Pradesh,Rajgarh
2010-01-02,Wheat,Khilchipur,1330.0,1342.0,1335.0,Madhya Pradesh,Rajgarh
2010-01-03,Wheat,Khilchipur,1330.0,1340.0,1335.0,Madhya Pradesh,Rajgarh
2010-01-05,Wheat,Khilchipur,1335.0,1346.0,1340.0,Madhya Pradesh,Rajgarh
2010-01-06,Wheat,Khilchipur,1340.0,1366.0,1350.0,Madhya Pradesh,Rajgarh
2010-01-07,Wheat,Khilchipur,1325.0,1340.0,1330.0,Madhya Pradesh,Rajgarh
2010-01-10,Wheat,Khilchipur,1340.0,1360.0,1350.0,Madhya Pradesh,Rajgarh
2010-01-12,Wheat,Khilchipur,1364.0,1364.0,1364.0,Madhya Pradesh,Rajgarh
2010-01-13,Wheat,Khilchipur,1360.0,1375.0,1370.0,Madhya Pradesh,Rajgarh
2010-01-16,Wheat,Khilchipur,1350.0,1364.0,1360.0,Madhya Pradesh,Rajgarh
2010-01-17,Wheat,Khilchipur,1300.0,1365.0,1355.0,Madhya Pradesh,Rajgarh
2010-01-19,Wheat,Khilchipur,1358.0,1365.0,1360.0,Madhya Pradesh,Rajgarh
2010-01-21,Wheat,Khilchipur,1300.0,1355.0,1350.0,Madhya Pradesh,Rajgarh
2010-01-27,Wheat,Khilchipur,1300.0,1315.0,1310.0,Madhya Pradesh,Rajgarh
2010-01-28,Wheat,Khilchipur,1290.0,1320.0,1300.0,Madhya Pradesh,Rajgarh
2010-01-29,Wheat,Khilchipur,1270.0,1310.0,1299.0,Madhya Pradesh,Rajgarh
2010-01-30,Wheat,Khilchipur,1270.0,1280.0,1275.0,Madhya Pradesh,Rajgarh
2010-01-31,Wheat,Khilchipur,1265.0,1280.0,1270.0,Madhya Pradesh,Rajgarh
2010-02-02,Wheat,Khilchipur,1265.0,1300.0,1280.0,Madhya Pradesh,Rajgarh
2010-02-03,Wheat,Khilchipur,1250.0,1350.0,1280.0,Madhya Pradesh,Rajgarh
2010-02-04,Wheat,Khilchipur,1260.0,1280.0,1270.0,Madhya Pradesh,Rajgarh
2010-02-05,Wheat,Khilchipur,1175.0,1299.0,1280.0,Madhya Pradesh,Rajgarh
2010-02-06,Wheat,Khilchipur,1100.0,1270.0,1200.0,Madhya Pradesh,Rajgarh
2010-02-07,Wheat,Khilchipur,1280.0,1300.0,1295.0,Madhya Pradesh,Rajgarh
2010-02-09,Wheat,Khilchipur,1200.0,1280.0,1250.0,Madhya Pradesh,Rajgarh
2010-02-10,Wheat,Khilchipur,1260.0,1290.0,1270.0,Madhya Pradesh,Rajgarh
2010-02-11,Wheat,Khilchipur,1250.0,1280.0,1275.0,Madhya Pradesh,Rajgarh
2010-02-16,Wheat,Khilchipur,1290.0,1300.0,1295.0,Madhya Pradesh,Rajgarh
2010-02-17,Wheat,Khilchipur,1200.0,1314.0,1270.0,Madhya Pradesh,Rajgarh
2010-02-18,Wheat,Khilchipur,1255.0,1280.0,1270.0,Madhya Pradesh,Rajgarh
2010-02-19,Wheat,Khilchipur,1100.0,1200.0,1180.0,Madhya Pradesh,Rajgarh
2010-02-20,Wheat,Khilchipur,1150.0,1300.0,1250.0,Madhya Pradesh,Rajgarh
2010-02-21,Wheat,Khilchipur,1100.0,1265.0,1200.0,Madhya Pradesh,Rajgarh
2010-02-24,Wheat,Khilchipur,1000.0,1113.0,1100.0,Madhya Pradesh,Rajgarh
2010-02-25,Wheat,Khilchipur,1000.0,1125.0,1100.0,Madhya Pradesh,Rajgarh
2010-02-26,Wheat,Khilchipur,1080.0,1200.0,1185.0,Madhya Pradesh,Rajgarh
2010-03-02,Wheat,Khilchipur,1000.0,1160.0,1125.0,Madhya Pradesh,Rajgarh
2010-03-03,Wheat,Khilchipur,1000.0,1125.0,1100.0,Madhya Pradesh,Rajgarh
2010-03-04,Wheat,Khilchipur,1000.0,1125.0,1100.0,Madhya Pradesh,Rajgarh
2010-03-06,Wheat,Khilchipur,1000.0,1135.0,1100.0,Madhya Pradesh,Rajgarh
2010-03-07,Wheat,Khilchipur,1080.0,1245.0,1100.0,Madhya Pradesh,Rajgarh
2010-03-09,Wheat,Khilchipur,1080.0,1240.0,1100.0,Madhya Pradesh,Rajgarh
2010-03-10,Wheat,Khilchipur,1090.0,1230.0,1100.0,Madhya Pradesh,Rajgarh
2010-03-11,Wheat,Khilchipur,1090.0,1240.0,1100.0,Madhya Pradesh,Rajgarh
2010-03-12,Wheat,Khilchipur,1080.0,1245.0,1120.0,Madhya Pradesh,Rajgarh
2010-03-13,Wheat,Khilchipur,1090.0,1235.0,1130.0,Madhya Pradesh,Rajgarh
2010-03-14,Wheat,Khilchipur,1096.0,1242.0,1125.0,Madhya Pradesh,Rajgarh
2010-03-16,Wheat,Khilchipur,1098.0,1237.0,1115.0,Madhya Pradesh,Rajgarh
2010-03-17,Wheat,Khilchipur,1070.0,1200.0,1095.0,Madhya Pradesh,Rajgarh
2010-03-18,Wheat,Khilchipur,1075.0,1200.0,1125.0,Madhya Pradesh,Rajgarh
2010-03-19,Wheat,Khilchipur,1040.0,1200.0,1096.0,Madhya Pradesh,Rajgarh
2010-03-20,Wheat,Khilchipur,1034.0,1200.0,1090.0,Madhya Pradesh,Rajgarh
2010-03-21,Wheat,Khilchipur,1080.0,1200.0,1095.0,Madhya Pradesh,Rajgarh
2010-03-25,Wheat,Khilchipur,1095.0,1200.0,1130.0,Madhya Pradesh,Rajgarh
2010-03-26,Wheat,Khilchipur,1090.0,1200.0,1125.0,Madhya Pradesh,Rajgarh
2010-03-27,Wheat,Khilchipur,1090.0,1200.0,1125.0,Madhya Pradesh,Rajgarh
2010-03-28,Wheat,Khilchipur,1090.0,1200.0,1110.0,Madhya Pradesh,Rajgarh
2010-04-01,Wheat,Khilchipur,1029.0,1200.0,1115.0,Madhya Pradesh,Rajgarh
2010-04-02,Wheat,Khilchipur,1034.0,1200.0,1125.0,Madhya Pradesh,Rajgarh
2010-04-03,Wheat,Khilchipur,1020.0,1200.0,1125.0,Madhya Pradesh,Rajgarh
2010-04-04,Wheat,Khilchipur,1075.0,1200.0,1125.0,Madhya Pradesh,Rajgarh
2010-04-06,Wheat,Khilchipur,1034.0,1200.0,1115.0,Madhya Pradesh,Rajgarh
2010-04-07,Wheat,Khilchipur,1025.0,1200.0,1080.0,Madhya Pradesh,Rajgarh
2010-04-08,Wheat,Khilchipur,1025.0,1200.0,1090.0,Madhya Pradesh,Rajgarh
2010-04-09,Wheat,Khilchipur,1025.0,1200.0,1095.0,Madhya Pradesh,Rajgarh
2010-04-10,Wheat,Khilchipur,1025.0,1200.0,1090.0,Madhya Pradesh,Rajgarh
2010-04-11,Wheat,Khilchipur,1025.0,1200.0,1050.0,Madhya Pradesh,Rajgarh
2010-04-13,Wheat,Khilchipur,1029.0,1200.0,1080.0,Madhya Pradesh,Rajgarh
2010-04-15,Wheat,Khilchipur,1034.0,1200.0,1070.0,Madhya Pradesh,Rajgarh
2010-04-16,Wheat,Khilchipur,1040.0,1200.0,1085.0,Madhya Pradesh,Rajgarh
2010-04-17,Wheat,Khilchipur,1050.0,1200.0,1090.0,Madhya Pradesh,Rajgarh
2010-04-18,Wheat,Khilchipur,1050.0,1200.0,1070.0,Madhya Pradesh,Rajgarh
2010-04-20,Wheat,Khilchipur,1054.0,1200.0,1094.0,Madhya Pradesh,Rajgarh
2010-04-21,Wheat,Khilchipur,1050.0,1200.0,1090.0,Madhya Pradesh,Rajgarh
2010-04-22,Wheat,Khilchipur,1045.0,1200.0,1090.0,Madhya Pradesh,Rajgarh
2010-04-23,Wheat,Khilchipur,1050.0,1200.0,1110.0,Madhya Pradesh,Rajgarh
2010-04-24,Wheat,Khilchipur,1060.0,1200.0,1115.0,Madhya Pradesh,Rajgarh
2010-04-25,Wheat,Khilchipur,1050.0,1200.0,1095.0,Madhya Pradesh,Rajgarh
2010-04-27,Wheat,Khilchipur,1060.0,1200.0,1100.0,Madhya Pradesh,Rajgarh
2010-04-29,Wheat,Khilchipur,1090.0,1200.0,1100.0,Madhya Pradesh,Rajgarh
2010-04-30,Wheat,Khilchipur,1050.0,1200.0,1100.0,Madhya Pradesh,Rajgarh
2010-05-01,Wheat,Khilchipur,1040.0,1200.0,1100.0,Madhya Pradesh,Rajgarh
2010-05-02,Wheat,Khilchipur,1080.0,1200.0,1100.0,Madhya Pradesh,Rajgarh
2010-05-04,Wheat,Khilchipur,1070.0,1200.0,1100.0,Madhya Pradesh,Rajgarh
2010-05-05,Wheat,Khilchipur,1070.0,1200.0,1110.0,Madhya Pradesh,Rajgarh
2010-05-06,Wheat,Khilchipur,1060.0,1200.0,1100.0,Madhya Pradesh,Rajgarh
2010-05-07,Wheat,Khilchipur,1090.0,1200.0,1100.0,Madhya Pradesh,Rajgarh
2010-05-08,Wheat,Khilchipur,1070.0,1200.0,1100.0,Madhya Pradesh,Rajgarh
2010-05-09,Wheat,Khilchipur,1070.0,1200.0,1105.0,Madhya Pradesh,Rajgarh
2010-05-11,Wheat,Khilchipur,1080.0,1115.0,1100.0,Madhya Pradesh,Rajgarh
2010-05-12,Wheat,Khilchipur,1080.0,1115.0,1100.0,Madhya Pradesh,Rajgarh
2010-05-13,Wheat,Khilchipur,1080.0,1115.0,1100.0,Madhya Pradesh,Rajgarh
2010-05-14,Wheat,Khilchipur,1080.0,1108.0,1100.0,Madhya Pradesh,Rajgarh
2010-05-15,Wheat,Khilchipur,1080.0,1115.0,1107.0,Madhya Pradesh,Rajgarh
2010-05-16,Wheat,Khilchipur,1100.0,1200.0,1110.0,Madhya Pradesh,Rajgarh
2010-05-18,Wheat,Khilchipur,1100.0,1158.0,1110.0,Madhya Pradesh,Rajgarh
2010-05-19,Wheat,Khilchipur,1070.0,1178.0,1115.0,Madhya Pradesh,Rajgarh
2010-05-20,Wheat,Khilchipur,1090.0,1144.0,1120.0,Madhya Pradesh,Rajgarh
2010-05-21,Wheat,Khilchipur,1080.0,1154.0,1140.0,Madhya Pradesh,Rajgarh
2010-05-22,Wheat,Khilchipur,1115.0,1525.0,1140.0,Madhya Pradesh,Rajgarh
2010-05-23,Wheat,Khilchipur,1090.0,1148.0,1140.0,Madhya Pradesh,Rajgarh
2010-05-25,Wheat,Khilchipur,1080.0,1160.0,1140.0,Madhya Pradesh,Rajgarh
2010-05-26,Wheat,Khilchipur,1090.0,1178.0,1140.0,Madhya Pradesh,Rajgarh
2010-05-28,Wheat,Khilchipur,1140.0,1160.0,1150.0,Madhya Pradesh,Rajgarh
2010-05-29,Wheat,Khilchipur,1140.0,1140.0,1140.0,Madhya Pradesh,Rajgarh
2010-05-30,Wheat,Khilchipur,1140.0,1170.0,1150.0,Madhya Pradesh,Rajgarh
2010-06-01,Wheat,Khilchipur,1140.0,1178.0,1150.0,Madhya Pradesh,Rajgarh
2010-06-02,Wheat,Khilchipur,1145.0,1170.0,1150.0,Madhya Pradesh,Rajgarh
2010-06-03,Wheat,Khilchipur,1150.0,1170.0,1160.0,Madhya Pradesh,Rajgarh
2010-06-04,Wheat,Khilchipur,1150.0,1178.0,1160.0,Madhya Pradesh,Rajgarh
2010-06-05,Wheat,Khilchipur,1150.0,1170.0,1160.0,Madhya Pradesh,Rajgarh
2010-06-06,Wheat,Khilchipur,1150.0,1190.0,1150.0,Madhya Pradesh,Rajgarh
2010-06-08,Wheat,Khilchipur,1160.0,1190.0,1170.0,Madhya Pradesh,Rajgarh
2010-06-09,Wheat,Khilchipur,1160.0,1190.0,1180.0,Madhya Pradesh,Rajgarh
2010-06-10,Wheat,Khilchipur,1140.0,1160.0,1150.0,Madhya Pradesh,Rajgarh
2010-06-11,Wheat,Khilchipur,1140.0,1170.0,1150.0,Madhya Pradesh,Rajgarh
2010-06-12,Wheat,Khilchipur,1140.0,1165.0,1150.0,Madhya Pradesh,Rajgarh
2010-06-13,Wheat,Khilchipur,1140.0,1178.0,1150.0,Madhya Pradesh,Rajgarh
2010-06-15,Wheat,Khilchipur,1140.0,1170.0,1150.0,Madhya Pradesh,Rajgarh
2010-06-16,Wheat,Khilchipur,1140.0,1180.0,1150.0,Madhya Pradesh,Rajgarh
2010-06-17,Wheat,Khilchipur,1150.0,1158.0,1155.0,Madhya Pradesh,Rajgarh
2010-06-18,Wheat,Khilchipur,1130.0,1156.0,1150.0,Madhya Pradesh,Rajgarh
2010-06-19,Wheat,Khilchipur,1135.0,1160.0,1155.0,Madhya Pradesh,Rajgarh
2010-06-20,Wheat,Khilchipur,1145.0,1160.0,1150.0,Madhya Pradesh,Rajgarh
2010-06-22,Wheat,Khilchipur,1135.0,1170.0,1150.0,Madhya Pradesh,Rajgarh
2010-06-23,Wheat,Khilchipur,1145.0,1168.0,1150.0,Madhya Pradesh,Rajgarh
2010-06-24,Wheat,Khilchipur,1145.0,1160.0,1150.0,Madhya Pradesh,Rajgarh
2010-06-25,Wheat,Khilchipur,1135.0,1150.0,1145.0,Madhya Pradesh,Rajgarh
2010-06-26,Wheat,Khilchipur,1145.0,1160.0,1150.0,Madhya Pradesh,Rajgarh
2010-06-27,Wheat,Khilchipur,1140.0,1150.0,1145.0,Madhya Pradesh,Rajgarh
2010-06-29,Wheat,Khilchipur,1140.0,1160.0,1145.0,Madhya Pradesh,Rajgarh
2010-06-30,Wheat,Khilchipur,1145.0,1155.0,1150.0,Madhya Pradesh,Rajgarh
2010-07-01,Wheat,Khilchipur,1145.0,1160.0,1150.0,Madhya Pradesh,Rajgarh
2010-07-02,Wheat,Khilchipur,1140.0,1160.0,1145.0,Madhya Pradesh,Rajgarh
2010-07-03,Wheat,Khilchipur,1140.0,1156.0,1150.0,Madhya Pradesh,Rajgarh
2010-07-04,Wheat,Khilchipur,1150.0,1160.0,1157.0,Madhya Pradesh,Rajgarh
2010-07-06,Wheat,Khilchipur,1145.0,1160.0,1150.0,Madhya Pradesh,Rajgarh
2010-07-07,Wheat,Khilchipur,1140.0,1165.0,1150.0,Madhya Pradesh,Rajgarh
2010-07-08,Wheat,Khilchipur,1145.0,1150.0,1148.0,Madhya Pradesh,Rajgarh
2010-07-09,Wheat,Khilchipur,1142.0,1150.0,1148.0,Madhya Pradesh,Rajgarh
2010-07-10,Wheat,Khilchipur,1130.0,1150.0,1145.0,Madhya Pradesh,Rajgarh
2010-07-11,Wheat,Khilchipur,1140.0,1170.0,1150.0,Madhya Pradesh,Rajgarh
2010-07-13,Wheat,Khilchipur,1145.0,1170.0,1150.0,Madhya Pradesh,Rajgarh
2010-07-14,Wheat,Khilchipur,1145.0,1170.0,1149.0,Madhya Pradesh,Rajgarh
2010-07-15,Wheat,Khilchipur,1160.0,1178.0,1170.0,Madhya Pradesh,Rajgarh
2010-07-16,Wheat,Khilchipur,1150.0,1170.0,1165.0,Madhya Pradesh,Rajgarh
2010-07-17,Wheat,Khilchipur,1150.0,1180.0,1175.0,Madhya Pradesh,Rajgarh
2010-07-18,Wheat,Khilchipur,1170.0,1198.0,1185.0,Madhya Pradesh,Rajgarh
2010-07-20,Wheat,Khilchipur,1180.0,1200.0,1198.0,Madhya Pradesh,Rajgarh
2010-07-21,Wheat,Khilchipur,1180.0,1206.0,1195.0,Madhya Pradesh,Rajgarh
2010-07-22,Wheat,Khilchipur,1190.0,1210.0,1200.0,Madhya Pradesh,Rajgarh
2010-07-23,Wheat,Khilchipur,1190.0,1210.0,1200.0,Madhya Pradesh,Rajgarh
2010-07-24,Wheat,Khilchipur,1190.0,1210.0,1200.0,Madhya Pradesh,Rajgarh
2010-07-25,Wheat,Khilchipur,1200.0,1210.0,1207.0,Madhya Pradesh,Rajgarh
2010-07-27,Wheat,Khilchipur,1200.0,1215.0,1210.0,Madhya Pradesh,Rajgarh
2010-07-28,Wheat,Khilchipur,1195.0,1210.0,1200.0,Madhya Pradesh,Rajgarh
2010-07-29,Wheat,Khilchipur,1200.0,1207.0,1205.0,Madhya Pradesh,Rajgarh
2010-07-30,Wheat,Khilchipur,1200.0,1207.0,1205.0,Madhya Pradesh,Rajgarh
2010-07-31,Wheat,Khilchipur,1006.0,1207.0,1200.0,Madhya Pradesh,Rajgarh
2010-08-01,Wheat,Khilchipur,1200.0,1210.0,1205.0,Madhya Pradesh,Rajgarh
2010-08-03,Wheat,Khilchipur,1200.0,1207.0,1205.0,Madhya Pradesh,Rajgarh
2010-08-04,Wheat,Khilchipur,1200.0,1208.0,1205.0,Madhya Pradesh,Rajgarh
2010-08-05,Wheat,Khilchipur,1200.0,1208.0,1202.0,Madhya Pradesh,Rajgarh
2010-08-06,Wheat,Khilchipur,1200.0,1207.0,1203.0,Madhya Pradesh,Rajgarh
2010-08-07,Wheat,Khilchipur,1201.0,1207.0,1206.0,Madhya Pradesh,Rajgarh
2010-08-08,Wheat,Khilchipur,1200.0,1206.0,1205.0,Madhya Pradesh,Rajgarh
2010-08-11,Wheat,Khilchipur,1197.0,1208.0,1200.0,Madhya Pradesh,Rajgarh
2010-08-12,Wheat,Khilchipur,1200.0,1210.0,1205.0,Madhya Pradesh,Rajgarh
2010-08-13,Wheat,Khilchipur,1200.0,1201.0,1200.0,Madhya Pradesh,Rajgarh
2010-08-14,Wheat,Khilchipur,1200.0,1208.0,1200.0,Madhya Pradesh,Rajgarh
2010-08-17,Wheat,Khilchipur,1200.0,1208.0,1205.0,Madhya Pradesh,Rajgarh
2010-08-18,Wheat,Khilchipur,1192.0,1198.0,1195.0,Madhya Pradesh,Rajgarh
2010-08-19,Wheat,Khilchipur,1191.0,1198.0,1195.0,Madhya Pradesh,Rajgarh
2010-08-20,Wheat,Khilchipur,1192.0,1196.0,1195.0,Madhya Pradesh,Rajgarh
2010-08-21,Wheat,Khilchipur,1186.0,1198.0,1195.0,Madhya Pradesh,Rajgarh
2010-08-22,Wheat,Khilchipur,1186.0,1196.0,1190.0,Madhya Pradesh,Rajgarh
2010-08-25,Wheat,Khilchipur,1182.0,1190.0,1185.0,Madhya Pradesh,Rajgarh
2010-08-26,Wheat,Khilchipur,1186.0,1192.0,1189.0,Madhya Pradesh,Rajgarh
2010-08-27,Wheat,Khilchipur,1180.0,1190.0,1185.0,Madhya Pradesh,Rajgarh
2010-08-28,Wheat,Khilchipur,1181.0,1189.0,1185.0,Madhya Pradesh,Rajgarh
2010-08-29,Wheat,Khilchipur,1149.0,1180.0,1170.0,Madhya Pradesh,Rajgarh
2010-08-31,Wheat,Khilchipur,1148.0,1180.0,1170.0,Madhya Pradesh,Rajgarh
2010-09-01,Wheat,Khilchipur,1172.0,1185.0,1180.0,Madhya Pradesh,Rajgarh
2010-09-03,Wheat,Khilchipur,1160.0,1182.0,1170.0,Madhya Pradesh,Rajgarh
2010-09-04,Wheat,Khilchipur,1150.0,1170.0,1160.0,Madhya Pradesh,Rajgarh
2010-09-05,Wheat,Khilchipur,1166.0,1180.0,1170.0,Madhya Pradesh,Rajgarh
2010-09-07,Wheat,Khilchipur,1140.0,1168.0,1150.0,Madhya Pradesh,Rajgarh
2010-09-08,Wheat,Khilchipur,1160.0,1180.0,1170.0,Madhya Pradesh,Rajgarh
2010-09-09,Wheat,Khilchipur,1160.0,1184.0,1175.0,Madhya Pradesh,Rajgarh
2010-09-10,Wheat,Khilchipur,1180.0,1185.0,1182.0,Madhya Pradesh,Rajgarh
2010-09-12,Wheat,Khilchipur,1170.0,1185.0,1180.0,Madhya Pradesh,Rajgarh
2010-09-14,Wheat,Khilchipur,1170.0,1190.0,1180.0,Madhya Pradesh,Rajgarh
2010-09-15,Wheat,Khilchipur,1173.0,1180.0,1175.0,Madhya Pradesh,Rajgarh
2010-09-16,Wheat,Khilchipur,1160.0,1174.0,1165.0,Madhya Pradesh,Rajgarh
2010-09-17,Wheat,Khilchipur,1170.0,1190.0,1185.0,Madhya Pradesh,Rajgarh
2010-09-18,Wheat,Khilchipur,1150.0,1170.0,1160.0,Madhya Pradesh,Rajgarh
2010-09-19,Wheat,Khilchipur,1160.0,1198.0,1180.0,Madhya Pradesh,Rajgarh
2010-09-21,Wheat,Khilchipur,1151.0,1170.0,1165.0,Madhya Pradesh,Rajgarh
2010-09-22,Wheat,Khilchipur,1140.0,1160.0,1155.0,Madhya Pradesh,Rajgarh
2010-09-23,Wheat,Khilchipur,1150.0,1170.0,1155.0,Madhya Pradesh,Rajgarh
2010-09-24,Wheat,Khilchipur,1150.0,1168.0,1160.0,Madhya Pradesh,Rajgarh
2010-09-26,Wheat,Khilchipur,1150.0,1170.0,1165.0,Madhya Pradesh,Rajgarh
2010-09-28,Wheat,Khilchipur,1140.0,1155.0,1150.0,Madhya Pradesh,Rajgarh
2010-09-29,Wheat,Khilchipur,1145.0,1160.0,1155.0,Madhya Pradesh,Rajgarh
2010-10-01,Wheat,Khilchipur,1140.0,1158.0,1150.0,Madhya Pradesh,Rajgarh
2010-10-03,Wheat,Khilchipur,1140.0,1170.0,1155.0,Madhya Pradesh,Rajgarh
2010-10-05,Wheat,Khilchipur,1140.0,1160.0,1150.0,Madhya Pradesh,Rajgarh
2010-10-06,Wheat,Khilchipur,1140.0,1160.0,1150.0,Madhya Pradesh,Rajgarh
2010-10-07,Wheat,Khilchipur,1140.0,1150.0,1145.0,Madhya Pradesh,Rajgarh
2010-10-08,Wheat,Khilchipur,1145.0,1160.0,1150.0,Madhya Pradesh,Rajgarh
2010-10-09,Wheat,Khilchipur,1145.0,1160.0,1150.0,Madhya Pradesh,Rajgarh
2010-10-10,Wheat,Khilchipur,1160.0,1185.0,1170.0,Madhya Pradesh,Rajgarh
2010-10-12,Wheat,Khilchipur,1145.0,1180.0,1170.0,Madhya Pradesh,Rajgarh
2010-10-13,Wheat,Khilchipur,1150.0,1185.0,1170.0,Madhya Pradesh,Rajgarh
2010-10-14,Wheat,Khilchipur,1160.0,1200.0,1180.0,Madhya Pradesh,Rajgarh
2010-10-15,Wheat,Khilchipur,1170.0,1206.0,1190.0,Madhya Pradesh,Rajgarh
2010-10-19,Wheat,Khilchipur,1160.0,1190.0,1180.0,Madhya Pradesh,Rajgarh
2010-10-20,Wheat,Khilchipur,1100.0,1170.0,1150.0,Madhya Pradesh,Rajgarh
2010-10-21,Wheat,Khilchipur,1140.0,1180.0,1170.0,Madhya Pradesh,Rajgarh
2010-10-23,Wheat,Khilchipur,1145.0,1165.0,1155.0,Madhya Pradesh,Rajgarh
2010-10-24,Wheat,Khilchipur,1140.0,1160.0,1150.0,Madhya Pradesh,Rajgarh
2010-10-26,Wheat,Khilchipur,1140.0,1160.0,1150.0,Madhya Pradesh,Rajgarh
2010-10-27,Wheat,Khilchipur,1140.0,1150.0,1145.0,Madhya Pradesh,Rajgarh
2010-10-28,Wheat,Khilchipur,1115.0,1170.0,1150.0,Madhya Pradesh,Rajgarh
2010-10-29,Wheat,Khilchipur,1140.0,1160.0,1150.0,Madhya Pradesh,Rajgarh
2010-10-30,Wheat,Khilchipur,1145.0,1204.0,1190.0,Madhya Pradesh,Rajgarh
2010-10-31,Wheat,Khilchipur,1150.0,1200.0,1190.0,Madhya Pradesh,Rajgarh
2010-11-02,Wheat,Khilchipur,1140.0,1190.0,1180.0,Madhya Pradesh,Rajgarh
2010-11-07,Wheat,Khilchipur,1140.0,1190.0,1170.0,Madhya Pradesh,Rajgarh
2010-11-09,Wheat,Khilchipur,1160.0,1190.0,1180.0,Madhya Pradesh,Rajgarh
2010-11-10,Wheat,Khilchipur,1170.0,1200.0,1190.0,Madhya Pradesh,Rajgarh
2010-11-11,Wheat,Khilchipur,1170.0,1200.0,1190.0,Madhya Pradesh,Rajgarh
2010-11-12,Wheat,Khilchipur,1140.0,1200.0,1170.0,Madhya Pradesh,Rajgarh
2010-11-13,Wheat,Khilchipur,1180.0,1210.0,1200.0,Madhya Pradesh,Rajgarh
2010-11-14,Wheat,Khilchipur,1200.0,1234.0,1200.0,Madhya Pradesh,Rajgarh
2010-11-16,Wheat,Khilchipur,1180.0,1230.0,1200.0,Madhya Pradesh,Rajgarh
2010-11-18,Wheat,Khilchipur,1180.0,1220.0,1190.0,Madhya Pradesh,Rajgarh
2010-11-19,Wheat,Khilchipur,1180.0,1200.0,1190.0,Madhya Pradesh,Rajgarh
2010-11-20,Wheat,Khilchipur,1180.0,1218.0,1190.0,Madhya Pradesh,Rajgarh
2010-11-21,Wheat,Khilchipur,1170.0,1217.0,1200.0,Madhya Pradesh,Rajgarh
2010-11-23,Wheat,Khilchipur,1170.0,1220.0,1200.0,Madhya Pradesh,Rajgarh
2010-11-24,Wheat,Khilchipur,1170.0,1230.0,1200.0,Madhya Pradesh,Rajgarh
2010-11-25,Wheat,Khilchipur,1150.0,1200.0,1180.0,Madhya Pradesh,Rajgarh
2010-11-26,Wheat,Khilchipur,1170.0,1200.0,1190.0,Madhya Pradesh,Rajgarh
2010-11-27,Wheat,Khilchipur,1150.0,1190.0,1170.0,Madhya Pradesh,Rajgarh
2010-11-28,Wheat,Khilchipur,1180.0,1210.0,1200.0,Madhya Pradesh,Rajgarh
2010-11-30,Wheat,Khilchipur,1170.0,1200.0,1190.0,Madhya Pradesh,Rajgarh
2010-12-01,Wheat,Khilchipur,1170.0,1210.0,1200.0,Madhya Pradesh,Rajgarh
2010-12-02,Wheat,Khilchipur,1180.0,1215.0,1200.0,Madhya Pradesh,Rajgarh
2010-12-03,Wheat,Khilchipur,1170.0,1210.0,1200.0,Madhya Pradesh,Rajgarh
2010-12-04,Wheat,Khilchipur,1150.0,1215.0,1200.0,Madhya Pradesh,Rajgarh
2010-12-05,Wheat,Khilchipur,1180.0,1230.0,1200.0,Madhya Pradesh,Rajgarh
2010-12-07,Wheat,Khilchipur,1180.0,1215.0,1200.0,Madhya Pradesh,Rajgarh
2010-12-08,Wheat,Khilchipur,1170.0,1200.0,1190.0,Madhya Pradesh,Rajgarh
2010-12-09,Wheat,Khilchipur,1170.0,1210.0,1190.0,Madhya Pradesh,Rajgarh
2010-12-10,Wheat,Khilchipur,1170.0,1210.0,1200.0,Madhya Pradesh,Rajgarh
2010-12-11,Wheat,Khilchipur,1170.0,1226.0,1200.0,Madhya Pradesh,Rajgarh
2010-12-12,Wheat,Khilchipur,1170.0,1225.0,1200.0,Madhya Pradesh,Rajgarh
2010-12-14,Wheat,Khilchipur,1180.0,1215.0,1200.0,Madhya Pradesh,Rajgarh
2010-12-15,Wheat,Khilchipur,1190.0,1220.0,1200.0,Madhya Pradesh,Rajgarh
2010-12-16,Wheat,Khilchipur,1170.0,1225.0,1200.0,Madhya Pradesh,Rajgarh
2010-12-18,Wheat,Khilchipur,1180.0,1230.0,1200.0,Madhya Pradesh,Rajgarh
2010-12-19,Wheat,Khilchipur,1190.0,1230.0,1200.0,Madhya Pradesh,Rajgarh
2010-12-21,Wheat,Khilchipur,1170.0,1230.0,1200.0,Madhya Pradesh,Rajgarh
2010-12-22,Wheat,Khilchipur,1170.0,1230.0,1200.0,Madhya Pradesh,Rajgarh
2010-12-23,Wheat,Khilchipur,1180.0,1230.0,1200.0,Madhya Pradesh,Rajgarh
2010-12-24,Wheat,Khilchipur,1190.0,1230.0,1200.0,Madhya Pradesh,Rajgarh
2010-12-26,Wheat,Khilchipur,1190.0,1230.0,1200.0,Madhya Pradesh,Rajgarh
2010-12-28,Wheat,Khilchipur,1180.0,1240.0,1200.0,Madhya Pradesh,Rajgarh
2010-12-29,Wheat,Khilchipur,1190.0,1230.0,1200.0,Madhya Pradesh,Rajgarh
2010-12-31,Wheat,Khilchipur,1170.0,1230.0,1200.0,Madhya Pradesh,Rajgarh
2011-01-01,Wheat,Khilchipur,1170.0,1230.0,1200.0,Madhya Pradesh,Rajgarh
2011-01-02,Wheat,Khilchipur,1170.0,1220.0,1200.0,Madhya Pradesh,Rajgarh
2011-01-04,Wheat,Khilchipur,1200.0,1270.0,1240.0,Madhya Pradesh,Rajgarh
2011-01-05,Wheat,Khilchipur,1200.0,1270.0,1250.0,Madhya Pradesh,Rajgarh
2011-01-06,Wheat,Khilchipur,1200.0,1260.0,1230.0,Madhya Pradesh,Rajgarh
2011-01-07,Wheat,Khilchipur,1200.0,1270.0,1230.0,Madhya Pradesh,Rajgarh
2011-01-08,Wheat,Khilchipur,1200.0,1270.0,1230.0,Madhya Pradesh,Rajgarh
2011-01-09,Wheat,Khilchipur,1200.0,1280.0,1235.0,Madhya Pradesh,Rajgarh
2011-01-11,Wheat,Khilchipur,1200.0,1300.0,1230.0,Madhya Pradesh,Rajgarh
2011-01-12,Wheat,Khilchipur,1200.0,1290.0,1240.0,Madhya Pradesh,Rajgarh
2011-01-13,Wheat,Khilchipur,1200.0,1310.0,1250.0,Madhya Pradesh,Rajgarh
2011-01-14,Wheat,Khilchipur,1200.0,1310.0,1240.0,Madhya Pradesh,Rajgarh
2011-01-16,Wheat,Khilchipur,1200.0,1330.0,1280.0,Madhya Pradesh,Rajgarh
2011-01-18,Wheat,Khilchipur,1200.0,1320.0,1250.0,Madhya Pradesh,Rajgarh
2011-01-19,Wheat,Khilchipur,1210.0,1370.0,1300.0,Madhya Pradesh,Rajgarh
2011-01-20,Wheat,Khilchipur,1250.0,1340.0,1300.0,Madhya Pradesh,Rajgarh
2011-01-21,Wheat,Khilchipur,1280.0,1330.0,1300.0,Madhya Pradesh,Rajgarh
2011-01-22,Wheat,Khilchipur,1250.0,1315.0,1300.0,Madhya Pradesh,Rajgarh
2011-01-23,Wheat,Khilchipur,1200.0,1370.0,1300.0,Madhya Pradesh,Rajgarh
2011-01-25,Wheat,Khilchipur,1290.0,1350.0,1300.0,Madhya Pradesh,Rajgarh
2011-01-27,Wheat,Khilchipur,1280.0,1340.0,1300.0,Madhya Pradesh,Rajgarh
2011-01-28,Wheat,Khilchipur,1300.0,1380.0,1350.0,Madhya Pradesh,Rajgarh
2011-01-29,Wheat,Khilchipur,1200.0,1280.0,1250.0,Madhya Pradesh,Rajgarh
2011-01-30,Wheat,Khilchipur,1230.0,1300.0,1270.0,Madhya Pradesh,Rajgarh
2011-02-01,Wheat,Khilchipur,1210.0,1260.0,1230.0,Madhya Pradesh,Rajgarh
2011-02-02,Wheat,Khilchipur,1180.0,1250.0,1200.0,Madhya Pradesh,Rajgarh
2011-02-03,Wheat,Khilchipur,1180.0,1260.0,1200.0,Madhya Pradesh,Rajgarh
2011-02-04,Wheat,Khilchipur,1180.0,1260.0,1200.0,Madhya Pradesh,Rajgarh
2011-02-05,Wheat,Khilchipur,1200.0,1260.0,1230.0,Madhya Pradesh,Rajgarh
2011-02-06,Wheat,Khilchipur,1200.0,1270.0,1240.0,Madhya Pradesh,Rajgarh
2011-02-09,Wheat,Khilchipur,1180.0,1220.0,1200.0,Madhya Pradesh,Rajgarh
2011-02-10,Wheat,Khilchipur,1180.0,1230.0,1200.0,Madhya Pradesh,Rajgarh
2011-02-11,Wheat,Khilchipur,1180.0,1220.0,1200.0,Madhya Pradesh,Rajgarh
2011-02-12,Wheat,Khilchipur,1180.0,1229.0,1200.0,Madhya Pradesh,Rajgarh
2011-02-13,Wheat,Khilchipur,1180.0,1220.0,1200.0,Madhya Pradesh,Rajgarh
2011-02-15,Wheat,Khilchipur,1180.0,1220.0,1200.0,Madhya Pradesh,Rajgarh
2011-02-16,Wheat,Khilchipur,1180.0,1220.0,1200.0,Madhya Pradesh,Rajgarh
2011-02-17,Wheat,Khilchipur,1151.0,1230.0,1200.0,Madhya Pradesh,Rajgarh
2011-02-19,Wheat,Khilchipur,1180.0,1220.0,1200.0,Madhya Pradesh,Rajgarh
2011-02-20,Wheat,Khilchipur,1100.0,1240.0,1200.0,Madhya Pradesh,Rajgarh
2011-02-22,Wheat,Khilchipur,1000.0,1230.0,1150.0,Madhya Pradesh,Rajgarh
2011-02-23,Wheat,Khilchipur,950.0,1210.0,1150.0,Madhya Pradesh,Rajgarh
2011-02-24,Wheat,Khilchipur,950.0,1224.0,1150.0,Madhya Pradesh,Rajgarh
2011-02-25,Wheat,Khilchipur,1000.0,1220.0,1100.0,Madhya Pradesh,Rajgarh
2011-02-26,Wheat,Khilchipur,1150.0,1224.0,1200.0,Madhya Pradesh,Rajgarh
2011-02-27,Wheat,Khilchipur,1000.0,1240.0,1150.0,Madhya Pradesh,Rajgarh
2011-03-01,Wheat,Khilchipur,1000.0,1220.0,1150.0,Madhya Pradesh,Rajgarh
2011-03-03,Wheat,Khilchipur,1000.0,1220.0,1130.0,Madhya Pradesh,Rajgarh
2011-03-04,Wheat,Khilchipur,1000.0,1220.0,1150.0,Madhya Pradesh,Rajgarh
2011-03-05,Wheat,Khilchipur,1000.0,1220.0,1200.0,Madhya Pradesh,Rajgarh
2011-03-06,Wheat,Khilchipur,1000.0,1230.0,1175.0,Madhya Pradesh,Rajgarh
2011-03-08,Wheat,Khilchipur,1100.0,1220.0,1180.0,Madhya Pradesh,Rajgarh
2011-03-09,Wheat,Khilchipur,1130.0,1217.0,1150.0,Madhya Pradesh,Rajgarh
2011-03-10,Wheat,Khilchipur,1000.0,1170.0,1150.0,Madhya Pradesh,Rajgarh
2011-03-11,Wheat,Khilchipur,1000.0,1160.0,1155.0,Madhya Pradesh,Rajgarh
2011-03-12,Wheat,Khilchipur,1100.0,1150.0,1120.0,Madhya Pradesh,Rajgarh
2011-03-13,Wheat,Khilchipur,1100.0,1170.0,1150.0,Madhya Pradesh,Rajgarh
2011-03-16,Wheat,Khilchipur,1100.0,1220.0,1150.0,Madhya Pradesh,Rajgarh
2011-03-17,Wheat,Khilchipur,1100.0,1220.0,1140.0,Madhya Pradesh,Rajgarh
2011-03-18,Wheat,Khilchipur,1000.0,1220.0,1100.0,Madhya Pradesh,Rajgarh
2011-03-22,Wheat,Khilchipur,975.0,1220.0,1017.0,Madhya Pradesh,Rajgarh
2011-03-23,Wheat,Khilchipur,1000.0,1220.0,1110.0,Madhya Pradesh,Rajgarh
2011-03-25,Wheat,Khilchipur,1000.0,1220.0,1100.0,Madhya Pradesh,Rajgarh
2011-04-02,Wheat,Khilchipur,1000.0,1220.0,1070.0,Madhya Pradesh,Rajgarh
2011-04-03,Wheat,Khilchipur,1020.0,1220.0,1070.0,Madhya Pradesh,Rajgarh
2011-04-05,Wheat,Khilchipur,1010.0,1220.0,1060.0,Madhya Pradesh,Rajgarh
2011-04-06,Wheat,Khilchipur,1050.0,1220.0,1070.0,Madhya Pradesh,Rajgarh
2011-04-13,Wheat,Khilchipur,1000.0,1220.0,1070.0,Madhya Pradesh,Rajgarh
2011-04-15,Wheat,Khilchipur,1020.0,1220.0,1060.0,Madhya Pradesh,Rajgarh
2011-04-17,Wheat,Khilchipur,1030.0,1220.0,1060.0,Madhya Pradesh,Rajgarh
2011-04-19,Wheat,Khilchipur,1070.0,1220.0,1100.0,Madhya Pradesh,Rajgarh
2011-04-20,Wheat,Khilchipur,1020.0,1220.0,1090.0,Madhya Pradesh,Rajgarh
2011-04-21,Wheat,Khilchipur,1020.0,1220.0,1060.0,Madhya Pradesh,Rajgarh
2011-04-23,Wheat,Khilchipur,1030.0,1220.0,1090.0,Madhya Pradesh,Rajgarh
2011-04-24,Wheat,Khilchipur,1000.0,1220.0,1100.0,Madhya Pradesh,Rajgarh
2011-04-26,Wheat,Khilchipur,1000.0,1220.0,1070.0,Madhya Pradesh,Rajgarh
2011-04-27,Wheat,Khilchipur,1000.0,1220.0,1080.0,Madhya Pradesh,Rajgarh
2011-04-28,Wheat,Khilchipur,1000.0,1220.0,1090.0,Madhya Pradesh,Rajgarh
2011-04-29,Wheat,Khilchipur,1000.0,1220.0,1050.0,Madhya Pradesh,Rajgarh
2011-04-30,Wheat,Khilchipur,1005.0,1220.0,1090.0,Madhya Pradesh,Rajgarh
2011-05-01,Wheat,Khilchipur,1020.0,1220.0,1090.0,Madhya Pradesh,Rajgarh
2011-05-03,Wheat,Khilchipur,1030.0,1220.0,1080.0,Madhya Pradesh,Rajgarh
2011-05-04,Wheat,Khilchipur,1040.0,1270.0,1080.0,Madhya Pradesh,Rajgarh
2011-05-05,Wheat,Khilchipur,1000.0,1220.0,1080.0,Madhya Pradesh,Rajgarh
2011-05-06,Wheat,Khilchipur,1220.0,1220.0,1220.0,Madhya Pradesh,Rajgarh
2011-05-07,Wheat,Khilchipur,1020.0,1270.0,1090.0,Madhya Pradesh,Rajgarh
2011-05-08,Wheat,Khilchipur,1020.0,1270.0,1090.0,Madhya Pradesh,Rajgarh
2011-05-10,Wheat,Khilchipur,1080.0,1270.0,1090.0,Madhya Pradesh,Rajgarh
2011-05-11,Wheat,Khilchipur,1000.0,1270.0,1040.0,Madhya Pradesh,Rajgarh
2011-05-12,Wheat,Khilchipur,1050.0,1270.0,1090.0,Madhya Pradesh,Rajgarh
2011-05-13,Wheat,Khilchipur,1050.0,1270.0,1090.0,Madhya Pradesh,Rajgarh
2011-05-14,Wheat,Khilchipur,1050.0,1270.0,1090.0,Madhya Pradesh,Rajgarh
2011-05-15,Wheat,Khilchipur,1060.0,1270.0,1080.0,Madhya Pradesh,Rajgarh
2011-05-18,Wheat,Khilchipur,1060.0,1270.0,1090.0,Madhya Pradesh,Rajgarh
2011-05-19,Wheat,Khilchipur,1060.0,1270.0,1090.0,Madhya Pradesh,Rajgarh
2011-05-20,Wheat,Khilchipur,1050.0,1270.0,1090.0,Madhya Pradesh,Rajgarh
2011-05-21,Wheat,Khilchipur,1050.0,1270.0,1090.0,Madhya Pradesh,Rajgarh
2011-05-22,Wheat,Khilchipur,1050.0,1270.0,1080.0,Madhya Pradesh,Rajgarh
2011-05-24,Wheat,Khilchipur,1040.0,1270.0,1090.0,Madhya Pradesh,Rajgarh
2011-05-25,Wheat,Khilchipur,1040.0,1270.0,1090.0,Madhya Pradesh,Rajgarh
2011-05-26,Wheat,Khilchipur,1040.0,1090.0,1050.0,Madhya Pradesh,Rajgarh
2011-05-27,Wheat,Khilchipur,1010.0,1270.0,1090.0,Madhya Pradesh,Rajgarh
2011-05-28,Wheat,Khilchipur,1040.0,1270.0,1090.0,Madhya Pradesh,Rajgarh
2011-05-29,Wheat,Khilchipur,1010.0,1090.0,1080.0,Madhya Pradesh,Rajgarh
2011-05-31,Wheat,Khilchipur,1070.0,1270.0,1090.0,Madhya Pradesh,Rajgarh
2011-06-01,Wheat,Khilchipur,1000.0,1050.0,1030.0,Madhya Pradesh,Rajgarh
2011-06-02,Wheat,Khilchipur,1000.0,1040.0,1020.0,Madhya Pradesh,Rajgarh
2011-06-03,Wheat,Khilchipur,1000.0,1035.0,1030.0,Madhya Pradesh,Rajgarh
2011-06-04,Wheat,Khilchipur,1010.0,1050.0,1020.0,Madhya Pradesh,Rajgarh
2011-06-05,Wheat,Khilchipur,1000.0,1045.0,1020.0,Madhya Pradesh,Rajgarh
2011-06-07,Wheat,Khilchipur,1000.0,1040.0,1020.0,Madhya Pradesh,Rajgarh
2011-06-08,Wheat,Khilchipur,1000.0,1035.0,1020.0,Madhya Pradesh,Rajgarh
2011-06-09,Wheat,Khilchipur,1000.0,1030.0,1020.0,Madhya Pradesh,Rajgarh
2011-06-10,Wheat,Khilchipur,1000.0,1022.0,1010.0,Madhya Pradesh,Rajgarh
2011-06-11,Wheat,Khilchipur,1000.0,1035.0,1020.0,Madhya Pradesh,Rajgarh
2011-06-12,Wheat,Khilchipur,1000.0,1040.0,1020.0,Madhya Pradesh,Rajgarh
2011-06-14,Wheat,Khilchipur,1005.0,1045.0,1020.0,Madhya Pradesh,Rajgarh
2011-06-16,Wheat,Khilchipur,967.0,1040.0,1010.0,Madhya Pradesh,Rajgarh
2011-06-17,Wheat,Khilchipur,967.0,1035.0,1020.0,Madhya Pradesh,Rajgarh
2011-06-19,Wheat,Khilchipur,990.0,1020.0,1000.0,Madhya Pradesh,Rajgarh
2011-06-21,Wheat,Khilchipur,975.0,1010.0,1000.0,Madhya Pradesh,Rajgarh
2011-06-23,Wheat,Khilchipur,1000.0,1078.0,1030.0,Madhya Pradesh,Rajgarh
2011-06-25,Wheat,Khilchipur,1000.0,1045.0,1020.0,Madhya Pradesh,Rajgarh
2011-06-26,Wheat,Khilchipur,1000.0,1045.0,1020.0,Madhya Pradesh,Rajgarh
2011-06-29,Wheat,Khilchipur,1000.0,1060.0,1030.0,Madhya Pradesh,Rajgarh
2011-06-30,Wheat,Khilchipur,1000.0,1065.0,1040.0,Madhya Pradesh,Rajgarh
2011-07-01,Wheat,Khilchipur,1020.0,1065.0,1040.0,Madhya Pradesh,Rajgarh
2011-07-03,Wheat,Khilchipur,1030.0,1066.0,1030.0,Madhya Pradesh,Rajgarh
2011-07-05,Wheat,Khilchipur,1030.0,1065.0,1040.0,Madhya Pradesh,Rajgarh
2011-07-06,Wheat,Khilchipur,1030.0,1065.0,1050.0,Madhya Pradesh,Rajgarh
2011-07-07,Wheat,Khilchipur,1030.0,1060.0,1050.0,Madhya Pradesh,Rajgarh
2011-07-08,Wheat,Khilchipur,1037.0,1060.0,1040.0,Madhya Pradesh,Rajgarh
2011-07-21,Wheat,Khilchipur,1020.0,1070.0,1050.0,Madhya Pradesh,Rajgarh
2011-07-22,Wheat,Khilchipur,1020.0,1075.0,1060.0,Madhya Pradesh,Rajgarh
2011-07-23,Wheat,Khilchipur,1040.0,1080.0,1050.0,Madhya Pradesh,Rajgarh
2011-07-24,Wheat,Khilchipur,1050.0,1090.0,1050.0,Madhya Pradesh,Rajgarh
2011-07-26,Wheat,Khilchipur,1040.0,1080.0,1050.0,Madhya Pradesh,Rajgarh
2011-07-27,Wheat,Khilchipur,1030.0,1070.0,1050.0,Madhya Pradesh,Rajgarh
2011-07-28,Wheat,Khilchipur,1048.0,1065.0,1050.0,Madhya Pradesh,Rajgarh
2011-07-29,Wheat,Khilchipur,1039.0,1060.0,1050.0,Madhya Pradesh,Rajgarh
2011-07-31,Wheat,Khilchipur,1040.0,1065.0,1050.0,Madhya Pradesh,Rajgarh
2011-08-02,Wheat,Khilchipur,1030.0,1070.0,1050.0,Madhya Pradesh,Rajgarh
2011-08-03,Wheat,Khilchipur,1024.0,1085.0,1050.0,Madhya Pradesh,Rajgarh
2011-08-04,Wheat,Khilchipur,1025.0,1040.0,1030.0,Madhya Pradesh,Rajgarh
2011-08-05,Wheat,Khilchipur,1024.0,1032.0,1030.0,Madhya Pradesh,Rajgarh
2011-08-06,Wheat,Khilchipur,1020.0,1027.0,1020.0,Madhya Pradesh,Rajgarh
2011-08-09,Wheat,Khilchipur,1018.0,1030.0,1025.0,Madhya Pradesh,Rajgarh
2011-08-10,Wheat,Khilchipur,1024.0,1039.0,1030.0,Madhya Pradesh,Rajgarh
2011-08-11,Wheat,Khilchipur,1020.0,1034.0,1030.0,Madhya Pradesh,Rajgarh
2011-08-12,Wheat,Khilchipur,1020.0,1035.0,1030.0,Madhya Pradesh,Rajgarh
2011-08-14,Wheat,Khilchipur,1020.0,1045.0,1030.0,Madhya Pradesh,Rajgarh
2011-08-16,Wheat,Khilchipur,1030.0,1045.0,1035.0,Madhya Pradesh,Rajgarh
2011-08-17,Wheat,Khilchipur,1025.0,1046.0,1035.0,Madhya Pradesh,Rajgarh
2011-08-19,Wheat,Khilchipur,1035.0,1045.0,1040.0,Madhya Pradesh,Rajgarh
2011-08-20,Wheat,Khilchipur,1038.0,1049.0,1040.0,Madhya Pradesh,Rajgarh
2011-08-21,Wheat,Khilchipur,1030.0,1045.0,1040.0,Madhya Pradesh,Rajgarh
2011-08-23,Wheat,Khilchipur,1035.0,1050.0,1040.0,Madhya Pradesh,Rajgarh
2011-08-24,Wheat,Khilchipur,1045.0,1055.0,1050.0,Madhya Pradesh,Rajgarh
2011-08-25,Wheat,Khilchipur,1040.0,1050.0,1045.0,Madhya Pradesh,Rajgarh
2011-08-26,Wheat,Khilchipur,1033.0,1045.0,1040.0,Madhya Pradesh,Rajgarh
2011-08-27,Wheat,Khilchipur,1017.0,1045.0,1040.0,Madhya Pradesh,Rajgarh
2011-09-02,Wheat,Khilchipur,1015.0,1019.0,1017.0,Madhya Pradesh,Rajgarh
2011-09-03,Wheat,Khilchipur,1015.0,1025.0,1020.0,Madhya Pradesh,Rajgarh
2011-09-04,Wheat,Khilchipur,1010.0,1020.0,1015.0,Madhya Pradesh,Rajgarh
2011-09-06,Wheat,Khilchipur,1000.0,1018.0,1005.0,Madhya Pradesh,Rajgarh
2011-09-07,Wheat,Khilchipur,998.0,1015.0,1000.0,Madhya Pradesh,Rajgarh
2011-09-08,Wheat,Khilchipur,989.0,1010.0,1000.0,Madhya Pradesh,Rajgarh
2011-09-09,Wheat,Khilchipur,1006.0,1020.0,1010.0,Madhya Pradesh,Rajgarh
2011-09-10,Wheat,Khilchipur,1000.0,1015.0,1010.0,Madhya Pradesh,Rajgarh
2011-09-13,Wheat,Khilchipur,1000.0,1020.0,1010.0,Madhya Pradesh,Rajgarh
2011-09-14,Wheat,Khilchipur,1010.0,1028.0,1020.0,Madhya Pradesh,Rajgarh
2011-09-15,Wheat,Khilchipur,1010.0,1025.0,1015.0,Madhya Pradesh,Rajgarh
2011-09-16,Wheat,Khilchipur,871.0,1027.0,1020.0,Madhya Pradesh,Rajgarh
2011-09-17,Wheat,Khilchipur,1010.0,1030.0,1020.0,Madhya Pradesh,Rajgarh
2011-09-18,Wheat,Khilchipur,1019.0,1030.0,1025.0,Madhya Pradesh,Rajgarh
2011-09-20,Wheat,Khilchipur,1005.0,1025.0,1015.0,Madhya Pradesh,Rajgarh
2011-09-21,Wheat,Khilchipur,1000.0,1020.0,1010.0,Madhya Pradesh,Rajgarh
2011-09-22,Wheat,Khilchipur,985.0,1020.0,1000.0,Madhya Pradesh,Rajgarh
2011-09-23,Wheat,Khilchipur,984.0,1010.0,990.0,Madhya Pradesh,Rajgarh
2011-09-24,Wheat,Khilchipur,990.0,991.0,990.0,Madhya Pradesh,Rajgarh
2011-09-25,Wheat,Khilchipur,983.0,994.0,985.0,Madhya Pradesh,Rajgarh
2011-09-28,Wheat,Khilchipur,991.0,1010.0,1000.0,Madhya Pradesh,Rajgarh
2011-09-29,Wheat,Khilchipur,956.0,1015.0,1000.0,Madhya Pradesh,Rajgarh
2011-09-30,Wheat,Khilchipur,975.0,1010.0,990.0,Madhya Pradesh,Rajgarh
2011-10-01,Wheat,Khilchipur,950.0,990.0,970.0,Madhya Pradesh,Rajgarh
2011-10-04,Wheat,Khilchipur,950.0,990.0,970.0,Madhya Pradesh,Rajgarh
2011-10-07,Wheat,Khilchipur,951.0,990.0,970.0,Madhya Pradesh,Rajgarh
2011-10-08,Wheat,Khilchipur,840.0,951.0,950.0,Madhya Pradesh,Rajgarh
2011-10-09,Wheat,Khilchipur,925.0,970.0,950.0,Madhya Pradesh,Rajgarh
2011-10-11,Wheat,Khilchipur,940.0,985.0,970.0,Madhya Pradesh,Rajgarh
2011-10-12,Wheat,Khilchipur,975.0,977.0,975.0,Madhya Pradesh,Rajgarh
2011-10-13,Wheat,Khilchipur,975.0,1023.0,990.0,Madhya Pradesh,Rajgarh
2011-10-14,Wheat,Khilchipur,992.0,1028.0,1000.0,Madhya Pradesh,Rajgarh
2011-10-15,Wheat,Khilchipur,990.0,1001.0,995.0,Madhya Pradesh,Rajgarh
2011-10-16,Wheat,Khilchipur,1000.0,1042.0,1008.0,Madhya Pradesh,Rajgarh
2011-10-18,Wheat,Khilchipur,1000.0,1010.0,1004.0,Madhya Pradesh,Rajgarh
2011-10-19,Wheat,Khilchipur,1000.0,1040.0,1020.0,Madhya Pradesh,Rajgarh
2011-10-20,Wheat,Khilchipur,1000.0,1040.0,1020.0,Madhya Pradesh,Rajgarh
2011-10-22,Wheat,Khilchipur,990.0,1045.0,1020.0,Madhya Pradesh,Rajgarh
2011-10-23,Wheat,Khilchipur,1000.0,1051.0,1020.0,Madhya Pradesh,Rajgarh
2011-10-28,Wheat,Khilchipur,1000.0,1045.0,1025.0,Madhya Pradesh,Rajgarh
2011-10-29,Wheat,Khilchipur,1000.0,1014.0,1000.0,Madhya Pradesh,Rajgarh
2011-10-31,Wheat,Khilchipur,1000.0,1045.0,1030.0,Madhya Pradesh,Rajgarh
2011-11-01,Wheat,Khilchipur,1000.0,1058.0,1030.0,Madhya Pradesh,Rajgarh
2011-11-02,Wheat,Khilchipur,1010.0,1055.0,1030.0,Madhya Pradesh,Rajgarh
2011-11-03,Wheat,Khilchipur,1000.0,1061.0,1040.0,Madhya Pradesh,Rajgarh
2011-11-04,Wheat,Khilchipur,1019.0,1061.0,1030.0,Madhya Pradesh,Rajgarh
2011-11-05,Wheat,Khilchipur,1025.0,1071.0,1050.0,Madhya Pradesh,Rajgarh
2011-11-06,Wheat,Khilchipur,1036.0,1075.0,1050.0,Madhya Pradesh,Rajgarh
2011-11-08,Wheat,Khilchipur,1050.0,1070.0,1065.0,Madhya Pradesh,Rajgarh
2011-11-09,Wheat,Khilchipur,1050.0,1075.0,1050.0,Madhya Pradesh,Rajgarh
2011-11-11,Wheat,Khilchipur,1040.0,1075.0,1050.0,Madhya Pradesh,Rajgarh
2011-11-12,Wheat,Khilchipur,1050.0,1085.0,1060.0,Madhya Pradesh,Rajgarh
2011-11-15,Wheat,Khilchipur,1048.0,1063.0,1050.0,Madhya Pradesh,Rajgarh
2011-11-16,Wheat,Khilchipur,1042.0,1055.0,1050.0,Madhya Pradesh,Rajgarh
2011-11-18,Wheat,Khilchipur,1020.0,1060.0,1040.0,Madhya Pradesh,Rajgarh
2011-11-19,Wheat,Khilchipur,1030.0,1065.0,1050.0,Madhya Pradesh,Rajgarh
2011-11-20,Wheat,Khilchipur,1035.0,1055.0,1050.0,Madhya Pradesh,Rajgarh
2011-11-22,Wheat,Khilchipur,1031.0,1068.0,1050.0,Madhya Pradesh,Rajgarh
2011-11-23,Wheat,Khilchipur,1037.0,1055.0,1050.0,Madhya Pradesh,Rajgarh
2011-11-24,Wheat,Khilchipur,1038.0,1055.0,1040.0,Madhya Pradesh,Rajgarh
2011-11-25,Wheat,Khilchipur,1038.0,1056.0,1050.0,Madhya Pradesh,Rajgarh
2011-11-26,Wheat,Khilchipur,1031.0,1056.0,1045.0,Madhya Pradesh,Rajgarh
2011-11-27,Wheat,Khilchipur,1030.0,1050.0,1040.0,Madhya Pradesh,Rajgarh
2011-11-29,Wheat,Khilchipur,1000.0,1025.0,1020.0,Madhya Pradesh,Rajgarh
2011-11-30,Wheat,Khilchipur,990.0,1015.0,1000.0,Madhya Pradesh,Rajgarh
2011-12-01,Wheat,Khilchipur,1000.0,1020.0,1010.0,Madhya Pradesh,Rajgarh
2011-12-02,Wheat,Khilchipur,999.0,1013.0,1000.0,Madhya Pradesh,Rajgarh
2011-12-03,Wheat,Khilchipur,1010.0,1035.0,1020.0,Madhya Pradesh,Rajgarh
2011-12-04,Wheat,Khilchipur,1000.0,1045.0,1020.0,Madhya Pradesh,Rajgarh
2011-12-07,Wheat,Khilchipur,1006.0,1025.0,1010.0,Madhya Pradesh,Rajgarh
2011-12-08,Wheat,Khilchipur,1005.0,1051.0,1040.0,Madhya Pradesh,Rajgarh
2011-12-10,Wheat,Khilchipur,1029.0,1051.0,1040.0,Madhya Pradesh,Rajgarh
2011-12-11,Wheat,Khilchipur,1030.0,1050.0,1040.0,Madhya Pradesh,Rajgarh
2011-12-13,Wheat,Khilchipur,1035.0,1050.0,1040.0,Madhya Pradesh,Rajgarh
2011-12-14,Wheat,Khilchipur,1036.0,1068.0,1040.0,Madhya Pradesh,Rajgarh
2011-12-15,Wheat,Khilchipur,1048.0,1082.0,1050.0,Madhya Pradesh,Rajgarh
2011-12-16,Wheat,Khilchipur,1060.0,1088.0,1070.0,Madhya Pradesh,Rajgarh
2011-12-18,Wheat,Khilchipur,1065.0,1096.0,1080.0,Madhya Pradesh,Rajgarh
2011-12-20,Wheat,Khilchipur,1060.0,1090.0,1070.0,Madhya Pradesh,Rajgarh
2011-12-21,Wheat,Khilchipur,1071.0,1085.0,1080.0,Madhya Pradesh,Rajgarh
2011-12-22,Wheat,Khilchipur,1057.0,1085.0,1070.0,Madhya Pradesh,Rajgarh
2011-12-23,Wheat,Khilchipur,1050.0,1095.0,1080.0,Madhya Pradesh,Rajgarh
2011-12-24,Wheat,Khilchipur,1070.0,1090.0,1080.0,Madhya Pradesh,Rajgarh
2011-12-25,Wheat,Khilchipur,1038.0,1095.0,1050.0,Madhya Pradesh,Rajgarh
2011-12-27,Wheat,Khilchipur,1080.0,1105.0,1090.0,Madhya Pradesh,Rajgarh
2011-12-28,Wheat,Khilchipur,1090.0,1110.0,1100.0,Madhya Pradesh,Rajgarh
2011-12-29,Wheat,Khilchipur,900.0,1111.0,1100.0,Madhya Pradesh,Rajgarh
2011-12-30,Wheat,Khilchipur,1108.0,1114.0,1110.0,Madhya Pradesh,Rajgarh
2012-01-01,Wheat,Khilchipur,1103.0,1107.0,1105.0,Madhya Pradesh,Rajgarh
2012-01-06,Wheat,Khilchipur,1125.0,1160.0,1150.0,Madhya Pradesh,Rajgarh
2012-01-07,Wheat,Khilchipur,1130.0,1190.0,1150.0,Madhya Pradesh,Rajgarh
2012-01-08,Wheat,Khilchipur,1125.0,1155.0,1140.0,Madhya Pradesh,Rajgarh
2012-01-10,Wheat,Khilchipur,1129.0,1160.0,1150.0,Madhya Pradesh,Rajgarh
2012-01-11,Wheat,Khilchipur,1140.0,1170.0,1150.0,Madhya Pradesh,Rajgarh
2012-01-12,Wheat,Khilchipur,1140.0,1175.0,1160.0,Madhya Pradesh,Rajgarh
2012-01-13,Wheat,Khilchipur,1158.0,1175.0,1160.0,Madhya Pradesh,Rajgarh
2012-01-14,Wheat,Khilchipur,1165.0,1180.0,1170.0,Madhya Pradesh,Rajgarh
2012-01-17,Wheat,Khilchipur,1111.0,1190.0,1160.0,Madhya Pradesh,Rajgarh
2012-01-18,Wheat,Khilchipur,1150.0,1183.0,1180.0,Madhya Pradesh,Rajgarh
2012-01-19,Wheat,Khilchipur,1150.0,1160.0,1155.0,Madhya Pradesh,Rajgarh
2012-01-20,Wheat,Khilchipur,1150.0,1160.0,1155.0,Madhya Pradesh,Rajgarh
2012-01-21,Wheat,Khilchipur,1154.0,1170.0,1160.0,Madhya Pradesh,Rajgarh
2012-01-22,Wheat,Khilchipur,1150.0,1162.0,1160.0,Madhya Pradesh,Rajgarh
2012-01-24,Wheat,Khilchipur,1150.0,1160.0,1155.0,Madhya Pradesh,Rajgarh
2012-01-25,Wheat,Khilchipur,1135.0,1150.0,1140.0,Madhya Pradesh,Rajgarh
2012-01-27,Wheat,Khilchipur,1135.0,1160.0,1150.0,Madhya Pradesh,Rajgarh
2012-01-29,Wheat,Khilchipur,1025.0,1156.0,1140.0,Madhya Pradesh,Rajgarh
2012-01-31,Wheat,Khilchipur,1011.0,1134.0,1120.0,Madhya Pradesh,Rajgarh
2012-02-01,Wheat,Khilchipur,1100.0,1129.0,1120.0,Madhya Pradesh,Rajgarh
2012-02-02,Wheat,Khilchipur,1116.0,1136.0,1120.0,Madhya Pradesh,Rajgarh
2012-02-03,Wheat,Khilchipur,1100.0,1131.0,1120.0,Madhya Pradesh,Rajgarh
2012-02-04,Wheat,Khilchipur,1105.0,1134.0,1120.0,Madhya Pradesh,Rajgarh
2012-02-05,Wheat,Khilchipur,1100.0,1135.0,1120.0,Madhya Pradesh,Rajgarh
2012-02-08,Wheat,Khilchipur,800.0,1175.0,1150.0,Madhya Pradesh,Rajgarh
2012-02-09,Wheat,Khilchipur,1110.0,1145.0,1140.0,Madhya Pradesh,Rajgarh
2012-02-11,Wheat,Khilchipur,1121.0,1158.0,1140.0,Madhya Pradesh,Rajgarh
2012-02-12,Wheat,Khilchipur,1100.0,1170.0,1140.0,Madhya Pradesh,Rajgarh
2012-02-13,Wheat,Khilchipur,1100.0,1170.0,1140.0,Madhya Pradesh,Rajgarh
2012-02-14,Wheat,Khilchipur,900.0,1187.0,1150.0,Madhya Pradesh,Rajgarh
2012-02-15,Wheat,Khilchipur,1050.0,1155.0,1130.0,Madhya Pradesh,Rajgarh
2012-02-16,Wheat,Khilchipur,1118.0,1154.0,1140.0,Madhya Pradesh,Rajgarh
2012-02-17,Wheat,Khilchipur,1093.0,1153.0,1140.0,Madhya Pradesh,Rajgarh
2012-02-18,Wheat,Khilchipur,1097.0,1167.0,1140.0,Madhya Pradesh,Rajgarh
2012-02-19,Wheat,Khilchipur,1110.0,1158.0,1130.0,Madhya Pradesh,Rajgarh
2012-02-22,Wheat,Khilchipur,1081.0,1162.0,1140.0,Madhya Pradesh,Rajgarh
2012-02-24,Wheat,Khilchipur,1115.0,1163.0,1150.0,Madhya Pradesh,Rajgarh
2012-02-25,Wheat,Khilchipur,1000.0,1159.0,1140.0,Madhya Pradesh,Rajgarh
2012-02-26,Wheat,Khilchipur,1100.0,1185.0,1150.0,Madhya Pradesh,Rajgarh
2012-02-29,Wheat,Khilchipur,1100.0,1160.0,1120.0,Madhya Pradesh,Rajgarh
2012-03-01,Wheat,Khilchipur,1091.0,1143.0,1120.0,Madhya Pradesh,Rajgarh
2012-03-02,Wheat,Khilchipur,1000.0,1132.0,1110.0,Madhya Pradesh,Rajgarh
2012-03-03,Wheat,Khilchipur,1100.0,1200.0,1150.0,Madhya Pradesh,Rajgarh
2012-03-04,Wheat,Khilchipur,1100.0,1140.0,1130.0,Madhya Pradesh,Rajgarh
2012-03-06,Wheat,Khilchipur,1100.0,1131.0,1120.0,Madhya Pradesh,Rajgarh
2012-03-09,Wheat,Khilchipur,975.0,1150.0,1120.0,Madhya Pradesh,Rajgarh
2012-03-10,Wheat,Khilchipur,1080.0,1136.0,1120.0,Madhya Pradesh,Rajgarh
2012-03-11,Wheat,Khilchipur,1090.0,1141.0,1130.0,Madhya Pradesh,Rajgarh
2012-03-13,Wheat,Khilchipur,1100.0,1141.0,1120.0,Madhya Pradesh,Rajgarh
2012-03-14,Wheat,Khilchipur,1100.0,1151.0,1120.0,Madhya Pradesh,Rajgarh
2012-03-15,Wheat,Khilchipur,1050.0,1385.0,1150.0,Madhya Pradesh,Rajgarh
2012-03-16,Wheat,Khilchipur,1126.0,1385.0,1160.0,Madhya Pradesh,Rajgarh
2012-03-17,Wheat,Khilchipur,1130.0,1385.0,1200.0,Madhya Pradesh,Rajgarh
2012-03-18,Wheat,Khilchipur,1125.0,1385.0,1150.0,Madhya Pradesh,Rajgarh
2012-03-20,Wheat,Khilchipur,1130.0,1385.0,1180.0,Madhya Pradesh,Rajgarh
2012-03-22,Wheat,Khilchipur,1120.0,1385.0,1150.0,Madhya Pradesh,Rajgarh
2012-03-23,Wheat,Khilchipur,1385.0,1385.0,1385.0,Madhya Pradesh,Rajgarh
2012-03-24,Wheat,Khilchipur,1385.0,1385.0,1385.0,Madhya Pradesh,Rajgarh
2012-03-25,Wheat,Khilchipur,1120.0,1385.0,1385.0,Madhya Pradesh,Rajgarh
2012-03-27,Wheat,Khilchipur,1110.0,1385.0,1180.0,Madhya Pradesh,Rajgarh
2012-03-28,Wheat,Khilchipur,1118.0,1385.0,1180.0,Madhya Pradesh,Rajgarh
2012-03-29,Wheat,Khilchipur,1110.0,1385.0,1385.0,Madhya Pradesh,Rajgarh
2012-03-30,Wheat,Khilchipur,1385.0,1385.0,1385.0,Madhya Pradesh,Rajgarh
2012-03-31,Wheat,Khilchipur,1385.0,1385.0,1385.0,Madhya Pradesh,Rajgarh
2012-04-03,Wheat,Khilchipur,1090.0,1385.0,1100.0,Madhya Pradesh,Rajgarh
2012-04-04,Wheat,Khilchipur,1100.0,1385.0,1385.0,Madhya Pradesh,Rajgarh
2012-04-05,Wheat,Khilchipur,1100.0,1385.0,1150.0,Madhya Pradesh,Rajgarh
2012-04-07,Wheat,Khilchipur,1100.0,1385.0,1150.0,Madhya Pradesh,Rajgarh
2012-04-08,Wheat,Khilchipur,1100.0,1385.0,1385.0,Madhya Pradesh,Rajgarh
2012-04-10,Wheat,Khilchipur,1385.0,1385.0,1385.0,Madhya Pradesh,Rajgarh
2012-04-12,Wheat,Khilchipur,1385.0,1385.0,1385.0,Madhya Pradesh,Rajgarh
2012-04-13,Wheat,Khilchipur,1385.0,1385.0,1385.0,Madhya Pradesh,Rajgarh
2012-04-14,Wheat,Khilchipur,1385.0,1385.0,1385.0,Madhya Pradesh,Rajgarh
2012-04-15,Wheat,Khilchipur,1100.0,1385.0,1385.0,Madhya Pradesh,Rajgarh
2012-04-17,Wheat,Khilchipur,1100.0,1385.0,1170.0,Madhya Pradesh,Rajgarh
2012-04-18,Wheat,Khilchipur,1090.0,1385.0,1385.0,Madhya Pradesh,Rajgarh
2012-04-19,Wheat,Khilchipur,1090.0,1385.0,1385.0,Madhya Pradesh,Rajgarh
2012-04-20,Wheat,Khilchipur,1100.0,1385.0,1385.0,Madhya Pradesh,Rajgarh
2012-04-21,Wheat,Khilchipur,1080.0,1385.0,1385.0,Madhya Pradesh,Rajgarh
2012-04-22,Wheat,Khilchipur,1075.0,1385.0,1200.0,Madhya Pradesh,Rajgarh
2012-04-25,Wheat,Khilchipur,1060.0,1100.0,1080.0,Madhya Pradesh,Rajgarh
2012-04-26,Wheat,Khilchipur,1090.0,1385.0,1160.0,Madhya Pradesh,Rajgarh
2012-04-27,Wheat,Khilchipur,1000.0,1385.0,1385.0,Madhya Pradesh,Rajgarh
2012-04-29,Wheat,Khilchipur,1000.0,1385.0,1385.0,Madhya Pradesh,Rajgarh
2012-05-01,Wheat,Khilchipur,1076.0,1385.0,1385.0,Madhya Pradesh,Rajgarh
2012-05-02,Wheat,Khilchipur,1117.0,1385.0,1160.0,Madhya Pradesh,Rajgarh
2012-05-03,Wheat,Khilchipur,1115.0,1385.0,1385.0,Madhya Pradesh,Rajgarh
2012-05-04,Wheat,Khilchipur,1100.0,1385.0,1385.0,Madhya Pradesh,Rajgarh
2012-05-05,Wheat,Khilchipur,1117.0,1385.0,1385.0,Madhya Pradesh,Rajgarh
2012-05-06,Wheat,Khilchipur,1147.0,1385.0,1200.0,Madhya Pradesh,Rajgarh
2012-05-08,Wheat,Khilchipur,1129.0,1385.0,1135.0,Madhya Pradesh,Rajgarh
2012-05-09,Wheat,Khilchipur,1119.0,1385.0,1180.0,Madhya Pradesh,Rajgarh
2012-05-10,Wheat,Khilchipur,1115.0,1385.0,1385.0,Madhya Pradesh,Rajgarh
2012-05-11,Wheat,Khilchipur,1100.0,1385.0,1385.0,Madhya Pradesh,Rajgarh
2012-05-12,Wheat,Khilchipur,1100.0,1385.0,1385.0,Madhya Pradesh,Rajgarh
2012-05-13,Wheat,Khilchipur,1120.0,1385.0,1385.0,Madhya Pradesh,Rajgarh
2012-05-15,Wheat,Khilchipur,1100.0,1385.0,1385.0,Madhya Pradesh,Rajgarh
2012-05-16,Wheat,Khilchipur,1119.0,1385.0,1385.0,Madhya Pradesh,Rajgarh
2012-05-17,Wheat,Khilchipur,1100.0,1385.0,1385.0,Madhya Pradesh,Rajgarh
2012-05-18,Wheat,Khilchipur,1110.0,1385.0,1385.0,Madhya Pradesh,Rajgarh
2012-05-19,Wheat,Khilchipur,1111.0,1385.0,1385.0,Madhya Pradesh,Rajgarh
2012-05-20,Wheat,Khilchipur,1120.0,1385.0,1385.0,Madhya Pradesh,Rajgarh
2012-05-22,Wheat,Khilchipur,1120.0,1385.0,1385.0,Madhya Pradesh,Rajgarh
2012-05-23,Wheat,Khilchipur,1125.0,1385.0,1385.0,Madhya Pradesh,Rajgarh
2012-05-24,Wheat,Khilchipur,1140.0,1385.0,1385.0,Madhya Pradesh,Rajgarh
2012-05-25,Wheat,Khilchipur,986.0,1385.0,1385.0,Madhya Pradesh,Rajgarh
2012-05-26,Wheat,Khilchipur,1175.0,1385.0,1385.0,Madhya Pradesh,Rajgarh
2012-05-27,Wheat,Khilchipur,1200.0,1385.0,1385.0,Madhya Pradesh,Rajgarh
2012-05-28,Wheat,Khilchipur,1120.0,1160.0,1140.0,Madhya Pradesh,Rajgarh
2012-05-29,Wheat,Khilchipur,1120.0,1385.0,1385.0,Madhya Pradesh,Rajgarh
2012-05-30,Wheat,Khilchipur,1120.0,1385.0,1385.0,Madhya Pradesh,Rajgarh
2012-05-31,Wheat,Khilchipur,1100.0,1385.0,1385.0,Madhya Pradesh,Rajgarh
2012-06-01,Wheat,Khilchipur,1109.0,1141.0,1120.0,Madhya Pradesh,Rajgarh
2012-06-02,Wheat,Khilchipur,1110.0,1130.0,1120.0,Madhya Pradesh,Rajgarh
2012-06-03,Wheat,Khilchipur,1125.0,1135.0,1130.0,Madhya Pradesh,Rajgarh
2012-06-05,Wheat,Khilchipur,1130.0,1155.0,1150.0,Madhya Pradesh,Rajgarh
2012-06-07,Wheat,Khilchipur,1115.0,1123.0,1120.0,Madhya Pradesh,Rajgarh
2012-06-08,Wheat,Khilchipur,1110.0,1125.0,1120.0,Madhya Pradesh,Rajgarh
2012-06-09,Wheat,Khilchipur,1111.0,1235.0,1130.0,Madhya Pradesh,Rajgarh
2012-06-10,Wheat,Khilchipur,1105.0,1130.0,1115.0,Madhya Pradesh,Rajgarh
2012-06-12,Wheat,Khilchipur,1105.0,1120.0,1110.0,Madhya Pradesh,Rajgarh
2012-06-13,Wheat,Khilchipur,1090.0,1148.0,1100.0,Madhya Pradesh,Rajgarh
2012-06-14,Wheat,Khilchipur,1090.0,1120.0,1100.0,Madhya Pradesh,Rajgarh
2012-06-15,Wheat,Khilchipur,1107.0,1150.0,1120.0,Madhya Pradesh,Rajgarh
2012-06-16,Wheat,Khilchipur,1109.0,1130.0,1120.0,Madhya Pradesh,Rajgarh
2012-06-17,Wheat,Khilchipur,1110.0,1160.0,1140.0,Madhya Pradesh,Rajgarh
2012-06-19,Wheat,Khilchipur,1111.0,1120.0,1115.0,Madhya Pradesh,Rajgarh
2012-06-20,Wheat,Khilchipur,1104.0,1110.0,1105.0,Madhya Pradesh,Rajgarh
2012-06-21,Wheat,Khilchipur,1085.0,1110.0,1100.0,Madhya Pradesh,Rajgarh
2012-06-22,Wheat,Khilchipur,1083.0,1142.0,1120.0,Madhya Pradesh,Rajgarh
2012-06-23,Wheat,Khilchipur,1094.0,1115.0,1100.0,Madhya Pradesh,Rajgarh
2012-06-24,Wheat,Khilchipur,1094.0,1141.0,1120.0,Madhya Pradesh,Rajgarh
2012-06-26,Wheat,Khilchipur,1100.0,1151.0,1130.0,Madhya Pradesh,Rajgarh
2012-06-27,Wheat,Khilchipur,1107.0,1130.0,1120.0,Madhya Pradesh,Rajgarh
2012-06-28,Wheat,Khilchipur,1110.0,1165.0,1120.0,Madhya Pradesh,Rajgarh
2012-06-29,Wheat,Khilchipur,1120.0,1150.0,1140.0,Madhya Pradesh,Rajgarh
2012-06-30,Wheat,Khilchipur,1120.0,1170.0,1150.0,Madhya Pradesh,Rajgarh
2012-07-01,Wheat,Khilchipur,1112.0,1176.0,1150.0,Madhya Pradesh,Rajgarh
2012-07-03,Wheat,Khilchipur,1120.0,1136.0,1130.0,Madhya Pradesh,Rajgarh
2012-07-04,Wheat,Khilchipur,1139.0,1154.0,1140.0,Madhya Pradesh,Rajgarh
2012-07-05,Wheat,Khilchipur,1120.0,1166.0,1150.0,Madhya Pradesh,Rajgarh
2012-07-06,Wheat,Khilchipur,1150.0,1165.0,1160.0,Madhya Pradesh,Rajgarh
2012-07-10,Wheat,Khilchipur,1236.0,1245.0,1240.0,Madhya Pradesh,Rajgarh
2012-07-11,Wheat,Khilchipur,1180.0,1220.0,1200.0,Madhya Pradesh,Rajgarh
2012-07-12,Wheat,Khilchipur,1269.0,1300.0,1290.0,Madhya Pradesh,Rajgarh
2012-07-13,Wheat,Khilchipur,1297.0,1327.0,1320.0,Madhya Pradesh,Rajgarh
2012-07-14,Wheat,Khilchipur,1332.0,1341.0,1336.0,Madhya Pradesh,Rajgarh
2012-07-15,Wheat,Khilchipur,1170.0,1304.0,1290.0,Madhya Pradesh,Rajgarh
2012-07-17,Wheat,Khilchipur,1250.0,1290.0,1280.0,Madhya Pradesh,Rajgarh
2012-07-18,Wheat,Khilchipur,1290.0,1327.0,1310.0,Madhya Pradesh,Rajgarh
2012-07-20,Wheat,Khilchipur,1350.0,1400.0,1380.0,Madhya Pradesh,Rajgarh
2012-07-21,Wheat,Khilchipur,1411.0,1428.0,1420.0,Madhya Pradesh,Rajgarh
2012-07-22,Wheat,Khilchipur,1418.0,1426.0,1420.0,Madhya Pradesh,Rajgarh
2012-07-24,Wheat,Khilchipur,1405.0,1420.0,1410.0,Madhya Pradesh,Rajgarh
2012-07-25,Wheat,Khilchipur,1380.0,1392.0,1390.0,Madhya Pradesh,Rajgarh
2012-07-26,Wheat,Khilchipur,1385.0,1390.0,1389.0,Madhya Pradesh,Rajgarh
2012-07-27,Wheat,Khilchipur,1250.0,1386.0,1350.0,Madhya Pradesh,Rajgarh
2012-07-28,Wheat,Khilchipur,1380.0,1395.0,1390.0,Madhya Pradesh,Rajgarh
2012-07-29,Wheat,Khilchipur,1422.0,1436.0,1430.0,Madhya Pradesh,Rajgarh
2012-07-31,Wheat,Khilchipur,1430.0,1440.0,1430.0,Madhya Pradesh,Rajgarh
2012-08-01,Wheat,Khilchipur,1429.0,1436.0,1430.0,Madhya Pradesh,Rajgarh
2012-08-03,Wheat,Khilchipur,1411.0,1451.0,1420.0,Madhya Pradesh,Rajgarh
2012-08-04,Wheat,Khilchipur,1430.0,1436.0,1435.0,Madhya Pradesh,Rajgarh
2012-08-05,Wheat,Khilchipur,1422.0,1444.0,1430.0,Madhya Pradesh,Rajgarh
2012-08-07,Wheat,Khilchipur,1450.0,1450.0,1450.0,Madhya Pradesh,Rajgarh
2012-08-08,Wheat,Khilchipur,1150.0,1445.0,1400.0,Madhya Pradesh,Rajgarh
2012-08-09,Wheat,Khilchipur,1400.0,1450.0,1430.0,Madhya Pradesh,Rajgarh
2012-08-12,Wheat,Khilchipur,1381.0,1395.0,1390.0,Madhya Pradesh,Rajgarh
2012-08-14,Wheat,Khilchipur,1350.0,1403.0,1400.0,Madhya Pradesh,Rajgarh
2012-08-16,Wheat,Khilchipur,1417.0,1430.0,1420.0,Madhya Pradesh,Rajgarh
2012-08-17,Wheat,Khilchipur,1400.0,1429.0,1420.0,Madhya Pradesh,Rajgarh
2012-08-18,Wheat,Khilchipur,1430.0,1440.0,1435.0,Madhya Pradesh,Rajgarh
2012-08-19,Wheat,Khilchipur,1420.0,1446.0,1430.0,Madhya Pradesh,Rajgarh
2012-08-21,Wheat,Khilchipur,1420.0,1475.0,1450.0,Madhya Pradesh,Rajgarh
2012-08-22,Wheat,Khilchipur,1480.0,1495.0,1490.0,Madhya Pradesh,Rajgarh
2012-08-23,Wheat,Khilchipur,1547.0,1575.0,1560.0,Madhya Pradesh,Rajgarh
2012-08-24,Wheat,Khilchipur,1560.0,1574.0,1570.0,Madhya Pradesh,Rajgarh
2012-08-25,Wheat,Khilchipur,1535.0,1544.0,1540.0,Madhya Pradesh,Rajgarh
2012-12-01,Wheat,Khilchipur,1400.0,1470.0,1450.0,Madhya Pradesh,Rajgarh
2012-12-02,Wheat,Khilchipur,1420.0,1460.0,1450.0,Madhya Pradesh,Rajgarh
2012-12-06,Wheat,Khilchipur,1434.0,1490.0,1470.0,Madhya Pradesh,Rajgarh
2012-12-07,Wheat,Khilchipur,1476.0,1490.0,1480.0,Madhya Pradesh,Rajgarh
2012-12-08,Wheat,Khilchipur,1470.0,1500.0,1480.0,Madhya Pradesh,Rajgarh
2012-12-09,Wheat,Khilchipur,1474.0,1481.0,1480.0,Madhya Pradesh,Rajgarh
2012-12-11,Wheat,Khilchipur,1455.0,1490.0,1480.0,Madhya Pradesh,Rajgarh
2012-12-12,Wheat,Khilchipur,1450.0,1470.0,1460.0,Madhya Pradesh,Rajgarh
2012-12-13,Wheat,Khilchipur,1454.0,1470.0,1460.0,Madhya Pradesh,Rajgarh
2012-12-14,Wheat,Khilchipur,1456.0,1480.0,1460.0,Madhya Pradesh,Rajgarh
2012-12-15,Wheat,Khilchipur,1450.0,1470.0,1460.0,Madhya Pradesh,Rajgarh
2012-12-16,Wheat,Khilchipur,1425.0,1480.0,1450.0,Madhya Pradesh,Rajgarh
2012-12-18,Wheat,Khilchipur,1450.0,1480.0,1460.0,Madhya Pradesh,Rajgarh
2012-12-19,Wheat,Khilchipur,1450.0,1890.0,1460.0,Madhya Pradesh,Rajgarh
2012-12-22,Wheat,Khilchipur,1460.0,1480.0,1470.0,Madhya Pradesh,Rajgarh
2012-12-23,Wheat,Khilchipur,1465.0,1480.0,1470.0,Madhya Pradesh,Rajgarh
2012-12-26,Wheat,Khilchipur,1450.0,1490.0,1460.0,Madhya Pradesh,Rajgarh
2012-12-27,Wheat,Khilchipur,1484.0,1506.0,1500.0,Madhya Pradesh,Rajgarh
2012-12-28,Wheat,Khilchipur,1428.0,1490.0,1450.0,Madhya Pradesh,Rajgarh
2012-12-29,Wheat,Khilchipur,1490.0,1505.0,1500.0,Madhya Pradesh,Rajgarh
2012-12-30,Wheat,Khilchipur,1490.0,1510.0,1500.0,Madhya Pradesh,Rajgarh
2013-01-01,Wheat,Khilchipur,1488.0,1505.0,1490.0,Madhya Pradesh,Rajgarh
2013-01-02,Wheat,Khilchipur,1490.0,1500.0,1495.0,Madhya Pradesh,Rajgarh
2013-01-03,Wheat,Khilchipur,1485.0,1500.0,1490.0,Madhya Pradesh,Rajgarh
2013-01-04,Wheat,Khilchipur,1490.0,1511.0,1500.0,Madhya Pradesh,Rajgarh
2013-01-05,Wheat,Khilchipur,1490.0,1500.0,1495.0,Madhya Pradesh,Rajgarh
2013-01-06,Wheat,Khilchipur,1480.0,1500.0,1490.0,Madhya Pradesh,Rajgarh
2013-01-08,Wheat,Khilchipur,1480.0,1500.0,1490.0,Madhya Pradesh,Rajgarh
2013-01-09,Wheat,Khilchipur,1460.0,1475.0,1470.0,Madhya Pradesh,Rajgarh
2013-01-11,Wheat,Khilchipur,1465.0,1471.0,1470.0,Madhya Pradesh,Rajgarh
2013-01-13,Wheat,Khilchipur,1459.0,1475.0,1460.0,Madhya Pradesh,Rajgarh
2013-01-16,Wheat,Khilchipur,1470.0,1490.0,1480.0,Madhya Pradesh,Rajgarh
2013-01-17,Wheat,Khilchipur,1469.0,1486.0,1480.0,Madhya Pradesh,Rajgarh
2013-01-18,Wheat,Khilchipur,1460.0,1480.0,1470.0,Madhya Pradesh,Rajgarh
2013-01-19,Wheat,Khilchipur,1470.0,1488.0,1480.0,Madhya Pradesh,Rajgarh
2013-01-20,Wheat,Khilchipur,1475.0,1490.0,1480.0,Madhya Pradesh,Rajgarh
2013-01-22,Wheat,Khilchipur,1497.0,1502.0,1500.0,Madhya Pradesh,Rajgarh
2013-01-23,Wheat,Khilchipur,1495.0,1503.0,1500.0,Madhya Pradesh,Rajgarh
2013-01-24,Wheat,Khilchipur,1492.0,1520.0,1500.0,Madhya Pradesh,Rajgarh
2013-01-25,Wheat,Khilchipur,1486.0,1502.0,1500.0,Madhya Pradesh,Rajgarh
2013-01-27,Wheat,Khilchipur,1500.0,1515.0,1510.0,Madhya Pradesh,Rajgarh
2013-01-29,Wheat,Khilchipur,1500.0,1525.0,1520.0,Madhya Pradesh,Rajgarh
2013-01-30,Wheat,Khilchipur,1290.0,1525.0,1520.0,Madhya Pradesh,Rajgarh
2013-01-31,Wheat,Khilchipur,1510.0,1525.0,1520.0,Madhya Pradesh,Rajgarh
2013-02-01,Wheat,Khilchipur,1498.0,1514.0,1510.0,Madhya Pradesh,Rajgarh
2013-02-03,Wheat,Khilchipur,1470.0,1496.0,1490.0,Madhya Pradesh,Rajgarh
2013-02-05,Wheat,Khilchipur,1428.0,1500.0,1490.0,Madhya Pradesh,Rajgarh
2013-02-06,Wheat,Khilchipur,1450.0,1511.0,1500.0,Madhya Pradesh,Rajgarh
2013-02-07,Wheat,Khilchipur,1492.0,1518.0,1500.0,Madhya Pradesh,Rajgarh
2013-02-08,Wheat,Khilchipur,1490.0,1510.0,1500.0,Madhya Pradesh,Rajgarh
2013-02-09,Wheat,Khilchipur,1500.0,1510.0,1505.0,Madhya Pradesh,Rajgarh
2013-02-10,Wheat,Khilchipur,1428.0,1500.0,1490.0,Madhya Pradesh,Rajgarh
2013-02-12,Wheat,Khilchipur,1437.0,1500.0,1490.0,Madhya Pradesh,Rajgarh
2013-02-13,Wheat,Khilchipur,1435.0,1499.0,1490.0,Madhya Pradesh,Rajgarh
2013-02-14,Wheat,Khilchipur,1275.0,1498.0,1480.0,Madhya Pradesh,Rajgarh
2013-02-16,Wheat,Khilchipur,1265.0,1299.0,1280.0,Madhya Pradesh,Rajgarh
2013-02-17,Wheat,Khilchipur,1423.0,1499.0,1480.0,Madhya Pradesh,Rajgarh
2013-02-19,Wheat,Khilchipur,1466.0,1494.0,1480.0,Madhya Pradesh,Rajgarh
2013-02-20,Wheat,Khilchipur,1398.0,1500.0,1490.0,Madhya Pradesh,Rajgarh
2013-02-21,Wheat,Khilchipur,1456.0,1547.0,1500.0,Madhya Pradesh,Rajgarh
2013-02-22,Wheat,Khilchipur,1398.0,1500.0,1480.0,Madhya Pradesh,Rajgarh
2013-02-23,Wheat,Khilchipur,1427.0,1500.0,1480.0,Madhya Pradesh,Rajgarh
2013-02-24,Wheat,Khilchipur,1377.0,1470.0,1450.0,Madhya Pradesh,Rajgarh
2013-02-26,Wheat,Khilchipur,1350.0,1460.0,1440.0,Madhya Pradesh,Rajgarh
2013-02-27,Wheat,Khilchipur,1350.0,1458.0,1390.0,Madhya Pradesh,Rajgarh
2013-02-28,Wheat,Khilchipur,1295.0,1380.0,1350.0,Madhya Pradesh,Rajgarh
2013-03-01,Wheat,Khilchipur,1300.0,1395.0,1320.0,Madhya Pradesh,Rajgarh
2013-03-02,Wheat,Khilchipur,1290.0,1360.0,1320.0,Madhya Pradesh,Rajgarh
2013-03-03,Wheat,Khilchipur,1300.0,1370.0,1350.0,Madhya Pradesh,Rajgarh
2013-03-05,Wheat,Khilchipur,1312.0,1360.0,1340.0,Madhya Pradesh,Rajgarh
2013-03-06,Wheat,Khilchipur,1320.0,1365.0,1350.0,Madhya Pradesh,Rajgarh
2013-03-07,Wheat,Khilchipur,1320.0,1385.0,1350.0,Madhya Pradesh,Rajgarh
2013-03-08,Wheat,Khilchipur,1310.0,1400.0,1350.0,Madhya Pradesh,Rajgarh
2013-03-09,Wheat,Khilchipur,1350.0,1415.0,1380.0,Madhya Pradesh,Rajgarh
2013-03-12,Wheat,Khilchipur,1290.0,1400.0,1350.0,Madhya Pradesh,Rajgarh
2013-03-13,Wheat,Khilchipur,1340.0,1395.0,1350.0,Madhya Pradesh,Rajgarh
2013-03-14,Wheat,Khilchipur,1320.0,1420.0,1390.0,Madhya Pradesh,Rajgarh
2013-03-15,Wheat,Khilchipur,1340.0,1425.0,1390.0,Madhya Pradesh,Rajgarh
2013-03-17,Wheat,Khilchipur,1360.0,1500.0,1400.0,Madhya Pradesh,Rajgarh
2013-03-19,Wheat,Khilchipur,1391.0,1500.0,1420.0,Madhya Pradesh,Rajgarh
2013-03-20,Wheat,Khilchipur,1450.0,1500.0,1490.0,Madhya Pradesh,Rajgarh
2013-03-21,Wheat,Khilchipur,1400.0,1521.0,1500.0,Madhya Pradesh,Rajgarh
2013-03-22,Wheat,Khilchipur,1330.0,1500.0,1500.0,Madhya Pradesh,Rajgarh
2013-03-23,Wheat,Khilchipur,1250.0,1500.0,1350.0,Madhya Pradesh,Rajgarh
2013-03-24,Wheat,Khilchipur,1270.0,1500.0,1400.0,Madhya Pradesh,Rajgarh
2014-01-02,Wheat,Khilchipur,1620.0,1640.0,1630.0,Madhya Pradesh,Rajgarh
2014-01-03,Wheat,Khilchipur,1630.0,1640.0,1630.0,Madhya Pradesh,Rajgarh
2014-01-04,Wheat,Khilchipur,1631.0,1646.0,1640.0,Madhya Pradesh,Rajgarh
2014-01-05,Wheat,Khilchipur,1650.0,1675.0,1660.0,Madhya Pradesh,Rajgarh
2014-01-07,Wheat,Khilchipur,1495.0,1660.0,1650.0,Madhya Pradesh,Rajgarh
2014-01-08,Wheat,Khilchipur,1630.0,1670.0,1650.0,Madhya Pradesh,Rajgarh
2014-01-09,Wheat,Khilchipur,1650.0,1725.0,1680.0,Madhya Pradesh,Rajgarh
2014-01-10,Wheat,Khilchipur,1673.0,1694.0,1680.0,Madhya Pradesh,Rajgarh
2014-01-11,Wheat,Khilchipur,1670.0,1690.0,1680.0,Madhya Pradesh,Rajgarh
2014-01-12,Wheat,Khilchipur,1670.0,1685.0,1680.0,Madhya Pradesh,Rajgarh
2014-01-15,Wheat,Khilchipur,1670.0,1685.0,1680.0,Madhya Pradesh,Rajgarh
2014-01-16,Wheat,Khilchipur,1550.0,1695.0,1680.0,Madhya Pradesh,Rajgarh
2014-01-17,Wheat,Khilchipur,1670.0,1690.0,1680.0,Madhya Pradesh,Rajgarh
2014-01-18,Wheat,Khilchipur,1680.0,1700.0,1690.0,Madhya Pradesh,Rajgarh
2014-01-19,Wheat,Khilchipur,1670.0,1700.0,1680.0,Madhya Pradesh,Rajgarh
2014-01-21,Wheat,Khilchipur,1650.0,1690.0,1680.0,Madhya Pradesh,Rajgarh
2014-01-23,Wheat,Khilchipur,1525.0,1691.0,1650.0,Madhya Pradesh,Rajgarh
2014-01-28,Wheat,Khilchipur,1615.0,1665.0,1620.0,Madhya Pradesh,Rajgarh
2014-01-29,Wheat,Khilchipur,1490.0,1680.0,1650.0,Madhya Pradesh,Rajgarh
2014-01-30,Wheat,Khilchipur,1629.0,1670.0,1660.0,Madhya Pradesh,Rajgarh
2014-01-31,Wheat,Khilchipur,1618.0,1670.0,1650.0,Madhya Pradesh,Rajgarh
2014-03-20,Wheat,Khilchipur,1300.0,1440.0,1400.0,Madhya Pradesh,Rajgarh
2014-03-22,Wheat,Khilchipur,1350.0,1440.0,1400.0,Madhya Pradesh,Rajgarh
2014-03-23,Wheat,Khilchipur,1360.0,1440.0,1390.0,Madhya Pradesh,Rajgarh
2014-03-25,Wheat,Khilchipur,1350.0,1550.0,1390.0,Madhya Pradesh,Rajgarh
2014-07-18,Wheat,Khilchipur,1520.0,1550.0,1530.0,Madhya Pradesh,Rajgarh
2014-08-01,Wheat,Khilchipur,1400.0,1450.0,1430.0,Madhya Pradesh,Rajgarh
2014-08-02,Wheat,Khilchipur,1430.0,1450.0,1440.0,Madhya Pradesh,Rajgarh
2014-10-01,Wheat,Khilchipur,1390.0,14200.0,1400.0,Madhya Pradesh,Rajgarh
2014-10-04,Wheat,Khilchipur,1398.0,1400.0,1400.0,Madhya Pradesh,Rajgarh
2014-10-05,Wheat,Khilchipur,1400.0,1420.0,1410.0,Madhya Pradesh,Rajgarh
2014-10-07,Wheat,Khilchipur,1397.0,1414.0,1400.0,Madhya Pradesh,Rajgarh
2014-10-09,Wheat,Khilchipur,1380.0,1425.0,1400.0,Madhya Pradesh,Rajgarh
2014-10-10,Wheat,Khilchipur,1380.0,1410.0,1400.0,Madhya Pradesh,Rajgarh
2014-10-11,Wheat,Khilchipur,1390.0,1420.0,1400.0,Madhya Pradesh,Rajgarh
2014-10-12,Wheat,Khilchipur,1300.0,1425.0,1400.0,Madhya Pradesh,Rajgarh
2014-10-14,Wheat,Khilchipur,1380.0,1410.0,1400.0,Madhya Pradesh,Rajgarh
2014-10-16,Wheat,Khilchipur,1380.0,1425.0,1400.0,Madhya Pradesh,Rajgarh
2014-10-17,Wheat,Khilchipur,1380.0,1425.0,1400.0,Madhya Pradesh,Rajgarh
2014-10-18,Wheat,Khilchipur,1390.0,1415.0,1400.0,Madhya Pradesh,Rajgarh
2014-10-19,Wheat,Khilchipur,1380.0,1410.0,1400.0,Madhya Pradesh,Rajgarh
2014-11-05,Wheat,Khilchipur,1400.0,1420.0,1410.0,Madhya Pradesh,Rajgarh
2014-11-11,Wheat,Khilchipur,1420.0,1440.0,1430.0,Madhya Pradesh,Rajgarh
2014-11-12,Wheat,Khilchipur,1400.0,1450.0,1430.0,Madhya Pradesh,Rajgarh
2014-11-13,Wheat,Khilchipur,1410.0,1440.0,1420.0,Madhya Pradesh,Rajgarh
2014-11-14,Wheat,Khilchipur,1420.0,1450.0,1430.0,Madhya Pradesh,Rajgarh
2014-11-15,Wheat,Khilchipur,1410.0,1440.0,1420.0,Madhya Pradesh,Rajgarh
2014-11-16,Wheat,Khilchipur,1420.0,1450.0,1430.0,Madhya Pradesh,Rajgarh
2014-11-18,Wheat,Khilchipur,1430.0,1450.0,1440.0,Madhya Pradesh,Rajgarh
2014-12-07,Wheat,Khilchipur,1400.0,1450.0,1430.0,Madhya Pradesh,Rajgarh
2014-12-09,Wheat,Khilchipur,1400.0,1450.0,1420.0,Madhya Pradesh,Rajgarh
2014-12-10,Wheat,Khilchipur,1400.0,1460.0,1440.0,Madhya Pradesh,Rajgarh
2014-12-11,Wheat,Khilchipur,1400.0,1460.0,1450.0,Madhya Pradesh,Rajgarh
2014-12-12,Wheat,Khilchipur,1420.0,1470.0,1450.0,Madhya Pradesh,Rajgarh
2014-12-13,Wheat,Khilchipur,1430.0,1500.0,1480.0,Madhya Pradesh,Rajgarh
2014-12-14,Wheat,Khilchipur,1420.0,1470.0,1450.0,Madhya Pradesh,Rajgarh
2014-12-16,Wheat,Khilchipur,1400.0,1480.0,1450.0,Madhya Pradesh,Rajgarh
2014-12-17,Wheat,Khilchipur,1450.0,1500.0,1460.0,Madhya Pradesh,Rajgarh
2014-12-18,Wheat,Khilchipur,1450.0,1520.0,1500.0,Madhya Pradesh,Rajgarh
2014-12-19,Wheat,Khilchipur,1450.0,1510.0,1500.0,Madhya Pradesh,Rajgarh
2014-12-20,Wheat,Khilchipur,1450.0,1510.0,1490.0,Madhya Pradesh,Rajgarh
2014-12-21,Wheat,Khilchipur,1450.0,1510.0,1490.0,Madhya Pradesh,Rajgarh
2014-12-23,Wheat,Khilchipur,1450.0,1500.0,1490.0,Madhya Pradesh,Rajgarh
2014-12-24,Wheat,Khilchipur,1500.0,1550.0,1540.0,Madhya Pradesh,Rajgarh
2014-12-25,Wheat,Khilchipur,1500.0,1550.0,1530.0,Madhya Pradesh,Rajgarh
2014-12-26,Wheat,Khilchipur,1500.0,1540.0,1520.0,Madhya Pradesh,Rajgarh
2014-12-27,Wheat,Khilchipur,1500.0,1550.0,1520.0,Madhya Pradesh,Rajgarh
2014-12-28,Wheat,Khilchipur,1500.0,1540.0,1510.0,Madhya Pradesh,Rajgarh
2014-12-30,Wheat,Khilchipur,1540.0,1573.0,1550.0,Madhya Pradesh,Rajgarh
2015-01-03,Wheat,Khilchipur,1450.0,1570.0,1550.0,Madhya Pradesh,Rajgarh
2015-01-04,Wheat,Khilchipur,1450.0,1560.0,1540.0,Madhya Pradesh,Rajgarh
2015-01-06,Wheat,Khilchipur,1500.0,1560.0,1540.0,Madhya Pradesh,Rajgarh
2015-02-12,Wheat,Khilchipur,1420.0,1490.0,1450.0,Madhya Pradesh,Rajgarh
2015-02-13,Wheat,Khilchipur,1450.0,1470.0,1460.0,Madhya Pradesh,Rajgarh
2015-02-14,Wheat,Khilchipur,1420.0,1470.0,1450.0,Madhya Pradesh,Rajgarh
2015-02-15,Wheat,Khilchipur,1410.0,1470.0,1450.0,Madhya Pradesh,Rajgarh
2015-02-18,Wheat,Khilchipur,1430.0,1460.0,1450.0,Madhya Pradesh,Rajgarh
2015-02-20,Wheat,Khilchipur,1400.0,1460.0,1450.0,Madhya Pradesh,Rajgarh
2015-02-26,Wheat,Khilchipur,1400.0,1430.0,1420.0,Madhya Pradesh,Rajgarh
2015-02-27,Wheat,Khilchipur,1380.0,1410.0,1400.0,Madhya Pradesh,Rajgarh
2015-03-01,Wheat,Khilchipur,1370.0,1400.0,1380.0,Madhya Pradesh,Rajgarh
2015-03-02,Wheat,Khilchipur,1380.0,1400.0,1390.0,Madhya Pradesh,Rajgarh
2015-03-03,Wheat,Khilchipur,1350.0,1400.0,1370.0,Madhya Pradesh,Rajgarh
2015-03-04,Wheat,Khilchipur,1350.0,1420.0,1390.0,Madhya Pradesh,Rajgarh
2015-03-05,Wheat,Khilchipur,1380.0,1410.0,1400.0,Madhya Pradesh,Rajgarh
2015-03-06,Wheat,Khilchipur,1350.0,1410.0,1400.0,Madhya Pradesh,Rajgarh
2015-03-07,Wheat,Khilchipur,1210.0,1410.0,1370.0,Madhya Pradesh,Rajgarh
2015-03-08,Wheat,Khilchipur,1300.0,1410.0,1400.0,Madhya Pradesh,Rajgarh
2015-03-11,Wheat,Khilchipur,1300.0,1400.0,1380.0,Madhya Pradesh,Rajgarh
2015-03-18,Wheat,Khilchipur,1100.0,1400.0,1350.0,Madhya Pradesh,Rajgarh
2015-03-19,Wheat,Khilchipur,1200.0,1400.0,1350.0,Madhya Pradesh,Rajgarh
2015-03-20,Wheat,Khilchipur,1250.0,1410.0,1350.0,Madhya Pradesh,Rajgarh
2015-03-22,Wheat,Khilchipur,1100.0,1420.0,1300.0,Madhya Pradesh,Rajgarh
2015-03-24,Wheat,Khilchipur,1200.0,1420.0,1350.0,Madhya Pradesh,Rajgarh
2015-03-25,Wheat,Khilchipur,1250.0,1450.0,1350.0,Madhya Pradesh,Rajgarh
2015-03-26,Wheat,Khilchipur,1200.0,1450.0,1350.0,Madhya Pradesh,Rajgarh
2015-03-27,Wheat,Khilchipur,1450.0,1450.0,1450.0,Madhya Pradesh,Rajgarh
2015-03-29,Wheat,Khilchipur,1450.0,1450.0,1450.0,Madhya Pradesh,Rajgarh
2015-03-31,Wheat,Khilchipur,1450.0,1450.0,1450.0,Madhya Pradesh,Rajgarh
2015-04-01,Wheat,Khilchipur,1450.0,1450.0,1450.0,Madhya Pradesh,Rajgarh
2015-04-02,Wheat,Khilchipur,1450.0,1450.0,1450.0,Madhya Pradesh,Rajgarh
2015-04-03,Wheat,Khilchipur,1200.0,1450.0,1350.0,Madhya Pradesh,Rajgarh
2015-04-04,Wheat,Khilchipur,1200.0,1450.0,1350.0,Madhya Pradesh,Rajgarh
2015-04-05,Wheat,Khilchipur,1200.0,1450.0,1350.0,Madhya Pradesh,Rajgarh
2015-04-07,Wheat,Khilchipur,1200.0,1450.0,1350.0,Madhya Pradesh,Rajgarh
2015-04-08,Wheat,Khilchipur,1200.0,1450.0,1350.0,Madhya Pradesh,Rajgarh
2015-04-09,Wheat,Khilchipur,1200.0,1450.0,1350.0,Madhya Pradesh,Rajgarh
2015-04-10,Wheat,Khilchipur,1150.0,1450.0,1450.0,Madhya Pradesh,Rajgarh
2015-04-11,Wheat,Khilchipur,1200.0,1450.0,1450.0,Madhya Pradesh,Rajgarh
2015-04-12,Wheat,Khilchipur,1450.0,1450.0,1450.0,Madhya Pradesh,Rajgarh
2015-04-14,Wheat,Khilchipur,1450.0,1450.0,1450.0,Madhya Pradesh,Rajgarh
2015-04-15,Wheat,Khilchipur,1180.0,1450.0,1450.0,Madhya Pradesh,Rajgarh
2015-04-16,Wheat,Khilchipur,1180.0,1450.0,1450.0,Madhya Pradesh,Rajgarh
2015-04-17,Wheat,Khilchipur,1200.0,1450.0,1450.0,Madhya Pradesh,Rajgarh
2015-04-18,Wheat,Khilchipur,1200.0,1450.0,1450.0,Madhya Pradesh,Rajgarh
2015-04-19,Wheat,Khilchipur,1200.0,1450.0,1450.0,Madhya Pradesh,Rajgarh
2015-04-20,Wheat,Khilchipur,1450.0,1450.0,1450.0,Madhya Pradesh,Rajgarh
2015-04-21,Wheat,Khilchipur,1450.0,1450.0,1450.0,Madhya Pradesh,Rajgarh
2015-04-22,Wheat,Khilchipur,1200.0,1450.0,1450.0,Madhya Pradesh,Rajgarh
2015-04-24,Wheat,Khilchipur,1200.0,1450.0,1450.0,Madhya Pradesh,Rajgarh
2015-04-25,Wheat,Khilchipur,1200.0,1450.0,1450.0,Madhya Pradesh,Rajgarh
2015-04-26,Wheat,Khilchipur,1200.0,1450.0,1450.0,Madhya Pradesh,Rajgarh
2015-04-28,Wheat,Khilchipur,1300.0,1450.0,1450.0,Madhya Pradesh,Rajgarh
2015-04-29,Wheat,Khilchipur,1270.0,1450.0,1450.0,Madhya Pradesh,Rajgarh
2015-04-30,Wheat,Khilchipur,1300.0,1450.0,1450.0,Madhya Pradesh,Rajgarh
2015-05-01,Wheat,Khilchipur,1350.0,1450.0,1450.0,Madhya Pradesh,Rajgarh
2015-05-02,Wheat,Khilchipur,1300.0,1450.0,1450.0,Madhya Pradesh,Rajgarh
2015-05-03,Wheat,Khilchipur,1450.0,1450.0,1450.0,Madhya Pradesh,Rajgarh
2015-05-05,Wheat,Khilchipur,1300.0,1450.0,1450.0,Madhya Pradesh,Rajgarh
2015-05-06,Wheat,Khilchipur,1250.0,1450.0,1450.0,Madhya Pradesh,Rajgarh
2015-05-07,Wheat,Khilchipur,1200.0,1450.0,1450.0,Madhya Pradesh,Rajgarh
2015-05-08,Wheat,Khilchipur,1300.0,1450.0,1350.0,Madhya Pradesh,Rajgarh
2015-05-09,Wheat,Khilchipur,1250.0,1450.0,1450.0,Madhya Pradesh,Rajgarh
2015-05-10,Wheat,Khilchipur,1250.0,1450.0,1450.0,Madhya Pradesh,Rajgarh
2015-05-12,Wheat,Khilchipur,1310.0,1450.0,1450.0,Madhya Pradesh,Rajgarh
2015-05-13,Wheat,Khilchipur,1300.0,1450.0,1450.0,Madhya Pradesh,Rajgarh
2015-05-14,Wheat,Khilchipur,1300.0,1450.0,1450.0,Madhya Pradesh,Rajgarh
2015-05-15,Wheat,Khilchipur,1300.0,1450.0,1450.0,Madhya Pradesh,Rajgarh
2015-05-16,Wheat,Khilchipur,1300.0,1450.0,1450.0,Madhya Pradesh,Rajgarh
2015-05-17,Wheat,Khilchipur,1300.0,1450.0,1450.0,Madhya Pradesh,Rajgarh
2015-05-19,Wheat,Khilchipur,1320.0,1450.0,1450.0,Madhya Pradesh,Rajgarh
2015-05-20,Wheat,Khilchipur,1320.0,1450.0,1450.0,Madhya Pradesh,Rajgarh
2015-05-21,Wheat,Khilchipur,1320.0,1400.0,1350.0,Madhya Pradesh,Rajgarh
2015-05-22,Wheat,Khilchipur,1320.0,1400.0,1350.0,Madhya Pradesh,Rajgarh
2015-05-23,Wheat,Khilchipur,1320.0,1410.0,1350.0,Madhya Pradesh,Rajgarh
2015-05-24,Wheat,Khilchipur,1320.0,1420.0,1350.0,Madhya Pradesh,Rajgarh
2015-05-26,Wheat,Khilchipur,1320.0,1420.0,1370.0,Madhya Pradesh,Rajgarh
2015-05-27,Wheat,Khilchipur,1320.0,1350.0,1340.0,Madhya Pradesh,Rajgarh
2015-05-28,Wheat,Khilchipur,1320.0,1350.0,1340.0,Madhya Pradesh,Rajgarh
2015-05-29,Wheat,Khilchipur,1320.0,1340.0,1320.0,Madhya Pradesh,Rajgarh
2015-05-30,Wheat,Khilchipur,1300.0,1340.0,1320.0,Madhya Pradesh,Rajgarh
2015-05-31,Wheat,Khilchipur,1300.0,1350.0,1320.0,Madhya Pradesh,Rajgarh
2015-06-02,Wheat,Khilchipur,1300.0,1350.0,1320.0,Madhya Pradesh,Rajgarh
2015-06-04,Wheat,Khilchipur,1320.0,1350.0,1330.0,Madhya Pradesh,Rajgarh
2015-06-05,Wheat,Khilchipur,1350.0,1370.0,1360.0,Madhya Pradesh,Rajgarh
2015-06-06,Wheat,Khilchipur,1316.0,1365.0,1350.0,Madhya Pradesh,Rajgarh
2015-06-07,Wheat,Khilchipur,1350.0,1370.0,1350.0,Madhya Pradesh,Rajgarh
2015-06-09,Wheat,Khilchipur,1340.0,1360.0,1350.0,Madhya Pradesh,Rajgarh
2015-06-10,Wheat,Khilchipur,1340.0,1360.0,1350.0,Madhya Pradesh,Rajgarh
2015-06-11,Wheat,Khilchipur,1340.0,1360.0,1350.0,Madhya Pradesh,Rajgarh
2015-06-12,Wheat,Khilchipur,1340.0,1360.0,1350.0,Madhya Pradesh,Rajgarh
2015-06-13,Wheat,Khilchipur,1320.0,1360.0,1350.0,Madhya Pradesh,Rajgarh
2015-06-14,Wheat,Khilchipur,1340.0,1360.0,1350.0,Madhya Pradesh,Rajgarh
2015-06-16,Wheat,Khilchipur,1320.0,1360.0,1340.0,Madhya Pradesh,Rajgarh
2015-06-20,Wheat,Khilchipur,1340.0,1360.0,1350.0,Madhya Pradesh,Rajgarh
2015-06-21,Wheat,Khilchipur,1340.0,1360.0,1350.0,Madhya Pradesh,Rajgarh
2015-06-23,Wheat,Khilchipur,1340.0,1360.0,1350.0,Madhya Pradesh,Rajgarh
2015-06-24,Wheat,Khilchipur,1340.0,1370.0,1340.0,Madhya Pradesh,Rajgarh
2015-06-25,Wheat,Khilchipur,1360.0,1380.0,1360.0,Madhya Pradesh,Rajgarh
2015-06-26,Wheat,Khilchipur,1350.0,1400.0,1370.0,Madhya Pradesh,Rajgarh
2015-06-27,Wheat,Khilchipur,1350.0,1400.0,1370.0,Madhya Pradesh,Rajgarh
2015-06-28,Wheat,Khilchipur,1340.0,1380.0,1360.0,Madhya Pradesh,Rajgarh
2015-07-01,Wheat,Khilchipur,1350.0,1385.0,1360.0,Madhya Pradesh,Rajgarh
2015-07-02,Wheat,Khilchipur,1350.0,1380.0,1370.0,Madhya Pradesh,Rajgarh
2015-07-03,Wheat,Khilchipur,1350.0,1380.0,1360.0,Madhya Pradesh,Rajgarh
2015-07-04,Wheat,Khilchipur,1370.0,1400.0,1400.0,Madhya Pradesh,Rajgarh
2015-07-05,Wheat,Khilchipur,1380.0,1410.0,1400.0,Madhya Pradesh,Rajgarh
2015-07-07,Wheat,Khilchipur,1380.0,1410.0,1400.0,Madhya Pradesh,Rajgarh
2015-07-08,Wheat,Khilchipur,1390.0,1415.0,1400.0,Madhya Pradesh,Rajgarh
2015-07-09,Wheat,Khilchipur,1400.0,1430.0,1420.0,Madhya Pradesh,Rajgarh
2015-07-10,Wheat,Khilchipur,1400.0,1440.0,1420.0,Madhya Pradesh,Rajgarh
2015-07-12,Wheat,Khilchipur,1400.0,1440.0,1430.0,Madhya Pradesh,Rajgarh
2015-07-14,Wheat,Khilchipur,1400.0,1440.0,1430.0,Madhya Pradesh,Rajgarh
2015-07-15,Wheat,Khilchipur,1430.0,1438.0,1435.0,Madhya Pradesh,Rajgarh
2015-07-17,Wheat,Khilchipur,1405.0,1460.0,1450.0,Madhya Pradesh,Rajgarh
2015-07-19,Wheat,Khilchipur,1420.0,1440.0,1430.0,Madhya Pradesh,Rajgarh
2015-07-21,Wheat,Khilchipur,1410.0,1450.0,1440.0,Madhya Pradesh,Rajgarh
2015-07-22,Wheat,Khilchipur,1405.0,1450.0,1440.0,Madhya Pradesh,Rajgarh
2015-07-23,Wheat,Khilchipur,1420.0,1452.0,1450.0,Madhya Pradesh,Rajgarh
2015-07-24,Wheat,Khilchipur,1425.0,1435.0,1430.0,Madhya Pradesh,Rajgarh
2015-08-01,Wheat,Khilchipur,1375.0,1430.0,1420.0,Madhya Pradesh,Rajgarh
2015-08-11,Wheat,Khilchipur,1410.0,1440.0,1420.0,Madhya Pradesh,Rajgarh
2015-08-12,Wheat,Khilchipur,1420.0,1440.0,1420.0,Madhya Pradesh,Rajgarh
2015-08-13,Wheat,Khilchipur,1420.0,1445.0,1430.0,Madhya Pradesh,Rajgarh
2015-08-14,Wheat,Khilchipur,1401.0,1440.0,1420.0,Madhya Pradesh,Rajgarh
2015-08-16,Wheat,Khilchipur,1420.0,1445.0,1430.0,Madhya Pradesh,Rajgarh
2015-08-18,Wheat,Khilchipur,1410.0,1440.0,1420.0,Madhya Pradesh,Rajgarh
2015-08-19,Wheat,Khilchipur,1410.0,1440.0,1420.0,Madhya Pradesh,Rajgarh
2015-08-20,Wheat,Khilchipur,1390.0,1440.0,1420.0,Madhya Pradesh,Rajgarh
2015-08-21,Wheat,Khilchipur,1390.0,1445.0,1430.0,Madhya Pradesh,Rajgarh
2015-08-22,Wheat,Khilchipur,1350.0,1440.0,1430.0,Madhya Pradesh,Rajgarh
2015-08-23,Wheat,Khilchipur,1400.0,1430.0,1420.0,Madhya Pradesh,Rajgarh
2015-08-25,Wheat,Khilchipur,1397.0,1430.0,1420.0,Madhya Pradesh,Rajgarh
2015-08-26,Wheat,Khilchipur,1375.0,1430.0,1420.0,Madhya Pradesh,Rajgarh
2015-08-27,Wheat,Khilchipur,1400.0,1415.0,1410.0,Madhya Pradesh,Rajgarh
2015-08-28,Wheat,Khilchipur,1400.0,1415.0,1410.0,Madhya Pradesh,Rajgarh
2015-09-01,Wheat,Khilchipur,1391.0,1429.0,1410.0,Madhya Pradesh,Rajgarh
2015-09-06,Wheat,Khilchipur,1390.0,1430.0,1420.0,Madhya Pradesh,Rajgarh
2015-09-08,Wheat,Khilchipur,1380.0,1430.0,1420.0,Madhya Pradesh,Rajgarh
2015-09-09,Wheat,Khilchipur,1390.0,1430.0,1420.0,Madhya Pradesh,Rajgarh
2015-09-10,Wheat,Khilchipur,1390.0,1430.0,1420.0,Madhya Pradesh,Rajgarh
2015-09-11,Wheat,Khilchipur,1390.0,1430.0,1420.0,Madhya Pradesh,Rajgarh
2015-09-12,Wheat,Khilchipur,1359.0,1420.0,1410.0,Madhya Pradesh,Rajgarh
2015-09-13,Wheat,Khilchipur,1400.0,1420.0,1410.0,Madhya Pradesh,Rajgarh
2015-09-15,Wheat,Khilchipur,1400.0,1425.0,1420.0,Madhya Pradesh,Rajgarh
2015-09-16,Wheat,Khilchipur,1390.0,1430.0,1420.0,Madhya Pradesh,Rajgarh
2015-09-19,Wheat,Khilchipur,1390.0,1430.0,1410.0,Madhya Pradesh,Rajgarh
2015-09-20,Wheat,Khilchipur,1390.0,1440.0,1430.0,Madhya Pradesh,Rajgarh
2015-09-22,Wheat,Khilchipur,1420.0,1450.0,1440.0,Madhya Pradesh,Rajgarh
2015-09-23,Wheat,Khilchipur,1430.0,1440.0,1440.0,Madhya Pradesh,Rajgarh
2015-09-24,Wheat,Khilchipur,1440.0,1450.0,1450.0,Madhya Pradesh,Rajgarh
2015-09-26,Wheat,Khilchipur,1450.0,1465.0,1460.0,Madhya Pradesh,Rajgarh
2015-09-27,Wheat,Khilchipur,1430.0,1460.0,1450.0,Madhya Pradesh,Rajgarh
2015-09-29,Wheat,Khilchipur,1450.0,1460.0,1450.0,Madhya Pradesh,Rajgarh
2015-09-30,Wheat,Khilchipur,1400.0,1470.0,1450.0,Madhya Pradesh,Rajgarh
2015-10-01,Wheat,Khilchipur,1440.0,1470.0,1460.0,Madhya Pradesh,Rajgarh
2015-10-03,Wheat,Khilchipur,1440.0,1480.0,1470.0,Madhya Pradesh,Rajgarh
2015-10-04,Wheat,Khilchipur,1440.0,1460.0,1450.0,Madhya Pradesh,Rajgarh
2015-10-07,Wheat,Khilchipur,1450.0,1470.0,1460.0,Madhya Pradesh,Rajgarh
2015-10-08,Wheat,Khilchipur,1450.0,1500.0,1470.0,Madhya Pradesh,Rajgarh
2015-10-09,Wheat,Khilchipur,1460.0,1500.0,1470.0,Madhya Pradesh,Rajgarh
2015-10-11,Wheat,Khilchipur,1470.0,1500.0,1480.0,Madhya Pradesh,Rajgarh
2015-11-13,Wheat,Khilchipur,1480.0,1490.0,1490.0,Madhya Pradesh,Rajgarh
2015-11-14,Wheat,Khilchipur,1460.0,1480.0,1475.0,Madhya Pradesh,Rajgarh
2015-11-15,Wheat,Khilchipur,1450.0,1480.0,1470.0,Madhya Pradesh,Rajgarh
2015-11-17,Wheat,Khilchipur,1450.0,1480.0,1470.0,Madhya Pradesh,Rajgarh
2015-11-18,Wheat,Khilchipur,1450.0,1490.0,1480.0,Madhya Pradesh,Rajgarh
2015-11-19,Wheat,Khilchipur,1450.0,1485.0,1475.0,Madhya Pradesh,Rajgarh
2015-11-20,Wheat,Khilchipur,1450.0,1490.0,1480.0,Madhya Pradesh,Rajgarh
2015-11-21,Wheat,Khilchipur,1450.0,1490.0,1480.0,Madhya Pradesh,Rajgarh
2015-11-24,Wheat,Khilchipur,1420.0,1490.0,1470.0,Madhya Pradesh,Rajgarh
2015-11-25,Wheat,Khilchipur,1460.0,1480.0,1470.0,Madhya Pradesh,Rajgarh
2015-11-26,Wheat,Khilchipur,1450.0,1500.0,1480.0,Madhya Pradesh,Rajgarh
2015-11-27,Wheat,Khilchipur,1450.0,1470.0,1450.0,Madhya Pradesh,Rajgarh
2015-11-28,Wheat,Khilchipur,1430.0,1480.0,1450.0,Madhya Pradesh,Rajgarh
2015-11-29,Wheat,Khilchipur,1450.0,1480.0,1460.0,Madhya Pradesh,Rajgarh
2015-12-01,Wheat,Khilchipur,1440.0,1480.0,1460.0,Madhya Pradesh,Rajgarh
2015-12-02,Wheat,Khilchipur,1450.0,1480.0,1470.0,Madhya Pradesh,Rajgarh
2015-12-03,Wheat,Khilchipur,1470.0,1496.0,1480.0,Madhya Pradesh,Rajgarh
2015-12-04,Wheat,Khilchipur,1430.0,1480.0,1450.0,Madhya Pradesh,Rajgarh
2015-12-05,Wheat,Khilchipur,1450.0,1490.0,1480.0,Madhya Pradesh,Rajgarh
2015-12-06,Wheat,Khilchipur,1450.0,1500.0,1480.0,Madhya Pradesh,Rajgarh
2015-12-08,Wheat,Khilchipur,1480.0,1500.0,1490.0,Madhya Pradesh,Rajgarh
2015-12-09,Wheat,Khilchipur,1490.0,1510.0,1500.0,Madhya Pradesh,Rajgarh
2015-12-10,Wheat,Khilchipur,1500.0,1510.0,1500.0,Madhya Pradesh,Rajgarh
2015-12-11,Wheat,Khilchipur,1450.0,1510.0,1500.0,Madhya Pradesh,Rajgarh
2015-12-12,Wheat,Khilchipur,1450.0,1520.0,1500.0,Madhya Pradesh,Rajgarh
2015-12-13,Wheat,Khilchipur,1420.0,1520.0,1520.0,Madhya Pradesh,Rajgarh
2015-12-15,Wheat,Khilchipur,1500.0,1540.0,1500.0,Madhya Pradesh,Rajgarh
2015-12-17,Wheat,Khilchipur,1500.0,1580.0,1550.0,Madhya Pradesh,Rajgarh
2015-12-18,Wheat,Khilchipur,1550.0,1600.0,1560.0,Madhya Pradesh,Rajgarh
2015-12-19,Wheat,Khilchipur,1450.0,1600.0,1560.0,Madhya Pradesh,Rajgarh
2015-12-20,Wheat,Khilchipur,1540.0,1600.0,1550.0,Madhya Pradesh,Rajgarh
2015-12-22,Wheat,Khilchipur,1550.0,1570.0,1550.0,Madhya Pradesh,Rajgarh
2015-12-23,Wheat,Khilchipur,1560.0,1580.0,1560.0,Madhya Pradesh,Rajgarh
2015-12-24,Wheat,Khilchipur,1550.0,1570.0,1560.0,Madhya Pradesh,Rajgarh
2015-12-25,Wheat,Khilchipur,1550.0,1580.0,1570.0,Madhya Pradesh,Rajgarh
2015-12-26,Wheat,Khilchipur,1560.0,1580.0,1570.0,Madhya Pradesh,Rajgarh
2015-12-27,Wheat,Khilchipur,1550.0,1570.0,1560.0,Madhya Pradesh,Rajgarh
2015-12-29,Wheat,Khilchipur,1530.0,1560.0,1550.0,Madhya Pradesh,Rajgarh
2015-12-30,Wheat,Khilchipur,1530.0,1560.0,1550.0,Madhya Pradesh,Rajgarh
2015-12-31,Wheat,Khilchipur,1540.0,1570.0,1560.0,Madhya Pradesh,Rajgarh
2016-01-02,Wheat,Khilchipur,1560.0,1560.0,1560.0,Madhya Pradesh,Rajgarh
2016-01-03,Wheat,Khilchipur,1500.0,1550.0,1550.0,Madhya Pradesh,Rajgarh
2016-01-05,Wheat,Khilchipur,1550.0,1550.0,1550.0,Madhya Pradesh,Rajgarh
2016-01-06,Wheat,Khilchipur,1550.0,1570.0,1570.0,Madhya Pradesh,Rajgarh
2016-01-07,Wheat,Khilchipur,1550.0,1575.0,1560.0,Madhya Pradesh,Rajgarh
2016-01-08,Wheat,Khilchipur,1540.0,1570.0,1560.0,Madhya Pradesh,Rajgarh
2016-01-09,Wheat,Khilchipur,1575.0,1575.0,1575.0,Madhya Pradesh,Rajgarh
2016-01-10,Wheat,Khilchipur,1550.0,1580.0,1580.0,Madhya Pradesh,Rajgarh
2016-01-17,Wheat,Khilchipur,1500.0,1500.0,1500.0,Madhya Pradesh,Rajgarh
2016-01-21,Wheat,Khilchipur,1550.0,1600.0,1600.0,Madhya Pradesh,Rajgarh
2016-01-27,Wheat,Khilchipur,1560.0,1590.0,1580.0,Madhya Pradesh,Rajgarh
2016-01-28,Wheat,Khilchipur,1570.0,1600.0,1570.0,Madhya Pradesh,Rajgarh
2016-01-29,Wheat,Khilchipur,1540.0,1600.0,1550.0,Madhya Pradesh,Rajgarh
2016-01-30,Wheat,Khilchipur,1550.0,1600.0,1550.0,Madhya Pradesh,Rajgarh
2016-02-02,Wheat,Khilchipur,1500.0,1550.0,1550.0,Madhya Pradesh,Rajgarh
2016-02-03,Wheat,Khilchipur,1520.0,1550.0,1550.0,Madhya Pradesh,Rajgarh
2016-02-04,Wheat,Khilchipur,1550.0,1550.0,1550.0,Madhya Pradesh,Rajgarh
2016-02-05,Wheat,Khilchipur,1550.0,1550.0,1550.0,Madhya Pradesh,Rajgarh
2016-02-07,Wheat,Khilchipur,1495.0,1545.0,1530.0,Madhya Pradesh,Rajgarh
2016-02-09,Wheat,Khilchipur,1520.0,1540.0,1525.0,Madhya Pradesh,Rajgarh
2016-02-11,Wheat,Khilchipur,1400.0,1575.0,1525.0,Madhya Pradesh,Rajgarh
2016-02-13,Wheat,Khilchipur,1400.0,1430.0,1425.0,Madhya Pradesh,Rajgarh
2016-02-14,Wheat,Khilchipur,1465.0,1580.0,1530.0,Madhya Pradesh,Rajgarh
2016-02-16,Wheat,Khilchipur,1480.0,1570.0,1520.0,Madhya Pradesh,Rajgarh
2016-02-17,Wheat,Khilchipur,1480.0,1530.0,1520.0,Madhya Pradesh,Rajgarh
2016-02-18,Wheat,Khilchipur,1490.0,1540.0,1520.0,Madhya Pradesh,Rajgarh
2016-02-19,Wheat,Khilchipur,1450.0,1610.0,1530.0,Madhya Pradesh,Rajgarh
2016-02-20,Wheat,Khilchipur,1480.0,1550.0,1535.0,Madhya Pradesh,Rajgarh
2016-02-21,Wheat,Khilchipur,1470.0,1545.0,1525.0,Madhya Pradesh,Rajgarh
2016-02-23,Wheat,Khilchipur,1450.0,1540.0,1515.0,Madhya Pradesh,Rajgarh
2016-02-24,Wheat,Khilchipur,1500.0,1560.0,1530.0,Madhya Pradesh,Rajgarh
2016-02-25,Wheat,Khilchipur,1450.0,1560.0,1515.0,Madhya Pradesh,Rajgarh
2016-02-26,Wheat,Khilchipur,1450.0,1550.0,1525.0,Madhya Pradesh,Rajgarh
2016-02-27,Wheat,Khilchipur,1450.0,1530.0,1515.0,Madhya Pradesh,Rajgarh
2016-02-28,Wheat,Khilchipur,1425.0,1550.0,1520.0,Madhya Pradesh,Rajgarh
2016-03-01,Wheat,Khilchipur,1400.0,1525.0,1450.0,Madhya Pradesh,Rajgarh
2016-03-02,Wheat,Khilchipur,1400.0,1610.0,1505.0,Madhya Pradesh,Rajgarh
2016-03-03,Wheat,Khilchipur,1400.0,1525.0,1450.0,Madhya Pradesh,Rajgarh
2016-03-04,Wheat,Khilchipur,1400.0,1605.0,1520.0,Madhya Pradesh,Rajgarh
2016-03-05,Wheat,Khilchipur,1450.0,1605.0,1515.0,Madhya Pradesh,Rajgarh
2016-03-06,Wheat,Khilchipur,1460.0,1525.0,1510.0,Madhya Pradesh,Rajgarh
2016-03-09,Wheat,Khilchipur,1450.0,1570.0,1520.0,Madhya Pradesh,Rajgarh
2016-03-10,Wheat,Khilchipur,1430.0,1550.0,1510.0,Madhya Pradesh,Rajgarh
2016-03-11,Wheat,Khilchipur,1440.0,1550.0,1540.0,Madhya Pradesh,Rajgarh
2016-03-12,Wheat,Khilchipur,1420.0,1525.0,1500.0,Madhya Pradesh,Rajgarh
2016-03-13,Wheat,Khilchipur,1400.0,1530.0,1500.0,Madhya Pradesh,Rajgarh
2016-03-15,Wheat,Khilchipur,1400.0,1540.0,1460.0,Madhya Pradesh,Rajgarh
2016-03-16,Wheat,Khilchipur,1450.0,1525.0,1500.0,Madhya Pradesh,Rajgarh
2016-03-17,Wheat,Khilchipur,1450.0,1525.0,1500.0,Madhya Pradesh,Rajgarh
2016-03-22,Wheat,Khilchipur,1450.0,1525.0,1500.0,Madhya Pradesh,Rajgarh
2016-03-24,Wheat,Khilchipur,1400.0,1525.0,1500.0,Madhya Pradesh,Rajgarh
2016-03-25,Wheat,Khilchipur,1525.0,1525.0,1525.0,Madhya Pradesh,Rajgarh
2016-03-30,Wheat,Khilchipur,1450.0,1525.0,1500.0,Madhya Pradesh,Rajgarh
2016-04-05,Wheat,Khilchipur,1450.0,1525.0,1525.0,Madhya Pradesh,Rajgarh
2016-04-06,Wheat,Khilchipur,1450.0,1525.0,1525.0,Madhya Pradesh,Rajgarh
2016-04-07,Wheat,Khilchipur,1460.0,1525.0,1525.0,Madhya Pradesh,Rajgarh
2016-04-08,Wheat,Khilchipur,1525.0,1525.0,1525.0,Madhya Pradesh,Rajgarh
2016-04-15,Wheat,Khilchipur,1500.0,1525.0,1520.0,Madhya Pradesh,Rajgarh
2016-04-16,Wheat,Khilchipur,1500.0,1550.0,1540.0,Madhya Pradesh,Rajgarh
2016-04-17,Wheat,Khilchipur,1520.0,1600.0,1550.0,Madhya Pradesh,Rajgarh
2016-04-20,Wheat,Khilchipur,1550.0,1600.0,1560.0,Madhya Pradesh,Rajgarh
2016-04-21,Wheat,Khilchipur,1550.0,1600.0,1550.0,Madhya Pradesh,Rajgarh
2016-04-23,Wheat,Khilchipur,1520.0,1600.0,1550.0,Madhya Pradesh,Rajgarh
2016-04-24,Wheat,Khilchipur,1520.0,1570.0,1550.0,Madhya Pradesh,Rajgarh
2016-04-26,Wheat,Khilchipur,1540.0,1570.0,1550.0,Madhya Pradesh,Rajgarh
2016-04-27,Wheat,Khilchipur,1530.0,1580.0,1565.0,Madhya Pradesh,Rajgarh
2016-04-28,Wheat,Khilchipur,1545.0,1601.0,1560.0,Madhya Pradesh,Rajgarh
2016-04-29,Wheat,Khilchipur,1540.0,1580.0,1560.0,Madhya Pradesh,Rajgarh
2016-04-30,Wheat,Khilchipur,1550.0,1580.0,1570.0,Madhya Pradesh,Rajgarh
2016-05-01,Wheat,Khilchipur,1550.0,1580.0,1570.0,Madhya Pradesh,Rajgarh
2016-05-08,Wheat,Khilchipur,1530.0,1570.0,1550.0,Madhya Pradesh,Rajgarh
2016-05-10,Wheat,Khilchipur,1550.0,1600.0,1580.0,Madhya Pradesh,Rajgarh
2016-05-11,Wheat,Khilchipur,1560.0,1600.0,1580.0,Madhya Pradesh,Rajgarh
2016-05-12,Wheat,Khilchipur,1540.0,1590.0,1580.0,Madhya Pradesh,Rajgarh
2016-05-13,Wheat,Khilchipur,1550.0,1600.0,1580.0,Madhya Pradesh,Rajgarh
2016-05-14,Wheat,Khilchipur,1560.0,1650.0,1580.0,Madhya Pradesh,Rajgarh
2016-05-15,Wheat,Khilchipur,1560.0,1650.0,1620.0,Madhya Pradesh,Rajgarh
2016-05-17,Wheat,Khilchipur,1550.0,1650.0,1590.0,Madhya Pradesh,Rajgarh
2016-05-18,Wheat,Khilchipur,1570.0,1630.0,1600.0,Madhya Pradesh,Rajgarh
2016-05-19,Wheat,Khilchipur,1570.0,1620.0,1590.0,Madhya Pradesh,Rajgarh
2016-05-20,Wheat,Khilchipur,1540.0,1600.0,1580.0,Madhya Pradesh,Rajgarh
2016-05-24,Wheat,Khilchipur,1570.0,1620.0,1580.0,Madhya Pradesh,Rajgarh
2016-05-25,Wheat,Khilchipur,1570.0,1600.0,1590.0,Madhya Pradesh,Rajgarh
2016-05-26,Wheat,Khilchipur,1550.0,1600.0,1580.0,Madhya Pradesh,Rajgarh
2016-05-27,Wheat,Khilchipur,1550.0,1600.0,1570.0,Madhya Pradesh,Rajgarh
2016-05-28,Wheat,Khilchipur,1600.0,1650.0,1630.0,Madhya Pradesh,Rajgarh
2016-05-29,Wheat,Khilchipur,1600.0,1650.0,1620.0,Madhya Pradesh,Rajgarh
2016-05-31,Wheat,Khilchipur,1580.0,1650.0,1600.0,Madhya Pradesh,Rajgarh
2016-06-01,Wheat,Khilchipur,1600.0,1650.0,1620.0,Madhya Pradesh,Rajgarh
2016-06-02,Wheat,Khilchipur,1550.0,1620.0,1600.0,Madhya Pradesh,Rajgarh
2016-06-03,Wheat,Khilchipur,1600.0,1630.0,1620.0,Madhya Pradesh,Rajgarh
2016-06-04,Wheat,Khilchipur,1600.0,1620.0,1610.0,Madhya Pradesh,Rajgarh
2016-06-05,Wheat,Khilchipur,1600.0,1620.0,1610.0,Madhya Pradesh,Rajgarh
2016-06-07,Wheat,Khilchipur,1600.0,1630.0,1620.0,Madhya Pradesh,Rajgarh
2016-06-08,Wheat,Khilchipur,1600.0,1620.0,1610.0,Madhya Pradesh,Rajgarh
2016-06-10,Wheat,Khilchipur,1620.0,1670.0,1650.0,Madhya Pradesh,Rajgarh
2016-06-11,Wheat,Khilchipur,1650.0,1700.0,1680.0,Madhya Pradesh,Rajgarh
2016-06-12,Wheat,Khilchipur,1650.0,1700.0,1690.0,Madhya Pradesh,Rajgarh
2016-06-21,Wheat,Khilchipur,1720.0,1740.0,1720.0,Madhya Pradesh,Rajgarh
2016-06-22,Wheat,Khilchipur,1700.0,1740.0,1720.0,Madhya Pradesh,Rajgarh
2016-06-23,Wheat,Khilchipur,1720.0,1740.0,1730.0,Madhya Pradesh,Rajgarh
2016-06-24,Wheat,Khilchipur,1430.0,1750.0,1750.0,Madhya Pradesh,Rajgarh
2016-06-28,Wheat,Khilchipur,1700.0,1720.0,1720.0,Madhya Pradesh,Rajgarh
2016-06-29,Wheat,Khilchipur,1730.0,1770.0,1770.0,Madhya Pradesh,Rajgarh
2016-06-30,Wheat,Khilchipur,1720.0,1760.0,1750.0,Madhya Pradesh,Rajgarh
2016-07-01,Wheat,Khilchipur,1730.0,1750.0,1740.0,Madhya Pradesh,Rajgarh
2016-07-08,Wheat,Khilchipur,1720.0,1760.0,1750.0,Madhya Pradesh,Rajgarh
2016-07-09,Wheat,Khilchipur,1730.0,1750.0,1740.0,Madhya Pradesh,Rajgarh
2016-07-13,Wheat,Khilchipur,1600.0,1670.0,1650.0,Madhya Pradesh,Rajgarh
2016-07-14,Wheat,Khilchipur,1650.0,1700.0,1700.0,Madhya Pradesh,Rajgarh
2016-07-15,Wheat,Khilchipur,1650.0,1750.0,1720.0,Madhya Pradesh,Rajgarh
2016-07-16,Wheat,Khilchipur,1680.0,1720.0,1710.0,Madhya Pradesh,Rajgarh
2016-07-17,Wheat,Khilchipur,1620.0,1720.0,1700.0,Madhya Pradesh,Rajgarh
2016-07-19,Wheat,Khilchipur,1700.0,1720.0,1710.0,Madhya Pradesh,Rajgarh
2016-07-20,Wheat,Khilchipur,1700.0,1720.0,1710.0,Madhya Pradesh,Rajgarh
2016-07-21,Wheat,Khilchipur,1710.0,1760.0,1720.0,Madhya Pradesh,Rajgarh
2016-07-22,Wheat,Khilchipur,1695.0,1750.0,1750.0,Madhya Pradesh,Rajgarh
2016-07-23,Wheat,Khilchipur,1675.0,1708.0,1700.0,Madhya Pradesh,Rajgarh
2016-07-24,Wheat,Khilchipur,1680.0,1750.0,1740.0,Madhya Pradesh,Rajgarh
2016-07-29,Wheat,Khilchipur,1650.0,1690.0,1680.0,Madhya Pradesh,Rajgarh
2016-07-30,Wheat,Khilchipur,1650.0,1680.0,1670.0,Madhya Pradesh,Rajgarh
2016-07-31,Wheat,Khilchipur,1680.0,1690.0,1690.0,Madhya Pradesh,Rajgarh
2016-08-02,Wheat,Khilchipur,1650.0,1680.0,1670.0,Madhya Pradesh,Rajgarh
2016-08-03,Wheat,Khilchipur,1680.0,1690.0,1680.0,Madhya Pradesh,Rajgarh
2016-08-04,Wheat,Khilchipur,1600.0,1650.0,1640.0,Madhya Pradesh,Rajgarh
2016-08-05,Wheat,Khilchipur,1650.0,1680.0,1670.0,Madhya Pradesh,Rajgarh
2016-08-09,Wheat,Khilchipur,1650.0,1680.0,1670.0,Madhya Pradesh,Rajgarh
2016-08-10,Wheat,Khilchipur,1650.0,1680.0,1670.0,Madhya Pradesh,Rajgarh
2016-08-11,Wheat,Khilchipur,1650.0,1660.0,1650.0,Madhya Pradesh,Rajgarh
2016-08-12,Wheat,Khilchipur,1650.0,1680.0,1660.0,Madhya Pradesh,Rajgarh
2016-08-13,Wheat,Khilchipur,1640.0,1680.0,1670.0,Madhya Pradesh,Rajgarh
2016-08-14,Wheat,Khilchipur,1650.0,1680.0,1670.0,Madhya Pradesh,Rajgarh
2016-08-23,Wheat,Khilchipur,1680.0,1720.0,1680.0,Madhya Pradesh,Rajgarh
2016-08-24,Wheat,Khilchipur,1700.0,1730.0,1720.0,Madhya Pradesh,Rajgarh
2016-08-26,Wheat,Khilchipur,1690.0,1720.0,1700.0,Madhya Pradesh,Rajgarh
2016-08-27,Wheat,Khilchipur,1700.0,1740.0,1730.0,Madhya Pradesh,Rajgarh
2016-08-28,Wheat,Khilchipur,1730.0,1740.0,1735.0,Madhya Pradesh,Rajgarh
2016-08-30,Wheat,Khilchipur,1680.0,1730.0,1700.0,Madhya Pradesh,Rajgarh
2016-08-31,Wheat,Khilchipur,1680.0,1700.0,1690.0,Madhya Pradesh,Rajgarh
2016-09-01,Wheat,Khilchipur,1680.0,1700.0,1700.0,Madhya Pradesh,Rajgarh
2016-09-02,Wheat,Khilchipur,1680.0,1700.0,1690.0,Madhya Pradesh,Rajgarh
2016-09-03,Wheat,Khilchipur,1680.0,1700.0,1690.0,Madhya Pradesh,Rajgarh
2016-09-04,Wheat,Khilchipur,1680.0,1700.0,1690.0,Madhya Pradesh,Rajgarh
2016-09-07,Wheat,Khilchipur,1670.0,1700.0,1690.0,Madhya Pradesh,Rajgarh
2016-09-08,Wheat,Khilchipur,1680.0,1700.0,1690.0,Madhya Pradesh,Rajgarh
2016-09-09,Wheat,Khilchipur,1680.0,1700.0,1690.0,Madhya Pradesh,Rajgarh
2016-09-10,Wheat,Khilchipur,1685.0,1696.0,1690.0,Madhya Pradesh,Rajgarh
2016-09-11,Wheat,Khilchipur,1650.0,1690.0,1670.0,Madhya Pradesh,Rajgarh
2016-09-13,Wheat,Khilchipur,1680.0,1700.0,1690.0,Madhya Pradesh,Rajgarh
2016-09-14,Wheat,Khilchipur,1650.0,1700.0,1670.0,Madhya Pradesh,Rajgarh
2016-09-15,Wheat,Khilchipur,1650.0,1700.0,1680.0,Madhya Pradesh,Rajgarh
2016-09-16,Wheat,Khilchipur,1650.0,1700.0,1680.0,Madhya Pradesh,Rajgarh
2016-09-17,Wheat,Khilchipur,1650.0,1700.0,1670.0,Madhya Pradesh,Rajgarh
2016-09-18,Wheat,Khilchipur,1650.0,1700.0,1680.0,Madhya Pradesh,Rajgarh
2016-09-20,Wheat,Khilchipur,1672.0,1709.0,1700.0,Madhya Pradesh,Rajgarh
2016-09-21,Wheat,Khilchipur,1670.0,1700.0,1690.0,Madhya Pradesh,Rajgarh
2016-09-22,Wheat,Khilchipur,1690.0,1700.0,1697.0,Madhya Pradesh,Rajgarh
2016-09-23,Wheat,Khilchipur,1680.0,1697.0,1690.0,Madhya Pradesh,Rajgarh
2016-09-24,Wheat,Khilchipur,1680.0,1700.0,1690.0,Madhya Pradesh,Rajgarh
2016-09-25,Wheat,Khilchipur,1651.0,1690.0,1670.0,Madhya Pradesh,Rajgarh
2016-09-28,Wheat,Khilchipur,1630.0,1690.0,1680.0,Madhya Pradesh,Rajgarh
2016-09-29,Wheat,Khilchipur,1600.0,1635.0,1630.0,Madhya Pradesh,Rajgarh
2016-09-30,Wheat,Khilchipur,1620.0,1636.0,1625.0,Madhya Pradesh,Rajgarh
2016-10-01,Wheat,Khilchipur,1620.0,1660.0,1650.0,Madhya Pradesh,Rajgarh
2016-10-02,Wheat,Khilchipur,1620.0,1650.0,1640.0,Madhya Pradesh,Rajgarh
2016-10-04,Wheat,Khilchipur,1600.0,1630.0,1620.0,Madhya Pradesh,Rajgarh
2016-10-12,Wheat,Khilchipur,1600.0,1630.0,1620.0,Madhya Pradesh,Rajgarh
2016-10-13,Wheat,Khilchipur,1640.0,1700.0,1680.0,Madhya Pradesh,Rajgarh
2016-10-15,Wheat,Khilchipur,1670.0,1700.0,1680.0,Madhya Pradesh,Rajgarh
2016-10-18,Wheat,Khilchipur,1680.0,1710.0,1690.0,Madhya Pradesh,Rajgarh
2016-10-19,Wheat,Khilchipur,1700.0,1715.0,1710.0,Madhya Pradesh,Rajgarh
2016-10-20,Wheat,Khilchipur,1700.0,1800.0,1720.0,Madhya Pradesh,Rajgarh
2016-10-21,Wheat,Khilchipur,1720.0,1740.0,1730.0,Madhya Pradesh,Rajgarh
2016-11-03,Wheat,Khilchipur,1680.0,1740.0,1700.0,Madhya Pradesh,Rajgarh
2016-11-04,Wheat,Khilchipur,1750.0,1800.0,1750.0,Madhya Pradesh,Rajgarh
2016-11-05,Wheat,Khilchipur,1750.0,1900.0,1770.0,Madhya Pradesh,Rajgarh
2016-11-06,Wheat,Khilchipur,1720.0,1900.0,1820.0,Madhya Pradesh,Rajgarh
2016-11-08,Wheat,Khilchipur,1800.0,1870.0,1820.0,Madhya Pradesh,Rajgarh
2016-11-26,Wheat,Khilchipur,1600.0,1900.0,1880.0,Madhya Pradesh,Rajgarh
2016-11-27,Wheat,Khilchipur,1900.0,1955.0,1920.0,Madhya Pradesh,Rajgarh
2016-11-29,Wheat,Khilchipur,1600.0,1936.0,1900.0,Madhya Pradesh,Rajgarh
2016-11-30,Wheat,Khilchipur,1820.0,1920.0,1900.0,Madhya Pradesh,Rajgarh
2016-12-01,Wheat,Khilchipur,1600.0,1900.0,1850.0,Madhya Pradesh,Rajgarh
2016-12-02,Wheat,Khilchipur,1600.0,1880.0,1825.0,Madhya Pradesh,Rajgarh
2016-12-03,Wheat,Khilchipur,1800.0,1890.0,1860.0,Madhya Pradesh,Rajgarh
2016-12-04,Wheat,Khilchipur,1800.0,1890.0,1850.0,Madhya Pradesh,Rajgarh
2016-12-06,Wheat,Khilchipur,1800.0,1880.0,1860.0,Madhya Pradesh,Rajgarh
2016-12-07,Wheat,Khilchipur,1800.0,1885.0,1850.0,Madhya Pradesh,Rajgarh
2016-12-08,Wheat,Khilchipur,1850.0,1890.0,1870.0,Madhya Pradesh,Rajgarh
2016-12-09,Wheat,Khilchipur,1800.0,1890.0,1870.0,Madhya Pradesh,Rajgarh
2016-12-10,Wheat,Khilchipur,1800.0,1850.0,1820.0,Madhya Pradesh,Rajgarh
2016-12-11,Wheat,Khilchipur,1800.0,1880.0,1825.0,Madhya Pradesh,Rajgarh
2016-12-13,Wheat,Khilchipur,1800.0,1810.0,1810.0,Madhya Pradesh,Rajgarh
2016-12-14,Wheat,Khilchipur,1680.0,1836.0,1825.0,Madhya Pradesh,Rajgarh
2016-12-15,Wheat,Khilchipur,1800.0,1830.0,1830.0,Madhya Pradesh,Rajgarh
2016-12-16,Wheat,Khilchipur,1800.0,1830.0,1815.0,Madhya Pradesh,Rajgarh
2016-12-17,Wheat,Khilchipur,1800.0,1840.0,1825.0,Madhya Pradesh,Rajgarh
2016-12-20,Wheat,Khilchipur,1800.0,1836.0,1825.0,Madhya Pradesh,Rajgarh
2016-12-21,Wheat,Khilchipur,1791.0,1830.0,1820.0,Madhya Pradesh,Rajgarh
2016-12-24,Wheat,Khilchipur,1750.0,1785.0,1770.0,Madhya Pradesh,Rajgarh
2016-12-25,Wheat,Khilchipur,1760.0,1780.0,1770.0,Madhya Pradesh,Rajgarh
2016-12-30,Wheat,Khilchipur,1700.0,1750.0,1720.0,Madhya Pradesh,Rajgarh
2016-12-31,Wheat,Khilchipur,1735.0,1756.0,1750.0,Madhya Pradesh,Rajgarh
2017-01-01,Wheat,Khilchipur,1740.0,1756.0,1754.0,Madhya Pradesh,Rajgarh
2017-01-03,Wheat,Khilchipur,1750.0,1765.0,1760.0,Madhya Pradesh,Rajgarh
2017-01-05,Wheat,Khilchipur,1700.0,1780.0,1750.0,Madhya Pradesh,Rajgarh
2017-01-07,Wheat,Khilchipur,1750.0,1800.0,1760.0,Madhya Pradesh,Rajgarh
2017-01-08,Wheat,Khilchipur,1770.0,1815.0,1800.0,Madhya Pradesh,Rajgarh
2017-01-10,Wheat,Khilchipur,1820.0,1830.0,1820.0,Madhya Pradesh,Rajgarh
2017-01-11,Wheat,Khilchipur,1820.0,1840.0,1830.0,Madhya Pradesh,Rajgarh
2017-01-12,Wheat,Khilchipur,1820.0,1850.0,1830.0,Madhya Pradesh,Rajgarh
2017-01-13,Wheat,Khilchipur,1800.0,1840.0,1820.0,Madhya Pradesh,Rajgarh
2017-01-15,Wheat,Khilchipur,1550.0,1877.0,1860.0,Madhya Pradesh,Rajgarh
2017-01-17,Wheat,Khilchipur,1850.0,1900.0,1890.0,Madhya Pradesh,Rajgarh
2017-01-18,Wheat,Khilchipur,1780.0,1931.0,1880.0,Madhya Pradesh,Rajgarh
2017-01-19,Wheat,Khilchipur,1800.0,1890.0,1850.0,Madhya Pradesh,Rajgarh
2017-01-20,Wheat,Khilchipur,1750.0,1870.0,1810.0,Madhya Pradesh,Rajgarh
2017-01-21,Wheat,Khilchipur,1850.0,1870.0,1860.0,Madhya Pradesh,Rajgarh
2017-01-22,Wheat,Khilchipur,1800.0,1850.0,1820.0,Madhya Pradesh,Rajgarh
2017-01-25,Wheat,Khilchipur,1800.0,1850.0,1825.0,Madhya Pradesh,Rajgarh
2017-02-07,Wheat,Khilchipur,1300.0,1700.0,1600.0,Madhya Pradesh,Rajgarh
2017-02-08,Wheat,Khilchipur,1300.0,1680.0,1640.0,Madhya Pradesh,Rajgarh
2017-02-09,Wheat,Khilchipur,1650.0,1720.0,1700.0,Madhya Pradesh,Rajgarh
2017-02-10,Wheat,Khilchipur,1680.0,1710.0,1700.0,Madhya Pradesh,Rajgarh
2017-02-11,Wheat,Khilchipur,1620.0,1720.0,1680.0,Madhya Pradesh,Rajgarh
2017-02-12,Wheat,Khilchipur,1650.0,1710.0,1700.0,Madhya Pradesh,Rajgarh
2017-02-14,Wheat,Khilchipur,1680.0,1720.0,1700.0,Madhya Pradesh,Rajgarh
2017-02-15,Wheat,Khilchipur,1570.0,1710.0,1700.0,Madhya Pradesh,Rajgarh
2017-02-16,Wheat,Khilchipur,1550.0,1710.0,1700.0,Madhya Pradesh,Rajgarh
2017-02-17,Wheat,Khilchipur,1540.0,1720.0,1700.0,Madhya Pradesh,Rajgarh
2017-02-18,Wheat,Khilchipur,1500.0,1700.0,1680.0,Madhya Pradesh,Rajgarh
2017-02-19,Wheat,Khilchipur,1650.0,1720.0,1700.0,Madhya Pradesh,Rajgarh
2017-02-21,Wheat,Khilchipur,1680.0,1720.0,1700.0,Madhya Pradesh,Rajgarh
2017-02-22,Wheat,Khilchipur,1650.0,1720.0,1700.0,Madhya Pradesh,Rajgarh
2017-02-23,Wheat,Khilchipur,1580.0,1650.0,1600.0,Madhya Pradesh,Rajgarh
2017-02-25,Wheat,Khilchipur,1520.0,1700.0,1700.0,Madhya Pradesh,Rajgarh
2017-02-26,Wheat,Khilchipur,1600.0,1700.0,1650.0,Madhya Pradesh,Rajgarh
2017-02-28,Wheat,Khilchipur,1450.0,1662.0,1580.0,Madhya Pradesh,Rajgarh
2017-03-01,Wheat,Khilchipur,1450.0,1500.0,1480.0,Madhya Pradesh,Rajgarh
2017-03-02,Wheat,Khilchipur,1450.0,1500.0,1490.0,Madhya Pradesh,Rajgarh
2017-03-03,Wheat,Khilchipur,1450.0,1600.0,1510.0,Madhya Pradesh,Rajgarh
2017-03-04,Wheat,Khilchipur,1500.0,1550.0,1520.0,Madhya Pradesh,Rajgarh
2017-03-05,Wheat,Khilchipur,1500.0,1560.0,1510.0,Madhya Pradesh,Rajgarh
2017-03-07,Wheat,Khilchipur,1450.0,1520.0,1500.0,Madhya Pradesh,Rajgarh
2017-03-08,Wheat,Khilchipur,1450.0,1600.0,1530.0,Madhya Pradesh,Rajgarh
2017-03-09,Wheat,Khilchipur,1450.0,1580.0,1550.0,Madhya Pradesh,Rajgarh
2017-03-10,Wheat,Khilchipur,1450.0,1530.0,1500.0,Madhya Pradesh,Rajgarh
2017-03-15,Wheat,Khilchipur,1450.0,1520.0,1500.0,Madhya Pradesh,Rajgarh
2017-03-16,Wheat,Khilchipur,1450.0,1520.0,1500.0,Madhya Pradesh,Rajgarh
2017-03-18,Wheat,Khilchipur,1490.0,1535.0,1500.0,Madhya Pradesh,Rajgarh
2017-03-19,Wheat,Khilchipur,1490.0,1535.0,1500.0,Madhya Pradesh,Rajgarh
2017-03-20,Wheat,Khilchipur,1625.0,1625.0,1625.0,Madhya Pradesh,Rajgarh
2017-03-21,Wheat,Khilchipur,1450.0,1625.0,1500.0,Madhya Pradesh,Rajgarh
2017-03-22,Wheat,Khilchipur,1450.0,1625.0,1490.0,Madhya Pradesh,Rajgarh
2017-03-23,Wheat,Khilchipur,1450.0,1625.0,1500.0,Madhya Pradesh,Rajgarh
2017-03-24,Wheat,Khilchipur,1470.0,1625.0,1500.0,Madhya Pradesh,Rajgarh
2017-03-25,Wheat,Khilchipur,1470.0,1625.0,1500.0,Madhya Pradesh,Rajgarh
2017-03-26,Wheat,Khilchipur,1480.0,1625.0,1520.0,Madhya Pradesh,Rajgarh
2017-03-28,Wheat,Khilchipur,1625.0,1625.0,1625.0,Madhya Pradesh,Rajgarh
2017-03-29,Wheat,Khilchipur,1625.0,1625.0,1625.0,Madhya Pradesh,Rajgarh
2017-03-30,Wheat,Khilchipur,1625.0,1625.0,1625.0,Madhya Pradesh,Rajgarh
2017-03-31,Wheat,Khilchipur,1625.0,1625.0,1625.0,Madhya Pradesh,Rajgarh
2017-04-01,Wheat,Khilchipur,1625.0,1625.0,1625.0,Madhya Pradesh,Rajgarh
2017-04-02,Wheat,Khilchipur,1500.0,1625.0,1520.0,Madhya Pradesh,Rajgarh
2017-04-03,Wheat,Khilchipur,1500.0,1625.0,1520.0,Madhya Pradesh,Rajgarh
2017-04-05,Wheat,Khilchipur,1625.0,1625.0,1625.0,Madhya Pradesh,Rajgarh
2017-04-06,Wheat,Khilchipur,1450.0,1625.0,1500.0,Madhya Pradesh,Rajgarh
2017-04-07,Wheat,Khilchipur,1440.0,1625.0,1470.0,Madhya Pradesh,Rajgarh
2017-04-09,Wheat,Khilchipur,1450.0,1625.0,1470.0,Madhya Pradesh,Rajgarh
2017-04-11,Wheat,Khilchipur,1625.0,1625.0,1625.0,Madhya Pradesh,Rajgarh
2017-04-12,Wheat,Khilchipur,1450.0,1625.0,1480.0,Madhya Pradesh,Rajgarh
2017-04-13,Wheat,Khilchipur,1470.0,1625.0,1625.0,Madhya Pradesh,Rajgarh
2017-04-14,Wheat,Khilchipur,1625.0,1625.0,1625.0,Madhya Pradesh,Rajgarh
2017-04-15,Wheat,Khilchipur,1450.0,1625.0,1625.0,Madhya Pradesh,Rajgarh
2017-04-16,Wheat,Khilchipur,1450.0,1625.0,1490.0,Madhya Pradesh,Rajgarh
2017-04-17,Wheat,Khilchipur,1460.0,1625.0,1625.0,Madhya Pradesh,Rajgarh
2017-04-18,Wheat,Khilchipur,1450.0,1625.0,1480.0,Madhya Pradesh,Rajgarh
2017-04-19,Wheat,Khilchipur,1480.0,1625.0,1490.0,Madhya Pradesh,Rajgarh
2017-04-20,Wheat,Khilchipur,1450.0,1625.0,1480.0,Madhya Pradesh,Rajgarh
2017-04-21,Wheat,Khilchipur,1460.0,1625.0,1480.0,Madhya Pradesh,Rajgarh
2017-04-22,Wheat,Khilchipur,1450.0,1625.0,1625.0,Madhya Pradesh,Rajgarh
2017-04-23,Wheat,Khilchipur,1460.0,1625.0,1625.0,Madhya Pradesh,Rajgarh
2017-04-25,Wheat,Khilchipur,1470.0,1625.0,1490.0,Madhya Pradesh,Rajgarh
2017-04-26,Wheat,Khilchipur,1470.0,1625.0,1490.0,Madhya Pradesh,Rajgarh
2017-04-27,Wheat,Khilchipur,1480.0,1625.0,1490.0,Madhya Pradesh,Rajgarh
2017-04-29,Wheat,Khilchipur,1450.0,1625.0,1470.0,Madhya Pradesh,Rajgarh
2017-05-02,Wheat,Khilchipur,1460.0,1625.0,1470.0,Madhya Pradesh,Rajgarh
2017-05-03,Wheat,Khilchipur,1490.0,1625.0,1520.0,Madhya Pradesh,Rajgarh
2017-05-04,Wheat,Khilchipur,1490.0,1625.0,1510.0,Madhya Pradesh,Rajgarh
2017-05-05,Wheat,Khilchipur,1490.0,1625.0,1500.0,Madhya Pradesh,Rajgarh
2017-05-06,Wheat,Khilchipur,1450.0,1625.0,1500.0,Madhya Pradesh,Rajgarh
2017-05-07,Wheat,Khilchipur,1470.0,1625.0,1490.0,Madhya Pradesh,Rajgarh
2017-05-09,Wheat,Khilchipur,1500.0,1625.0,1520.0,Madhya Pradesh,Rajgarh
2017-05-10,Wheat,Khilchipur,1500.0,1625.0,1520.0,Madhya Pradesh,Rajgarh
2017-05-11,Wheat,Khilchipur,1500.0,1625.0,1520.0,Madhya Pradesh,Rajgarh
2017-05-12,Wheat,Khilchipur,1500.0,1625.0,1520.0,Madhya Pradesh,Rajgarh
2017-05-13,Wheat,Khilchipur,1510.0,1625.0,1520.0,Madhya Pradesh,Rajgarh
2017-05-14,Wheat,Khilchipur,1510.0,1625.0,1535.0,Madhya Pradesh,Rajgarh
2017-05-16,Wheat,Khilchipur,1510.0,1530.0,1520.0,Madhya Pradesh,Rajgarh
2017-05-17,Wheat,Khilchipur,1500.0,1625.0,1510.0,Madhya Pradesh,Rajgarh
2017-05-18,Wheat,Khilchipur,1490.0,1625.0,1510.0,Madhya Pradesh,Rajgarh
2017-05-19,Wheat,Khilchipur,1490.0,1625.0,1500.0,Madhya Pradesh,Rajgarh
2017-05-20,Wheat,Khilchipur,1480.0,1625.0,1510.0,Madhya Pradesh,Rajgarh
2017-05-21,Wheat,Khilchipur,1490.0,1510.0,1500.0,Madhya Pradesh,Rajgarh
2017-05-23,Wheat,Khilchipur,1480.0,1580.0,1520.0,Madhya Pradesh,Rajgarh
2017-05-24,Wheat,Khilchipur,1450.0,1520.0,1490.0,Madhya Pradesh,Rajgarh
2017-05-25,Wheat,Khilchipur,1470.0,1500.0,1480.0,Madhya Pradesh,Rajgarh
2017-05-26,Wheat,Khilchipur,1465.0,1500.0,1480.0,Madhya Pradesh,Rajgarh
2017-05-27,Wheat,Khilchipur,1470.0,1490.0,1480.0,Madhya Pradesh,Rajgarh
2017-05-28,Wheat,Khilchipur,1470.0,1500.0,1480.0,Madhya Pradesh,Rajgarh
2017-05-30,Wheat,Khilchipur,1470.0,1500.0,1490.0,Madhya Pradesh,Rajgarh
2017-05-31,Wheat,Khilchipur,1450.0,1490.0,1480.0,Madhya Pradesh,Rajgarh
2017-06-01,Wheat,Khilchipur,1450.0,1480.0,1470.0,Madhya Pradesh,Rajgarh
2017-06-02,Wheat,Khilchipur,1450.0,1495.0,1465.0,Madhya Pradesh,Rajgarh
2017-06-13,Wheat,Khilchipur,1499.0,1519.0,1510.0,Madhya Pradesh,Rajgarh
2017-06-14,Wheat,Khilchipur,1498.0,1519.0,1508.0,Madhya Pradesh,Rajgarh
2017-06-17,Wheat,Khilchipur,1495.0,1505.0,1500.0,Madhya Pradesh,Rajgarh
2017-06-18,Wheat,Khilchipur,1450.0,1485.0,1473.0,Madhya Pradesh,Rajgarh
2017-06-20,Wheat,Khilchipur,1500.0,1521.0,1512.0,Madhya Pradesh,Rajgarh
2017-06-21,Wheat,Khilchipur,1475.0,1514.0,1506.0,Madhya Pradesh,Rajgarh
2017-06-22,Wheat,Khilchipur,1400.0,1502.0,1490.0,Madhya Pradesh,Rajgarh
2017-06-23,Wheat,Khilchipur,1460.0,1487.0,1470.0,Madhya Pradesh,Rajgarh
2017-06-24,Wheat,Khilchipur,1450.0,1489.0,1482.0,Madhya Pradesh,Rajgarh
2017-06-25,Wheat,Khilchipur,1450.0,1492.0,1485.0,Madhya Pradesh,Rajgarh
2017-06-27,Wheat,Khilchipur,1485.0,1511.0,1495.0,Madhya Pradesh,Rajgarh
2017-06-28,Wheat,Khilchipur,1485.0,1500.0,1495.0,Madhya Pradesh,Rajgarh
2017-06-29,Wheat,Khilchipur,1462.0,1489.0,1480.0,Madhya Pradesh,Rajgarh
2017-07-04,Wheat,Khilchipur,1450.0,1485.0,1480.0,Madhya Pradesh,Rajgarh
2017-07-05,Wheat,Khilchipur,1460.0,1490.0,1480.0,Madhya Pradesh,Rajgarh
2017-07-06,Wheat,Khilchipur,1474.0,1490.0,1480.0,Madhya Pradesh,Rajgarh
2017-07-07,Wheat,Khilchipur,1472.0,1480.0,1475.0,Madhya Pradesh,Rajgarh
2017-07-08,Wheat,Khilchipur,1475.0,1490.0,1480.0,Madhya Pradesh,Rajgarh
2017-07-09,Wheat,Khilchipur,1475.0,1490.0,1485.0,Madhya Pradesh,Rajgarh
2017-07-11,Wheat,Khilchipur,1500.0,1530.0,1520.0,Madhya Pradesh,Rajgarh
2017-07-12,Wheat,Khilchipur,1500.0,1537.0,1533.0,Madhya Pradesh,Rajgarh
2017-07-15,Wheat,Khilchipur,1522.0,1552.0,1545.0,Madhya Pradesh,Rajgarh
2017-07-16,Wheat,Khilchipur,1560.0,1569.0,1565.0,Madhya Pradesh,Rajgarh
2017-07-18,Wheat,Khilchipur,1524.0,1577.0,1570.0,Madhya Pradesh,Rajgarh
2017-07-19,Wheat,Khilchipur,1552.0,1574.0,1570.0,Madhya Pradesh,Rajgarh
2017-07-20,Wheat,Khilchipur,1565.0,1573.0,1570.0,Madhya Pradesh,Rajgarh
2017-07-22,Wheat,Khilchipur,1560.0,1587.0,1575.0,Madhya Pradesh,Rajgarh
2017-07-25,Wheat,Khilchipur,1578.0,1603.0,1590.0,Madhya Pradesh,Rajgarh
2017-07-26,Wheat,Khilchipur,1598.0,1606.0,1600.0,Madhya Pradesh,Rajgarh
2017-07-27,Wheat,Khilchipur,1581.0,1600.0,1595.0,Madhya Pradesh,Rajgarh
2017-07-28,Wheat,Khilchipur,1580.0,1599.0,1580.0,Madhya Pradesh,Rajgarh
2017-07-29,Wheat,Khilchipur,1584.0,1599.0,1598.0,Madhya Pradesh,Rajgarh
2017-07-30,Wheat,Khilchipur,1584.0,1591.0,1588.0,Madhya Pradesh,Rajgarh
2017-08-01,Wheat,Khilchipur,1569.0,1577.0,1570.0,Madhya Pradesh,Rajgarh
2017-08-02,Wheat,Khilchipur,1570.0,1578.0,1575.0,Madhya Pradesh,Rajgarh
2017-08-03,Wheat,Khilchipur,1560.0,1574.0,1570.0,Madhya Pradesh,Rajgarh
2017-08-04,Wheat,Khilchipur,1570.0,1578.0,1575.0,Madhya Pradesh,Rajgarh
2017-08-05,Wheat,Khilchipur,1560.0,1580.0,1570.0,Madhya Pradesh,Rajgarh
2017-08-06,Wheat,Khilchipur,1560.0,1584.0,1576.0,Madhya Pradesh,Rajgarh
2017-08-08,Wheat,Khilchipur,1550.0,1603.0,1573.0,Madhya Pradesh,Rajgarh
2017-08-10,Wheat,Khilchipur,1600.0,1614.0,1612.0,Madhya Pradesh,Rajgarh
2017-08-11,Wheat,Khilchipur,1581.0,1614.0,1600.0,Madhya Pradesh,Rajgarh
2017-08-12,Wheat,Khilchipur,1600.0,1612.0,1608.0,Madhya Pradesh,Rajgarh
2017-08-13,Wheat,Khilchipur,1590.0,1611.0,1600.0,Madhya Pradesh,Rajgarh
2017-08-16,Wheat,Khilchipur,1603.0,1618.0,1610.0,Madhya Pradesh,Rajgarh
2017-08-17,Wheat,Khilchipur,1608.0,1616.0,1610.0,Madhya Pradesh,Rajgarh
2017-08-18,Wheat,Khilchipur,1600.0,1621.0,1613.0,Madhya Pradesh,Rajgarh
2017-08-19,Wheat,Khilchipur,1608.0,1613.0,1610.0,Madhya Pradesh,Rajgarh
2017-08-20,Wheat,Khilchipur,1601.0,1613.0,1610.0,Madhya Pradesh,Rajgarh
2017-08-22,Wheat,Khilchipur,1570.0,1616.0,1600.0,Madhya Pradesh,Rajgarh
2017-08-23,Wheat,Khilchipur,1600.0,1606.0,1604.0,Madhya Pradesh,Rajgarh
2017-08-24,Wheat,Khilchipur,1609.0,1614.0,1611.0,Madhya Pradesh,Rajgarh
2017-08-25,Wheat,Khilchipur,1606.0,1612.0,1610.0,Madhya Pradesh,Rajgarh
2017-08-26,Wheat,Khilchipur,1599.0,1610.0,1609.0,Madhya Pradesh,Rajgarh
2017-08-27,Wheat,Khilchipur,1596.0,1610.0,1604.0,Madhya Pradesh,Rajgarh
2017-08-29,Wheat,Khilchipur,1580.0,1591.0,1585.0,Madhya Pradesh,Rajgarh
2017-08-30,Wheat,Khilchipur,1540.0,1585.0,1575.0,Madhya Pradesh,Rajgarh
2017-08-31,Wheat,Khilchipur,1550.0,1582.0,1560.0,Madhya Pradesh,Rajgarh
2017-09-01,Wheat,Khilchipur,1540.0,1579.0,1560.0,Madhya Pradesh,Rajgarh
2017-09-02,Wheat,Khilchipur,1570.0,1585.0,1580.0,Madhya Pradesh,Rajgarh
2017-09-03,Wheat,Khilchipur,1555.0,1578.0,1570.0,Madhya Pradesh,Rajgarh
2017-09-06,Wheat,Khilchipur,1570.0,1570.0,1570.0,Madhya Pradesh,Rajgarh
2017-09-07,Wheat,Khilchipur,1554.0,1580.0,1572.0,Madhya Pradesh,Rajgarh
2017-09-08,Wheat,Khilchipur,1565.0,1574.0,1570.0,Madhya Pradesh,Rajgarh
2017-09-09,Wheat,Khilchipur,1550.0,1572.0,1567.0,Madhya Pradesh,Rajgarh
2017-09-10,Wheat,Khilchipur,1550.0,1565.0,1560.0,Madhya Pradesh,Rajgarh
2017-09-12,Wheat,Khilchipur,1518.0,1561.0,1555.0,Madhya Pradesh,Rajgarh
2017-09-13,Wheat,Khilchipur,1539.0,1564.0,1560.0,Madhya Pradesh,Rajgarh
2017-09-14,Wheat,Khilchipur,1529.0,1564.0,1550.0,Madhya Pradesh,Rajgarh
2017-09-15,Wheat,Khilchipur,1539.0,1570.0,1566.0,Madhya Pradesh,Rajgarh
2017-09-16,Wheat,Khilchipur,1575.0,1582.0,1577.0,Madhya Pradesh,Rajgarh
2017-09-17,Wheat,Khilchipur,1560.0,1581.0,1570.0,Madhya Pradesh,Rajgarh
2017-09-19,Wheat,Khilchipur,1550.0,1588.0,1570.0,Madhya Pradesh,Rajgarh
2017-09-20,Wheat,Khilchipur,1580.0,1586.0,1583.0,Madhya Pradesh,Rajgarh
2017-09-22,Wheat,Khilchipur,1579.0,1585.0,1580.0,Madhya Pradesh,Rajgarh
2017-09-23,Wheat,Khilchipur,1560.0,1596.0,1585.0,Madhya Pradesh,Rajgarh
2017-09-24,Wheat,Khilchipur,1585.0,1595.0,1590.0,Madhya Pradesh,Rajgarh
2017-09-26,Wheat,Khilchipur,1561.0,1571.0,1568.0,Madhya Pradesh,Rajgarh
2017-09-27,Wheat,Khilchipur,1555.0,1564.0,1560.0,Madhya Pradesh,Rajgarh
2017-09-28,Wheat,Khilchipur,1555.0,1564.0,1560.0,Madhya Pradesh,Rajgarh
2017-10-03,Wheat,Khilchipur,1540.0,1547.0,1543.0,Madhya Pradesh,Rajgarh
2017-10-04,Wheat,Khilchipur,1525.0,1540.0,1530.0,Madhya Pradesh,Rajgarh
2017-10-05,Wheat,Khilchipur,1500.0,1540.0,1530.0,Madhya Pradesh,Rajgarh
2017-10-06,Wheat,Khilchipur,1500.0,1528.0,1515.0,Madhya Pradesh,Rajgarh
2017-10-07,Wheat,Khilchipur,1500.0,1533.0,1525.0,Madhya Pradesh,Rajgarh
2017-10-08,Wheat,Khilchipur,1540.0,1550.0,1545.0,Madhya Pradesh,Rajgarh
2017-10-10,Wheat,Khilchipur,1528.0,1549.0,1535.0,Madhya Pradesh,Rajgarh
2017-10-11,Wheat,Khilchipur,1528.0,1549.0,1535.0,Madhya Pradesh,Rajgarh
2017-10-12,Wheat,Khilchipur,1500.0,1540.0,1530.0,Madhya Pradesh,Rajgarh
2017-10-13,Wheat,Khilchipur,1515.0,1535.0,1525.0,Madhya Pradesh,Rajgarh
2017-10-14,Wheat,Khilchipur,1510.0,1535.0,1530.0,Madhya Pradesh,Rajgarh
2017-10-15,Wheat,Khilchipur,1500.0,1535.0,1525.0,Madhya Pradesh,Rajgarh
2017-10-16,Wheat,Khilchipur,1500.0,1540.0,1530.0,Madhya Pradesh,Rajgarh
2017-10-21,Wheat,Khilchipur,1510.0,1540.0,1525.0,Madhya Pradesh,Rajgarh
2017-10-22,Wheat,Khilchipur,1510.0,1540.0,1525.0,Madhya Pradesh,Rajgarh
2017-10-24,Wheat,Khilchipur,1520.0,1540.0,1530.0,Madhya Pradesh,Rajgarh
2017-10-25,Wheat,Khilchipur,1520.0,1540.0,1530.0,Madhya Pradesh,Rajgarh
2017-10-26,Wheat,Khilchipur,1515.0,1545.0,1530.0,Madhya Pradesh,Rajgarh
2017-10-27,Wheat,Khilchipur,1515.0,1556.0,1530.0,Madhya Pradesh,Rajgarh
2017-10-28,Wheat,Khilchipur,1540.0,1560.0,1550.0,Madhya Pradesh,Rajgarh
2017-10-29,Wheat,Khilchipur,1520.0,1550.0,1540.0,Madhya Pradesh,Rajgarh
2017-10-31,Wheat,Khilchipur,1520.0,1555.0,1540.0,Madhya Pradesh,Rajgarh
2017-11-01,Wheat,Khilchipur,1547.0,1558.0,1550.0,Madhya Pradesh,Rajgarh
2017-11-02,Wheat,Khilchipur,1520.0,1560.0,1550.0,Madhya Pradesh,Rajgarh
2017-11-03,Wheat,Khilchipur,1520.0,1560.0,1550.0,Madhya Pradesh,Rajgarh
2017-11-04,Wheat,Khilchipur,1540.0,1565.0,1550.0,Madhya Pradesh,Rajgarh
2017-11-07,Wheat,Khilchipur,1520.0,1550.0,1540.0,Madhya Pradesh,Rajgarh
2017-11-08,Wheat,Khilchipur,1500.0,1550.0,1540.0,Madhya Pradesh,Rajgarh
2017-11-09,Wheat,Khilchipur,1500.0,1540.0,1525.0,Madhya Pradesh,Rajgarh
2017-11-10,Wheat,Khilchipur,1510.0,1550.0,1540.0,Madhya Pradesh,Rajgarh
2017-11-11,Wheat,Khilchipur,1510.0,1550.0,1540.0,Madhya Pradesh,Rajgarh
2017-11-14,Wheat,Khilchipur,1500.0,1555.0,1540.0,Madhya Pradesh,Rajgarh
2017-11-15,Wheat,Khilchipur,1500.0,1560.0,1530.0,Madhya Pradesh,Rajgarh
2017-11-16,Wheat,Khilchipur,1520.0,1555.0,1540.0,Madhya Pradesh,Rajgarh
2017-11-17,Wheat,Khilchipur,1495.0,1555.0,1525.0,Madhya Pradesh,Rajgarh
2017-11-21,Wheat,Khilchipur,1525.0,1540.0,1532.0,Madhya Pradesh,Rajgarh
2017-11-22,Wheat,Khilchipur,1525.0,1540.0,1532.0,Madhya Pradesh,Rajgarh
2017-11-23,Wheat,Khilchipur,1500.0,1550.0,1525.0,Madhya Pradesh,Rajgarh
2017-11-24,Wheat,Khilchipur,1500.0,1554.0,1527.0,Madhya Pradesh,Rajgarh
2017-11-25,Wheat,Khilchipur,1500.0,1570.0,1535.0,Madhya Pradesh,Rajgarh
2017-11-28,Wheat,Khilchipur,1500.0,1546.0,1523.0,Madhya Pradesh,Rajgarh
2017-11-29,Wheat,Khilchipur,1525.0,1540.0,1533.0,Madhya Pradesh,Rajgarh
2017-11-30,Wheat,Khilchipur,1500.0,1540.0,1520.0,Madhya Pradesh,Rajgarh
2017-12-01,Wheat,Khilchipur,1525.0,1547.0,1536.0,Madhya Pradesh,Rajgarh
2017-12-02,Wheat,Khilchipur,1525.0,1547.0,1536.0,Madhya Pradesh,Rajgarh
2017-12-05,Wheat,Khilchipur,1525.0,1540.0,1532.0,Madhya Pradesh,Rajgarh
2017-12-06,Wheat,Khilchipur,1500.0,1544.0,1522.0,Madhya Pradesh,Rajgarh
2017-12-07,Wheat,Khilchipur,1520.0,1550.0,1540.0,Madhya Pradesh,Rajgarh
2017-12-08,Wheat,Khilchipur,1535.0,1562.0,1548.0,Madhya Pradesh,Rajgarh
2017-12-12,Wheat,Khilchipur,1550.0,1570.0,1560.0,Madhya Pradesh,Rajgarh
2017-12-13,Wheat,Khilchipur,1560.0,1576.0,1568.0,Madhya Pradesh,Rajgarh
2017-12-14,Wheat,Khilchipur,1560.0,1579.0,1570.0,Madhya Pradesh,Rajgarh
2017-12-16,Wheat,Khilchipur,1550.0,1585.0,1568.0,Madhya Pradesh,Rajgarh
2017-12-19,Wheat,Khilchipur,1580.0,1599.0,1590.0,Madhya Pradesh,Rajgarh
2017-12-20,Wheat,Khilchipur,1596.0,1612.0,1604.0,Madhya Pradesh,Rajgarh
2017-12-21,Wheat,Khilchipur,1600.0,1616.0,1610.0,Madhya Pradesh,Rajgarh
2017-12-22,Wheat,Khilchipur,1612.0,1626.0,1620.0,Madhya Pradesh,Rajgarh
2017-12-23,Wheat,Khilchipur,1596.0,1622.0,1609.0,Madhya Pradesh,Rajgarh
2017-12-26,Wheat,Khilchipur,1620.0,1638.0,1629.0,Madhya Pradesh,Rajgarh
2017-12-27,Wheat,Khilchipur,1630.0,1646.0,1638.0,Madhya Pradesh,Rajgarh
2017-12-28,Wheat,Khilchipur,1580.0,1647.0,1614.0,Madhya Pradesh,Rajgarh
2017-12-29,Wheat,Khilchipur,1643.0,1645.0,1644.0,Madhya Pradesh,Rajgarh
2017-12-30,Wheat,Khilchipur,1630.0,1647.0,1638.0,Madhya Pradesh,Rajgarh
2017-12-31,Wheat,Khilchipur,1640.0,1644.0,1642.0,Madhya Pradesh,Rajgarh
2018-01-02,Wheat,Khilchipur,1630.0,1647.0,1638.0,Madhya Pradesh,Rajgarh
2018-01-03,Wheat,Khilchipur,1640.0,1645.0,1642.0,Madhya Pradesh,Rajgarh
2018-01-04,Wheat,Khilchipur,1640.0,1644.0,1642.0,Madhya Pradesh,Rajgarh
2018-01-05,Wheat,Khilchipur,1630.0,1647.0,1638.0,Madhya Pradesh,Rajgarh
2018-01-06,Wheat,Khilchipur,1625.0,1645.0,1642.0,Madhya Pradesh,Rajgarh
2018-01-07,Wheat,Khilchipur,1625.0,1645.0,1640.0,Madhya Pradesh,Rajgarh
2018-01-09,Wheat,Khilchipur,1621.0,1640.0,1630.0,Madhya Pradesh,Rajgarh
2018-01-10,Wheat,Khilchipur,1629.0,1647.0,1638.0,Madhya Pradesh,Rajgarh
2018-01-11,Wheat,Khilchipur,1638.0,1644.0,1641.0,Madhya Pradesh,Rajgarh
2018-01-12,Wheat,Khilchipur,1638.0,1647.0,1645.0,Madhya Pradesh,Rajgarh
2018-01-13,Wheat,Khilchipur,1637.0,1647.0,1640.0,Madhya Pradesh,Rajgarh
2018-01-16,Wheat,Khilchipur,1605.0,1642.0,1620.0,Madhya Pradesh,Rajgarh
2018-01-18,Wheat,Khilchipur,1630.0,1640.0,1635.0,Madhya Pradesh,Rajgarh
2018-01-19,Wheat,Khilchipur,1631.0,1634.0,1632.0,Madhya Pradesh,Rajgarh
2018-01-20,Wheat,Khilchipur,1624.0,1631.0,1628.0,Madhya Pradesh,Rajgarh
2018-01-21,Wheat,Khilchipur,1612.0,1618.0,1615.0,Madhya Pradesh,Rajgarh
2018-01-23,Wheat,Khilchipur,1587.0,1596.0,1592.0,Madhya Pradesh,Rajgarh
2018-01-24,Wheat,Khilchipur,1550.0,1581.0,1566.0,Madhya Pradesh,Rajgarh
2018-01-25,Wheat,Khilchipur,1576.0,1581.0,1580.0,Madhya Pradesh,Rajgarh
2018-01-27,Wheat,Khilchipur,1550.0,1584.0,1567.0,Madhya Pradesh,Rajgarh
2018-01-28,Wheat,Khilchipur,1586.0,1588.0,1588.0,Madhya Pradesh,Rajgarh
2018-01-30,Wheat,Khilchipur,1560.0,1587.0,1585.0,Madhya Pradesh,Rajgarh
2018-02-01,Wheat,Khilchipur,1560.0,1581.0,1570.0,Madhya Pradesh,Rajgarh
2018-02-02,Wheat,Khilchipur,1550.0,1566.0,1558.0,Madhya Pradesh,Rajgarh
2018-02-03,Wheat,Khilchipur,1550.0,1566.0,1558.0,Madhya Pradesh,Rajgarh
2018-02-04,Wheat,Khilchipur,1560.0,1568.0,1564.0,Madhya Pradesh,Rajgarh
2018-02-06,Wheat,Khilchipur,1548.0,1570.0,1560.0,Madhya Pradesh,Rajgarh
2018-02-07,Wheat,Khilchipur,1560.0,1578.0,1570.0,Madhya Pradesh,Rajgarh
2018-02-08,Wheat,Khilchipur,1560.0,1700.0,1630.0,Madhya Pradesh,Rajgarh
2018-02-09,Wheat,Khilchipur,1516.0,1580.0,1548.0,Madhya Pradesh,Rajgarh
2018-02-10,Wheat,Khilchipur,1575.0,1580.0,1578.0,Madhya Pradesh,Rajgarh
2018-02-11,Wheat,Khilchipur,1571.0,1592.0,1582.0,Madhya Pradesh,Rajgarh
2018-02-13,Wheat,Khilchipur,1598.0,1642.0,1620.0,Madhya Pradesh,Rajgarh
2018-02-15,Wheat,Khilchipur,1570.0,1641.0,1606.0,Madhya Pradesh,Rajgarh
2018-02-16,Wheat,Khilchipur,1598.0,1700.0,1649.0,Madhya Pradesh,Rajgarh
2018-02-17,Wheat,Khilchipur,1600.0,1666.0,1633.0,Madhya Pradesh,Rajgarh
2018-02-18,Wheat,Khilchipur,1650.0,1673.0,1662.0,Madhya Pradesh,Rajgarh
2018-02-20,Wheat,Khilchipur,1600.0,1728.0,1664.0,Madhya Pradesh,Rajgarh
2018-02-21,Wheat,Khilchipur,1690.0,1725.0,1708.0,Madhya Pradesh,Rajgarh
2018-02-22,Wheat,Khilchipur,1650.0,1750.0,1700.0,Madhya Pradesh,Rajgarh
2018-02-23,Wheat,Khilchipur,1697.0,1726.0,1712.0,Madhya Pradesh,Rajgarh
2018-02-24,Wheat,Khilchipur,1650.0,1717.0,1685.0,Madhya Pradesh,Rajgarh
2018-02-25,Wheat,Khilchipur,1673.0,1729.0,1700.0,Madhya Pradesh,Rajgarh
2018-02-27,Wheat,Khilchipur,1625.0,1675.0,1650.0,Madhya Pradesh,Rajgarh
2018-02-28,Wheat,Khilchipur,1625.0,1656.0,1640.0,Madhya Pradesh,Rajgarh
2018-03-03,Wheat,Khilchipur,1649.0,1678.0,1664.0,Madhya Pradesh,Rajgarh
2018-03-04,Wheat,Khilchipur,1644.0,1750.0,1697.0,Madhya Pradesh,Rajgarh
2018-03-07,Wheat,Khilchipur,1650.0,1750.0,1700.0,Madhya Pradesh,Rajgarh
2018-03-08,Wheat,Khilchipur,1661.0,1717.0,1689.0,Madhya Pradesh,Rajgarh
2018-03-09,Wheat,Khilchipur,1410.0,1702.0,1673.0,Madhya Pradesh,Rajgarh
2018-03-10,Wheat,Khilchipur,1583.0,1701.0,1642.0,Madhya Pradesh,Rajgarh
2018-03-13,Wheat,Khilchipur,1600.0,1672.0,1636.0,Madhya Pradesh,Rajgarh
2018-03-14,Wheat,Khilchipur,1600.0,1703.0,1651.0,Madhya Pradesh,Rajgarh
2018-03-15,Wheat,Khilchipur,1525.0,1677.0,1601.0,Madhya Pradesh,Rajgarh
2018-03-16,Wheat,Khilchipur,1550.0,1680.0,1615.0,Madhya Pradesh,Rajgarh
2018-03-17,Wheat,Khilchipur,1600.0,1681.0,1640.0,Madhya Pradesh,Rajgarh
2018-03-20,Wheat,Khilchipur,1470.0,1735.0,1602.0,Madhya Pradesh,Rajgarh
2018-03-21,Wheat,Khilchipur,1405.0,1735.0,1580.0,Madhya Pradesh,Rajgarh
2018-03-22,Wheat,Khilchipur,1500.0,1735.0,1618.0,Madhya Pradesh,Rajgarh
2018-03-23,Wheat,Khilchipur,1505.0,1735.0,1620.0,Madhya Pradesh,Rajgarh
2018-03-24,Wheat,Khilchipur,1500.0,1735.0,1618.0,Madhya Pradesh,Rajgarh
2018-03-27,Wheat,Khilchipur,1500.0,1735.0,1618.0,Madhya Pradesh,Rajgarh
2018-03-28,Wheat,Khilchipur,1500.0,1735.0,1618.0,Madhya Pradesh,Rajgarh
2018-03-29,Wheat,Khilchipur,1735.0,1735.0,1735.0,Madhya Pradesh,Rajgarh
2018-03-30,Wheat,Khilchipur,1735.0,1735.0,1735.0,Madhya Pradesh,Rajgarh
2018-03-31,Wheat,Khilchipur,1735.0,1735.0,1735.0,Madhya Pradesh,Rajgarh
2018-04-02,Wheat,Khilchipur,1735.0,1735.0,1735.0,Madhya Pradesh,Rajgarh
2018-04-03,Wheat,Khilchipur,1499.0,1735.0,1617.0,Madhya Pradesh,Rajgarh
2018-04-04,Wheat,Khilchipur,1450.0,1735.0,1592.0,Madhya Pradesh,Rajgarh
2018-04-05,Wheat,Khilchipur,1500.0,1735.0,1618.0,Madhya Pradesh,Rajgarh
2018-04-06,Wheat,Khilchipur,1520.0,1735.0,1628.0,Madhya Pradesh,Rajgarh
2018-04-07,Wheat,Khilchipur,1550.0,1620.0,1590.0,Madhya Pradesh,Rajgarh
2018-04-09,Wheat,Khilchipur,1735.0,1735.0,1735.0,Madhya Pradesh,Rajgarh
2018-04-10,Wheat,Khilchipur,1531.0,1735.0,1633.0,Madhya Pradesh,Rajgarh
2018-04-11,Wheat,Khilchipur,1525.0,1735.0,1645.0,Madhya Pradesh,Rajgarh
2018-04-12,Wheat,Khilchipur,1551.0,1735.0,1643.0,Madhya Pradesh,Rajgarh
2018-04-13,Wheat,Khilchipur,1558.0,1735.0,1646.0,Madhya Pradesh,Rajgarh
2018-04-14,Wheat,Khilchipur,1565.0,1584.0,1574.0,Madhya Pradesh,Rajgarh
2018-04-16,Wheat,Khilchipur,1735.0,1735.0,1735.0,Madhya Pradesh,Rajgarh
2018-04-17,Wheat,Khilchipur,1551.0,1735.0,1643.0,Madhya Pradesh,Rajgarh
2018-04-18,Wheat,Khilchipur,1735.0,1735.0,1735.0,Madhya Pradesh,Rajgarh
2018-04-19,Wheat,Khilchipur,1570.0,1735.0,1652.0,Madhya Pradesh,Rajgarh
2018-04-20,Wheat,Khilchipur,1570.0,1735.0,1652.0,Madhya Pradesh,Rajgarh
2018-04-21,Wheat,Khilchipur,1560.0,1620.0,1590.0,Madhya Pradesh,Rajgarh
2018-04-23,Wheat,Khilchipur,1735.0,1735.0,1735.0,Madhya Pradesh,Rajgarh
2018-04-24,Wheat,Khilchipur,1580.0,1735.0,1658.0,Madhya Pradesh,Rajgarh
2018-04-25,Wheat,Khilchipur,1599.0,1735.0,1667.0,Madhya Pradesh,Rajgarh
2018-04-26,Wheat,Khilchipur,1500.0,1735.0,1618.0,Madhya Pradesh,Rajgarh
2018-04-27,Wheat,Khilchipur,1603.0,1735.0,1669.0,Madhya Pradesh,Rajgarh
2018-04-28,Wheat,Khilchipur,1622.0,1673.0,1647.0,Madhya Pradesh,Rajgarh
2018-04-30,Wheat,Khilchipur,1735.0,1735.0,1735.0,Madhya Pradesh,Rajgarh
2018-05-01,Wheat,Khilchipur,1635.0,1735.0,1685.0,Madhya Pradesh,Rajgarh
2018-05-02,Wheat,Khilchipur,1652.0,1735.0,1694.0,Madhya Pradesh,Rajgarh
2018-05-03,Wheat,Khilchipur,1649.0,1735.0,1692.0,Madhya Pradesh,Rajgarh
2018-05-04,Wheat,Khilchipur,1637.0,1735.0,1686.0,Madhya Pradesh,Rajgarh
2018-05-05,Wheat,Khilchipur,1630.0,1671.0,1650.0,Madhya Pradesh,Rajgarh
2018-05-07,Wheat,Khilchipur,1735.0,1735.0,1735.0,Madhya Pradesh,Rajgarh
2018-05-08,Wheat,Khilchipur,1630.0,1735.0,1682.0,Madhya Pradesh,Rajgarh
2018-05-09,Wheat,Khilchipur,1640.0,1735.0,1688.0,Madhya Pradesh,Rajgarh
2018-05-10,Wheat,Khilchipur,1657.0,1735.0,1696.0,Madhya Pradesh,Rajgarh
2018-05-11,Wheat,Khilchipur,1629.0,1750.0,1690.0,Madhya Pradesh,Rajgarh
2018-05-12,Wheat,Khilchipur,1631.0,1730.0,1680.0,Madhya Pradesh,Rajgarh
2018-05-14,Wheat,Khilchipur,1735.0,1735.0,1735.0,Madhya Pradesh,Rajgarh
2018-05-15,Wheat,Khilchipur,1628.0,1735.0,1682.0,Madhya Pradesh,Rajgarh
2018-05-16,Wheat,Khilchipur,1625.0,1735.0,1680.0,Madhya Pradesh,Rajgarh
2018-05-17,Wheat,Khilchipur,1650.0,1735.0,1692.0,Madhya Pradesh,Rajgarh
2018-05-18,Wheat,Khilchipur,1615.0,1815.0,1715.0,Madhya Pradesh,Rajgarh
2018-05-19,Wheat,Khilchipur,1619.0,1716.0,1668.0,Madhya Pradesh,Rajgarh
2018-05-22,Wheat,Khilchipur,1613.0,1713.0,1663.0,Madhya Pradesh,Rajgarh
2018-05-23,Wheat,Khilchipur,1635.0,1703.0,1670.0,Madhya Pradesh,Rajgarh
2018-05-24,Wheat,Khilchipur,1602.0,1702.0,1654.0,Madhya Pradesh,Rajgarh
2018-05-25,Wheat,Khilchipur,1600.0,1711.0,1655.0,Madhya Pradesh,Rajgarh
2018-05-26,Wheat,Khilchipur,1600.0,1721.0,1660.0,Madhya Pradesh,Rajgarh
2018-05-29,Wheat,Khilchipur,1690.0,1725.0,1708.0,Madhya Pradesh,Rajgarh
2018-05-30,Wheat,Khilchipur,1689.0,1715.0,1702.0,Madhya Pradesh,Rajgarh
2018-06-01,Wheat,Khilchipur,1686.0,1800.0,1686.0,Madhya Pradesh,Rajgarh
2018-06-02,Wheat,Khilchipur,1683.0,1690.0,1685.0,Madhya Pradesh,Rajgarh
2018-06-05,Wheat,Khilchipur,1682.0,1688.0,1688.0,Madhya Pradesh,Rajgarh
2018-06-06,Wheat,Khilchipur,1666.0,1666.0,1666.0,Madhya Pradesh,Rajgarh
2018-06-07,Wheat,Khilchipur,1679.0,1679.0,1679.0,Madhya Pradesh,Rajgarh
2018-06-08,Wheat,Khilchipur,1673.0,1682.0,1680.0,Madhya Pradesh,Rajgarh
2018-06-09,Wheat,Khilchipur,1665.0,1666.0,1666.0,Madhya Pradesh,Rajgarh
2018-06-12,Wheat,Khilchipur,1650.0,1741.0,1696.0,Madhya Pradesh,Rajgarh
2018-06-13,Wheat,Khilchipur,1652.0,1670.0,1665.0,Madhya Pradesh,Rajgarh
2018-06-14,Wheat,Khilchipur,1660.0,1670.0,1668.0,Madhya Pradesh,Rajgarh
2018-06-15,Wheat,Khilchipur,1658.0,1666.0,1660.0,Madhya Pradesh,Rajgarh
2018-06-16,Wheat,Khilchipur,1658.0,1680.0,1660.0,Madhya Pradesh,Rajgarh
2018-06-17,Wheat,Khilchipur,1633.0,1670.0,1660.0,Madhya Pradesh,Rajgarh
2018-06-19,Wheat,Khilchipur,1660.0,1670.0,1665.0,Madhya Pradesh,Rajgarh
2018-06-20,Wheat,Khilchipur,1655.0,1676.0,1670.0,Madhya Pradesh,Rajgarh
2018-06-24,Wheat,Khilchipur,1660.0,1669.0,1665.0,Madhya Pradesh,Rajgarh
2018-06-26,Wheat,Khilchipur,1658.0,1678.0,1670.0,Madhya Pradesh,Rajgarh
2018-06-29,Wheat,Khilchipur,1656.0,1666.0,1660.0,Madhya Pradesh,Rajgarh
2018-06-30,Wheat,Khilchipur,1677.0,1680.0,1677.0,Madhya Pradesh,Rajgarh
2018-07-01,Wheat,Khilchipur,1696.0,1698.0,1698.0,Madhya Pradesh,Rajgarh
2018-07-03,Wheat,Khilchipur,1700.0,1713.0,1710.0,Madhya Pradesh,Rajgarh
2018-07-04,Wheat,Khilchipur,1690.0,1705.0,1700.0,Madhya Pradesh,Rajgarh
2018-07-05,Wheat,Khilchipur,1707.0,1715.0,1710.0,Madhya Pradesh,Rajgarh
2018-07-06,Wheat,Khilchipur,1720.0,1734.0,1725.0,Madhya Pradesh,Rajgarh
2018-07-07,Wheat,Khilchipur,1718.0,1734.0,1720.0,Madhya Pradesh,Rajgarh
2018-07-08,Wheat,Khilchipur,1724.0,1732.0,1728.0,Madhya Pradesh,Rajgarh
2018-07-10,Wheat,Khilchipur,1744.0,1789.0,1750.0,Madhya Pradesh,Rajgarh
2018-07-11,Wheat,Khilchipur,1749.0,1755.0,1749.0,Madhya Pradesh,Rajgarh
2018-07-13,Wheat,Khilchipur,1793.0,1800.0,1800.0,Madhya Pradesh,Rajgarh
2018-07-14,Wheat,Khilchipur,1795.0,1800.0,1795.0,Madhya Pradesh,Rajgarh
2018-07-15,Wheat,Khilchipur,1800.0,1810.0,1810.0,Madhya Pradesh,Rajgarh
2018-07-17,Wheat,Khilchipur,1800.0,1820.0,1820.0,Madhya Pradesh,Rajgarh
2018-07-18,Wheat,Khilchipur,1825.0,1838.0,1825.0,Madhya Pradesh,Rajgarh
2018-07-19,Wheat,Khilchipur,1829.0,1854.0,1850.0,Madhya Pradesh,Rajgarh
2018-07-20,Wheat,Khilchipur,1850.0,1877.0,1870.0,Madhya Pradesh,Rajgarh
2018-07-21,Wheat,Khilchipur,1867.0,1900.0,1870.0,Madhya Pradesh,Rajgarh
2018-07-22,Wheat,Khilchipur,1884.0,1884.0,1884.0,Madhya Pradesh,Rajgarh
2018-07-25,Wheat,Khilchipur,1895.0,1912.0,1900.0,Madhya Pradesh,Rajgarh
2018-07-26,Wheat,Khilchipur,1912.0,1916.0,1912.0,Madhya Pradesh,Rajgarh
2018-07-31,Wheat,Khilchipur,1884.0,1919.0,1910.0,Madhya Pradesh,Rajgarh
2018-08-01,Wheat,Khilchipur,1901.0,1905.0,1905.0,Madhya Pradesh,Rajgarh
2018-08-02,Wheat,Khilchipur,1900.0,1903.0,1900.0,Madhya Pradesh,Rajgarh
2018-08-03,Wheat,Khilchipur,1896.0,1902.0,1900.0,Madhya Pradesh,Rajgarh
2018-08-04,Wheat,Khilchipur,1884.0,1890.0,1890.0,Madhya Pradesh,Rajgarh
2018-08-05,Wheat,Khilchipur,1877.0,1902.0,1890.0,Madhya Pradesh,Rajgarh
2018-08-07,Wheat,Khilchipur,1845.0,1884.0,1880.0,Madhya Pradesh,Rajgarh
2018-08-08,Wheat,Khilchipur,1850.0,1884.0,1880.0,Madhya Pradesh,Rajgarh
2018-08-09,Wheat,Khilchipur,1859.0,1859.0,1859.0,Madhya Pradesh,Rajgarh
2018-08-12,Wheat,Khilchipur,1860.0,1865.0,1864.0,Madhya Pradesh,Rajgarh
2018-08-14,Wheat,Khilchipur,1850.0,1870.0,1860.0,Madhya Pradesh,Rajgarh
2018-08-16,Wheat,Khilchipur,1854.0,1859.0,1858.0,Madhya Pradesh,Rajgarh
2018-08-18,Wheat,Khilchipur,1840.0,1850.0,1850.0,Madhya Pradesh,Rajgarh
2018-08-19,Wheat,Khilchipur,1840.0,1850.0,1840.0,Madhya Pradesh,Rajgarh
2018-08-21,Wheat,Khilchipur,1845.0,1850.0,1850.0,Madhya Pradesh,Rajgarh
2018-08-23,Wheat,Khilchipur,1840.0,1845.0,1842.0,Madhya Pradesh,Rajgarh
2018-08-24,Wheat,Khilchipur,1840.0,1853.0,1850.0,Madhya Pradesh,Rajgarh
2018-08-25,Wheat,Khilchipur,1840.0,1865.0,1850.0,Madhya Pradesh,Rajgarh
2018-08-28,Wheat,Khilchipur,1850.0,1865.0,1860.0,Madhya Pradesh,Rajgarh
2018-08-29,Wheat,Khilchipur,1850.0,1875.0,1860.0,Madhya Pradesh,Rajgarh
2018-08-30,Wheat,Khilchipur,1825.0,1874.0,1850.0,Madhya Pradesh,Rajgarh
2018-08-31,Wheat,Khilchipur,1868.0,1885.0,1870.0,Madhya Pradesh,Rajgarh
2018-09-01,Wheat,Khilchipur,1869.0,1875.0,1870.0,Madhya Pradesh,Rajgarh
2018-09-04,Wheat,Khilchipur,1880.0,1880.0,1880.0,Madhya Pradesh,Rajgarh
2018-09-05,Wheat,Khilchipur,1875.0,1886.0,1880.0,Madhya Pradesh,Rajgarh
2018-09-06,Wheat,Khilchipur,1850.0,1884.0,1870.0,Madhya Pradesh,Rajgarh
2018-09-11,Wheat,Khilchipur,1900.0,1915.0,1910.0,Madhya Pradesh,Rajgarh
2018-09-12,Wheat,Khilchipur,1905.0,1910.0,1907.0,Madhya Pradesh,Rajgarh
2018-09-13,Wheat,Khilchipur,1906.0,1908.0,1908.0,Madhya Pradesh,Rajgarh
2018-09-14,Wheat,Khilchipur,1905.0,1913.0,1910.0,Madhya Pradesh,Rajgarh
2018-09-15,Wheat,Khilchipur,1901.0,1930.0,1920.0,Madhya Pradesh,Rajgarh
2018-09-16,Wheat,Khilchipur,1895.0,1917.0,1910.0,Madhya Pradesh,Rajgarh
2018-09-18,Wheat,Khilchipur,1900.0,1905.0,1900.0,Madhya Pradesh,Rajgarh
2018-09-19,Wheat,Khilchipur,1825.0,1906.0,1900.0,Madhya Pradesh,Rajgarh
2018-09-20,Wheat,Khilchipur,1894.0,1900.0,1896.0,Madhya Pradesh,Rajgarh
2018-09-21,Wheat,Khilchipur,1892.0,1898.0,1896.0,Madhya Pradesh,Rajgarh
2018-09-22,Wheat,Khilchipur,1887.0,1891.0,1890.0,Madhya Pradesh,Rajgarh
2018-09-25,Wheat,Khilchipur,1888.0,1897.0,1890.0,Madhya Pradesh,Rajgarh
2018-09-26,Wheat,Khilchipur,1890.0,1895.0,1895.0,Madhya Pradesh,Rajgarh
2018-09-27,Wheat,Khilchipur,1884.0,1890.0,1890.0,Madhya Pradesh,Rajgarh
2018-09-28,Wheat,Khilchipur,1887.0,1897.0,1890.0,Madhya Pradesh,Rajgarh
2018-09-29,Wheat,Khilchipur,1882.0,1888.0,1888.0,Madhya Pradesh,Rajgarh
2018-09-30,Wheat,Khilchipur,1880.0,1880.0,1880.0,Madhya Pradesh,Rajgarh
2018-10-05,Wheat,Khilchipur,1863.0,1879.0,1870.0,Madhya Pradesh,Rajgarh
2018-10-06,Wheat,Khilchipur,1866.0,1873.0,1870.0,Madhya Pradesh,Rajgarh
2018-10-07,Wheat,Khilchipur,1867.0,1873.0,1870.0,Madhya Pradesh,Rajgarh
2018-10-09,Wheat,Khilchipur,1865.0,1879.0,1870.0,Madhya Pradesh,Rajgarh
2018-10-10,Wheat,Khilchipur,1862.0,1872.0,1870.0,Madhya Pradesh,Rajgarh
2018-10-11,Wheat,Khilchipur,1862.0,1882.0,1870.0,Madhya Pradesh,Rajgarh
2018-10-12,Wheat,Khilchipur,1860.0,1885.0,1870.0,Madhya Pradesh,Rajgarh
2018-10-13,Wheat,Khilchipur,1865.0,1900.0,1890.0,Madhya Pradesh,Rajgarh
2018-10-14,Wheat,Khilchipur,1800.0,1909.0,1880.0,Madhya Pradesh,Rajgarh
2018-10-16,Wheat,Khilchipur,1850.0,1920.0,1900.0,Madhya Pradesh,Rajgarh
2018-10-23,Wheat,Khilchipur,1850.0,1910.0,1890.0,Madhya Pradesh,Rajgarh
2018-10-24,Wheat,Khilchipur,1850.0,1900.0,1890.0,Madhya Pradesh,Rajgarh
2018-10-25,Wheat,Khilchipur,1840.0,1920.0,1900.0,Madhya Pradesh,Rajgarh
2018-10-26,Wheat,Khilchipur,1840.0,1900.0,1890.0,Madhya Pradesh,Rajgarh
2018-10-27,Wheat,Khilchipur,1830.0,1905.0,1900.0,Madhya Pradesh,Rajgarh
2018-10-30,Wheat,Khilchipur,1850.0,1905.0,1900.0,Madhya Pradesh,Rajgarh
2018-10-31,Wheat,Khilchipur,1850.0,1890.0,1880.0,Madhya Pradesh,Rajgarh
2018-11-01,Wheat,Khilchipur,1850.0,1885.0,1880.0,Madhya Pradesh,Rajgarh
2018-11-02,Wheat,Khilchipur,1840.0,1890.0,1865.0,Madhya Pradesh,Rajgarh
2018-11-03,Wheat,Khilchipur,1850.0,1895.0,1870.0,Madhya Pradesh,Rajgarh
2018-11-09,Wheat,Khilchipur,1866.0,1900.0,1890.0,Madhya Pradesh,Rajgarh
2018-11-13,Wheat,Khilchipur,1850.0,1905.0,1900.0,Madhya Pradesh,Rajgarh
2018-11-14,Wheat,Khilchipur,1850.0,1905.0,1900.0,Madhya Pradesh,Rajgarh
2018-11-15,Wheat,Khilchipur,1850.0,1890.0,1880.0,Madhya Pradesh,Rajgarh
2018-11-16,Wheat,Khilchipur,1880.0,1890.0,1890.0,Madhya Pradesh,Rajgarh
2018-11-17,Wheat,Khilchipur,1895.0,1910.0,1900.0,Madhya Pradesh,Rajgarh
2018-11-20,Wheat,Khilchipur,1890.0,1905.0,1900.0,Madhya Pradesh,Rajgarh
2018-11-21,Wheat,Khilchipur,1870.0,1905.0,1900.0,Madhya Pradesh,Rajgarh
2018-11-22,Wheat,Khilchipur,1890.0,1910.0,1900.0,Madhya Pradesh,Rajgarh
2018-11-30,Wheat,Khilchipur,1890.0,1915.0,1900.0,Madhya Pradesh,Rajgarh
2018-12-01,Wheat,Khilchipur,1890.0,1915.0,1905.0,Madhya Pradesh,Rajgarh
2018-12-04,Wheat,Khilchipur,1900.0,1915.0,1910.0,Madhya Pradesh,Rajgarh
2018-12-05,Wheat,Khilchipur,1900.0,1910.0,1905.0,Madhya Pradesh,Rajgarh
2018-12-06,Wheat,Khilchipur,1900.0,1920.0,1905.0,Madhya Pradesh,Rajgarh
2018-12-07,Wheat,Khilchipur,1900.0,1915.0,1910.0,Madhya Pradesh,Rajgarh
2018-12-09,Wheat,Khilchipur,1900.0,1920.0,1905.0,Madhya Pradesh,Rajgarh
2018-12-12,Wheat,Khilchipur,1905.0,1920.0,1910.0,Madhya Pradesh,Rajgarh
2018-12-13,Wheat,Khilchipur,1900.0,1915.0,1905.0,Madhya Pradesh,Rajgarh
2018-12-14,Wheat,Khilchipur,1900.0,1980.0,1920.0,Madhya Pradesh,Rajgarh
2018-12-15,Wheat,Khilchipur,1900.0,1960.0,1950.0,Madhya Pradesh,Rajgarh
2018-12-18,Wheat,Khilchipur,1900.0,1920.0,1905.0,Madhya Pradesh,Rajgarh
2018-12-19,Wheat,Khilchipur,1900.0,1920.0,1905.0,Madhya Pradesh,Rajgarh
2018-12-20,Wheat,Khilchipur,1900.0,1909.0,1905.0,Madhya Pradesh,Rajgarh
2018-12-21,Wheat,Khilchipur,1900.0,1910.0,1910.0,Madhya Pradesh,Rajgarh
2018-12-22,Wheat,Khilchipur,1900.0,1909.0,1905.0,Madhya Pradesh,Rajgarh
2018-12-26,Wheat,Khilchipur,1900.0,1915.0,1910.0,Madhya Pradesh,Rajgarh
2018-12-27,Wheat,Khilchipur,1900.0,1915.0,1905.0,Madhya Pradesh,Rajgarh
2018-12-28,Wheat,Khilchipur,1910.0,1921.0,1920.0,Madhya Pradesh,Rajgarh
2018-12-29,Wheat,Khilchipur,1926.0,1939.0,1930.0,Madhya Pradesh,Rajgarh
2019-01-01,Wheat,Khilchipur,1923.0,1945.0,1930.0,Madhya Pradesh,Rajgarh
2019-01-02,Wheat,Khilchipur,1926.0,1960.0,1940.0,Madhya Pradesh,Rajgarh
2019-01-03,Wheat,Khilchipur,1970.0,1984.0,1975.0,Madhya Pradesh,Rajgarh
2019-01-04,Wheat,Khilchipur,1965.0,1973.0,1970.0,Madhya Pradesh,Rajgarh
2019-01-05,Wheat,Khilchipur,1967.0,1971.0,1970.0,Madhya Pradesh,Rajgarh
2019-01-08,Wheat,Khilchipur,1950.0,2000.0,1970.0,Madhya Pradesh,Rajgarh
2019-01-09,Wheat,Khilchipur,1978.0,2000.0,1980.0,Madhya Pradesh,Rajgarh
2019-01-10,Wheat,Khilchipur,1985.0,2024.0,2000.0,Madhya Pradesh,Rajgarh
2019-01-11,Wheat,Khilchipur,1970.0,1990.0,1980.0,Madhya Pradesh,Rajgarh
2019-01-12,Wheat,Khilchipur,1981.0,2004.0,2000.0,Madhya Pradesh,Rajgarh
2019-01-16,Wheat,Khilchipur,1920.0,2010.0,1970.0,Madhya Pradesh,Rajgarh
2019-01-17,Wheat,Khilchipur,1960.0,1990.0,1970.0,Madhya Pradesh,Rajgarh
2019-01-18,Wheat,Khilchipur,1940.0,1980.0,1960.0,Madhya Pradesh,Rajgarh
2019-01-19,Wheat,Khilchipur,1950.0,1970.0,1960.0,Madhya Pradesh,Rajgarh
2019-01-22,Wheat,Khilchipur,1960.0,1981.0,1970.0,Madhya Pradesh,Rajgarh
2019-01-23,Wheat,Khilchipur,1960.0,1985.0,1980.0,Madhya Pradesh,Rajgarh
2019-01-24,Wheat,Khilchipur,1965.0,1995.0,1970.0,Madhya Pradesh,Rajgarh
2019-01-25,Wheat,Khilchipur,2000.0,2000.0,2000.0,Madhya Pradesh,Rajgarh
2019-01-27,Wheat,Khilchipur,1980.0,1997.0,1997.0,Madhya Pradesh,Rajgarh
2019-01-29,Wheat,Khilchipur,1975.0,1981.0,1979.0,Madhya Pradesh,Rajgarh
2019-01-30,Wheat,Khilchipur,1978.0,1983.0,1980.0,Madhya Pradesh,Rajgarh
2019-01-31,Wheat,Khilchipur,1980.0,2081.0,2000.0,Madhya Pradesh,Rajgarh
2019-02-01,Wheat,Khilchipur,1977.0,1997.0,1990.0,Madhya Pradesh,Rajgarh
2019-02-02,Wheat,Khilchipur,1965.0,2045.0,1990.0,Madhya Pradesh,Rajgarh
2019-02-03,Wheat,Khilchipur,1955.0,1970.0,1960.0,Madhya Pradesh,Rajgarh
2019-02-05,Wheat,Khilchipur,1925.0,1956.0,1950.0,Madhya Pradesh,Rajgarh
2019-02-06,Wheat,Khilchipur,1931.0,1991.0,1970.0,Madhya Pradesh,Rajgarh
2019-02-07,Wheat,Khilchipur,1900.0,1941.0,1920.0,Madhya Pradesh,Rajgarh
2019-02-08,Wheat,Khilchipur,1929.0,1935.0,1930.0,Madhya Pradesh,Rajgarh
2019-02-09,Wheat,Khilchipur,1900.0,1929.0,1920.0,Madhya Pradesh,Rajgarh
2019-02-12,Wheat,Khilchipur,1931.0,1944.0,1940.0,Madhya Pradesh,Rajgarh
2019-02-13,Wheat,Khilchipur,1931.0,2001.0,1950.0,Madhya Pradesh,Rajgarh
2019-02-14,Wheat,Khilchipur,1921.0,2006.0,2000.0,Madhya Pradesh,Rajgarh
2019-02-15,Wheat,Khilchipur,1920.0,1944.0,1930.0,Madhya Pradesh,Rajgarh
2019-02-17,Wheat,Khilchipur,1940.0,1985.0,1980.0,Madhya Pradesh,Rajgarh
2019-02-19,Wheat,Khilchipur,1770.0,1919.0,1900.0,Madhya Pradesh,Rajgarh
2019-02-21,Wheat,Khilchipur,1750.0,1900.0,1870.0,Madhya Pradesh,Rajgarh
2019-02-22,Wheat,Khilchipur,1711.0,1920.0,1890.0,Madhya Pradesh,Rajgarh
2019-02-23,Wheat,Khilchipur,1600.0,1875.0,1800.0,Madhya Pradesh,Rajgarh
2019-02-26,Wheat,Khilchipur,1760.0,1829.0,1800.0,Madhya Pradesh,Rajgarh
2019-02-27,Wheat,Khilchipur,1660.0,1820.0,1780.0,Madhya Pradesh,Rajgarh
2019-02-28,Wheat,Khilchipur,1760.0,1830.0,1800.0,Madhya Pradesh,Rajgarh
2019-03-01,Wheat,Khilchipur,1740.0,1820.0,1800.0,Madhya Pradesh,Rajgarh
2019-03-02,Wheat,Khilchipur,1760.0,1825.0,1800.0,Madhya Pradesh,Rajgarh
2019-03-05,Wheat,Khilchipur,1600.0,1820.0,1700.0,Madhya Pradesh,Rajgarh
2019-03-06,Wheat,Khilchipur,1650.0,1800.0,1700.0,Madhya Pradesh,Rajgarh
2019-03-07,Wheat,Khilchipur,1750.0,1820.0,1800.0,Madhya Pradesh,Rajgarh
2019-03-08,Wheat,Khilchipur,1750.0,1850.0,1800.0,Madhya Pradesh,Rajgarh
2019-03-09,Wheat,Khilchipur,1775.0,1820.0,1800.0,Madhya Pradesh,Rajgarh
2019-03-12,Wheat,Khilchipur,1800.0,1840.0,1810.0,Madhya Pradesh,Rajgarh
2019-03-13,Wheat,Khilchipur,1700.0,1840.0,1750.0,Madhya Pradesh,Rajgarh
2019-03-14,Wheat,Khilchipur,1600.0,2000.0,1800.0,Madhya Pradesh,Rajgarh
2019-03-15,Wheat,Khilchipur,1750.0,1820.0,1800.0,Madhya Pradesh,Rajgarh
2019-03-16,Wheat,Khilchipur,1600.0,1830.0,1790.0,Madhya Pradesh,Rajgarh
2019-03-17,Wheat,Khilchipur,1763.0,1998.0,1980.0,Madhya Pradesh,Rajgarh
2019-03-19,Wheat,Khilchipur,1650.0,2310.0,1750.0,Madhya Pradesh,Rajgarh
2019-03-20,Wheat,Khilchipur,1650.0,2400.0,1770.0,Madhya Pradesh,Rajgarh
2019-03-22,Wheat,Khilchipur,1660.0,1753.0,1740.0,Madhya Pradesh,Rajgarh
2019-03-23,Wheat,Khilchipur,1750.0,1850.0,1770.0,Madhya Pradesh,Rajgarh
2019-03-26,Wheat,Khilchipur,1700.0,1850.0,1800.0,Madhya Pradesh,Rajgarh
2019-03-27,Wheat,Khilchipur,1699.0,1782.0,1740.0,Madhya Pradesh,Rajgarh
2019-03-28,Wheat,Khilchipur,1650.0,2000.0,1700.0,Madhya Pradesh,Rajgarh
2019-04-01,Wheat,Khilchipur,1840.0,1840.0,1840.0,Madhya Pradesh,Rajgarh
2019-04-02,Wheat,Khilchipur,1840.0,1840.0,1840.0,Madhya Pradesh,Rajgarh
2019-04-03,Wheat,Khilchipur,1650.0,1840.0,1740.0,Madhya Pradesh,Rajgarh
2019-04-04,Wheat,Khilchipur,1650.0,1840.0,1800.0,Madhya Pradesh,Rajgarh
2019-04-05,Wheat,Khilchipur,1650.0,1840.0,1700.0,Madhya Pradesh,Rajgarh
2019-04-08,Wheat,Khilchipur,1840.0,1840.0,1840.0,Madhya Pradesh,Rajgarh
2019-04-09,Wheat,Khilchipur,1650.0,1840.0,1690.0,Madhya Pradesh,Rajgarh
2019-04-10,Wheat,Khilchipur,1550.0,1840.0,1620.0,Madhya Pradesh,Rajgarh
2019-04-12,Wheat,Khilchipur,1590.0,1840.0,1680.0,Madhya Pradesh,Rajgarh
2019-04-15,Wheat,Khilchipur,1840.0,1840.0,1840.0,Madhya Pradesh,Rajgarh
2019-04-16,Wheat,Khilchipur,1660.0,1815.0,1750.0,Madhya Pradesh,Rajgarh
2019-04-17,Wheat,Khilchipur,1680.0,1840.0,1701.0,Madhya Pradesh,Rajgarh
2019-04-18,Wheat,Khilchipur,1690.0,1840.0,1740.0,Madhya Pradesh,Rajgarh
2019-04-19,Wheat,Khilchipur,1690.0,1840.0,1750.0,Madhya Pradesh,Rajgarh
2019-04-20,Wheat,Khilchipur,1705.0,1765.0,1720.0,Madhya Pradesh,Rajgarh
2019-04-22,Wheat,Khilchipur,1840.0,1840.0,1840.0,Madhya Pradesh,Rajgarh
2019-04-23,Wheat,Khilchipur,1690.0,1840.0,1810.0,Madhya Pradesh,Rajgarh
2019-04-24,Wheat,Khilchipur,1700.0,1840.0,1800.0,Madhya Pradesh,Rajgarh
2019-04-25,Wheat,Khilchipur,1700.0,1840.0,1800.0,Madhya Pradesh,Rajgarh
2019-04-26,Wheat,Khilchipur,1725.0,1840.0,1840.0,Madhya Pradesh,Rajgarh
2019-04-27,Wheat,Khilchipur,1700.0,1750.0,1730.0,Madhya Pradesh,Rajgarh
2019-04-29,Wheat,Khilchipur,1840.0,1840.0,1840.0,Madhya Pradesh,Rajgarh
2019-04-30,Wheat,Khilchipur,1700.0,1840.0,1725.0,Madhya Pradesh,Rajgarh
2019-05-01,Wheat,Khilchipur,1840.0,1840.0,1840.0,Madhya Pradesh,Rajgarh
2019-05-02,Wheat,Khilchipur,1692.0,1840.0,1725.0,Madhya Pradesh,Rajgarh
2019-05-03,Wheat,Khilchipur,1699.0,1840.0,1750.0,Madhya Pradesh,Rajgarh
2019-05-04,Wheat,Khilchipur,1725.0,1750.0,1730.0,Madhya Pradesh,Rajgarh
2019-05-06,Wheat,Khilchipur,1840.0,1840.0,1840.0,Madhya Pradesh,Rajgarh
2019-05-07,Wheat,Khilchipur,1840.0,1840.0,1840.0,Madhya Pradesh,Rajgarh
2019-05-08,Wheat,Khilchipur,1740.0,1772.0,1750.0,Madhya Pradesh,Rajgarh
2019-05-09,Wheat,Khilchipur,1780.0,1840.0,1820.0,Madhya Pradesh,Rajgarh
2019-05-10,Wheat,Khilchipur,1790.0,1840.0,1820.0,Madhya Pradesh,Rajgarh
2019-05-14,Wheat,Khilchipur,1800.0,1885.0,1840.0,Madhya Pradesh,Rajgarh
2019-05-15,Wheat,Khilchipur,1840.0,1900.0,1870.0,Madhya Pradesh,Rajgarh
2019-05-16,Wheat,Khilchipur,1800.0,1860.0,1850.0,Madhya Pradesh,Rajgarh
2019-05-17,Wheat,Khilchipur,1830.0,1840.0,1835.0,Madhya Pradesh,Rajgarh
2019-05-18,Wheat,Khilchipur,1820.0,1838.0,1830.0,Madhya Pradesh,Rajgarh
2019-05-21,Wheat,Khilchipur,1796.0,1840.0,1800.0,Madhya Pradesh,Rajgarh
2019-05-22,Wheat,Khilchipur,1780.0,1840.0,1800.0,Madhya Pradesh,Rajgarh
2019-05-23,Wheat,Khilchipur,1840.0,1840.0,1840.0,Madhya Pradesh,Rajgarh
2019-05-24,Wheat,Khilchipur,1780.0,1824.0,1800.0,Madhya Pradesh,Rajgarh
2019-05-25,Wheat,Khilchipur,1790.0,1830.0,1800.0,Madhya Pradesh,Rajgarh
2019-05-28,Wheat,Khilchipur,1765.0,1780.0,1770.0,Madhya Pradesh,Rajgarh
2019-05-29,Wheat,Khilchipur,1735.0,1760.0,1750.0,Madhya Pradesh,Rajgarh
2019-05-30,Wheat,Khilchipur,1758.0,1780.0,1770.0,Madhya Pradesh,Rajgarh
2019-05-31,Wheat,Khilchipur,1780.0,1804.0,1800.0,Madhya Pradesh,Rajgarh
2019-06-01,Wheat,Khilchipur,1822.0,1838.0,1830.0,Madhya Pradesh,Rajgarh
2019-06-04,Wheat,Khilchipur,1794.0,1819.0,1800.0,Madhya Pradesh,Rajgarh
2019-06-05,Wheat,Khilchipur,1794.0,1810.0,1800.0,Madhya Pradesh,Rajgarh
2019-06-06,Wheat,Khilchipur,1785.0,1803.0,1790.0,Madhya Pradesh,Rajgarh
2019-06-07,Wheat,Khilchipur,1768.0,1801.0,1780.0,Madhya Pradesh,Rajgarh
2019-06-08,Wheat,Khilchipur,1765.0,1790.0,1780.0,Madhya Pradesh,Rajgarh
2019-06-11,Wheat,Khilchipur,1764.0,1771.0,1770.0,Madhya Pradesh,Rajgarh
2019-06-12,Wheat,Khilchipur,1756.0,1765.0,1760.0,Madhya Pradesh,Rajgarh
2019-06-13,Wheat,Khilchipur,1755.0,1770.0,1760.0,Madhya Pradesh,Rajgarh
2019-06-14,Wheat,Khilchipur,1754.0,1765.0,1760.0,Madhya Pradesh,Rajgarh
2019-06-15,Wheat,Khilchipur,1750.0,1780.0,1760.0,Madhya Pradesh,Rajgarh
2019-06-18,Wheat,Khilchipur,1733.0,1775.0,1760.0,Madhya Pradesh,Rajgarh
2019-06-19,Wheat,Khilchipur,1773.0,1790.0,1780.0,Madhya Pradesh,Rajgarh
2019-06-20,Wheat,Khilchipur,1756.0,1811.0,1780.0,Madhya Pradesh,Rajgarh
2019-06-21,Wheat,Khilchipur,1780.0,1811.0,1800.0,Madhya Pradesh,Rajgarh
2019-06-22,Wheat,Khilchipur,1778.0,1795.0,1790.0,Madhya Pradesh,Rajgarh
2019-06-25,Wheat,Khilchipur,1775.0,1801.0,1790.0,Madhya Pradesh,Rajgarh
2019-06-26,Wheat,Khilchipur,1749.0,1788.0,1760.0,Madhya Pradesh,Rajgarh
2019-06-27,Wheat,Khilchipur,1782.0,1807.0,1800.0,Madhya Pradesh,Rajgarh
2019-06-28,Wheat,Khilchipur,1805.0,1820.0,1810.0,Madhya Pradesh,Rajgarh
2019-06-29,Wheat,Khilchipur,1815.0,1820.0,1815.0,Madhya Pradesh,Rajgarh
2019-07-02,Wheat,Khilchipur,1844.0,1856.0,1850.0,Madhya Pradesh,Rajgarh
2019-07-03,Wheat,Khilchipur,1831.0,1845.0,1840.0,Madhya Pradesh,Rajgarh
2019-07-04,Wheat,Khilchipur,1851.0,1861.0,1860.0,Madhya Pradesh,Rajgarh
2019-07-05,Wheat,Khilchipur,1860.0,1870.0,1865.0,Madhya Pradesh,Rajgarh
2019-07-06,Wheat,Khilchipur,1860.0,1875.0,1870.0,Madhya Pradesh,Rajgarh
2019-07-09,Wheat,Khilchipur,1880.0,1906.0,1900.0,Madhya Pradesh,Rajgarh
2019-07-10,Wheat,Khilchipur,1875.0,1890.0,1880.0,Madhya Pradesh,Rajgarh
2019-07-11,Wheat,Khilchipur,1880.0,1903.0,1900.0,Madhya Pradesh,Rajgarh
2019-07-12,Wheat,Khilchipur,1876.0,1886.0,1880.0,Madhya Pradesh,Rajgarh
2019-07-13,Wheat,Khilchipur,1875.0,1886.0,1880.0,Madhya Pradesh,Rajgarh
2019-07-16,Wheat,Khilchipur,1884.0,1907.0,1890.0,Madhya Pradesh,Rajgarh
2019-07-17,Wheat,Khilchipur,1913.0,1932.0,1920.0,Madhya Pradesh,Rajgarh
2019-07-18,Wheat,Khilchipur,1930.0,1940.0,1935.0,Madhya Pradesh,Rajgarh
2019-07-19,Wheat,Khilchipur,1938.0,1944.0,1940.0,Madhya Pradesh,Rajgarh
2019-07-20,Wheat,Khilchipur,1950.0,1963.0,1960.0,Madhya Pradesh,Rajgarh
2019-07-24,Wheat,Khilchipur,1949.0,1963.0,1950.0,Madhya Pradesh,Rajgarh
2019-07-27,Wheat,Khilchipur,1975.0,1980.0,1978.0,Madhya Pradesh,Rajgarh
2019-07-29,Wheat,Khilchipur,1990.0,2000.0,1995.0,Madhya Pradesh,Rajgarh
2019-07-30,Wheat,Khilchipur,1994.0,2005.0,2000.0,Madhya Pradesh,Rajgarh
2019-07-31,Wheat,Khilchipur,2003.0,2012.0,2010.0,Madhya Pradesh,Rajgarh
2019-08-02,Wheat,Khilchipur,2000.0,2010.0,2005.0,Madhya Pradesh,Rajgarh
2019-08-03,Wheat,Khilchipur,1975.0,2040.0,2000.0,Madhya Pradesh,Rajgarh
2019-08-06,Wheat,Khilchipur,2015.0,2035.0,2020.0,Madhya Pradesh,Rajgarh
2019-08-07,Wheat,Khilchipur,1998.0,2011.0,2010.0,Madhya Pradesh,Rajgarh
2019-08-08,Wheat,Khilchipur,1995.0,2005.0,2000.0,Madhya Pradesh,Rajgarh
2019-08-09,Wheat,Khilchipur,1960.0,1985.0,1970.0,Madhya Pradesh,Rajgarh
2019-08-10,Wheat,Khilchipur,1980.0,1995.0,1990.0,Madhya Pradesh,Rajgarh
2019-08-13,Wheat,Khilchipur,1965.0,1985.0,1980.0,Madhya Pradesh,Rajgarh
2019-08-17,Wheat,Khilchipur,1980.0,1990.0,1985.0,Madhya Pradesh,Rajgarh
2019-08-20,Wheat,Khilchipur,1980.0,1995.0,1990.0,Madhya Pradesh,Rajgarh
2019-08-21,Wheat,Khilchipur,1980.0,1992.0,1990.0,Madhya Pradesh,Rajgarh
2019-08-22,Wheat,Khilchipur,1980.0,1990.0,1985.0,Madhya Pradesh,Rajgarh
2019-08-28,Wheat,Khilchipur,1950.0,1980.0,1970.0,Madhya Pradesh,Rajgarh
2019-08-29,Wheat,Khilchipur,1960.0,1985.0,1970.0,Madhya Pradesh,Rajgarh
2019-08-30,Wheat,Khilchipur,1955.0,1990.0,1980.0,Madhya Pradesh,Rajgarh
2019-08-31,Wheat,Khilchipur,1951.0,1990.0,1975.0,Madhya Pradesh,Rajgarh
2019-09-18,Wheat,Khilchipur,1978.0,1985.0,1980.0,Madhya Pradesh,Rajgarh
2019-09-20,Wheat,Khilchipur,1978.0,1985.0,1980.0,Madhya Pradesh,Rajgarh
2019-09-21,Wheat,Khilchipur,1977.0,1983.0,1980.0,Madhya Pradesh,Rajgarh
2019-09-24,Wheat,Khilchipur,1970.0,1985.0,1980.0,Madhya Pradesh,Rajgarh
2019-09-25,Wheat,Khilchipur,1985.0,1996.0,1995.0,Madhya Pradesh,Rajgarh
2019-09-26,Wheat,Khilchipur,1989.0,1998.0,1995.0,Madhya Pradesh,Rajgarh
2019-09-27,Wheat,Khilchipur,1990.0,1997.0,1995.0,Madhya Pradesh,Rajgarh
2019-09-28,Wheat,Khilchipur,1991.0,2000.0,1995.0,Madhya Pradesh,Rajgarh
2019-10-01,Wheat,Khilchipur,2019.0,2030.0,2025.0,Madhya Pradesh,Rajgarh
2019-10-03,Wheat,Khilchipur,2010.0,2040.0,2020.0,Madhya Pradesh,Rajgarh
2019-10-04,Wheat,Khilchipur,2010.0,2050.0,2030.0,Madhya Pradesh,Rajgarh
2019-10-05,Wheat,Khilchipur,2020.0,2040.0,2030.0,Madhya Pradesh,Rajgarh
2019-10-09,Wheat,Khilchipur,2010.0,2034.0,2030.0,Madhya Pradesh,Rajgarh
2019-10-10,Wheat,Khilchipur,2045.0,2060.0,2050.0,Madhya Pradesh,Rajgarh
2019-10-11,Wheat,Khilchipur,2050.0,2070.0,2060.0,Madhya Pradesh,Rajgarh
2019-10-12,Wheat,Khilchipur,2030.0,2067.0,2060.0,Madhya Pradesh,Rajgarh
2019-10-13,Wheat,Khilchipur,2034.0,2075.0,2060.0,Madhya Pradesh,Rajgarh
2019-10-15,Wheat,Khilchipur,2010.0,2082.0,2060.0,Madhya Pradesh,Rajgarh
2019-10-16,Wheat,Khilchipur,2030.0,2090.0,2050.0,Madhya Pradesh,Rajgarh
2019-10-17,Wheat,Khilchipur,2040.0,2080.0,2070.0,Madhya Pradesh,Rajgarh
2019-10-18,Wheat,Khilchipur,2030.0,2095.0,2060.0,Madhya Pradesh,Rajgarh
2019-10-19,Wheat,Khilchipur,2000.0,2070.0,2050.0,Madhya Pradesh,Rajgarh
2019-10-22,Wheat,Khilchipur,2030.0,2080.0,2065.0,Madhya Pradesh,Rajgarh
2019-10-23,Wheat,Khilchipur,2030.0,2085.0,2060.0,Madhya Pradesh,Rajgarh
2019-10-24,Wheat,Khilchipur,2000.0,2040.0,2020.0,Madhya Pradesh,Rajgarh
2019-10-30,Wheat,Khilchipur,2010.0,2090.0,2060.0,Madhya Pradesh,Rajgarh
2019-10-31,Wheat,Khilchipur,2040.0,2085.0,2060.0,Madhya Pradesh,Rajgarh
2019-11-01,Wheat,Khilchipur,2030.0,2070.0,2050.0,Madhya Pradesh,Rajgarh
2019-11-02,Wheat,Khilchipur,2030.0,2065.0,2050.0,Madhya Pradesh,Rajgarh
2019-11-06,Wheat,Khilchipur,2010.0,2070.0,2040.0,Madhya Pradesh,Rajgarh
2019-11-07,Wheat,Khilchipur,2040.0,2075.0,2060.0,Madhya Pradesh,Rajgarh
2019-11-08,Wheat,Khilchipur,2015.0,2060.0,2050.0,Madhya Pradesh,Rajgarh
2019-11-09,Wheat,Khilchipur,2030.0,2075.0,2060.0,Madhya Pradesh,Rajgarh
2019-11-12,Wheat,Khilchipur,2040.0,2075.0,2060.0,Madhya Pradesh,Rajgarh
2019-11-13,Wheat,Khilchipur,2050.0,2080.0,2060.0,Madhya Pradesh,Rajgarh
2019-11-14,Wheat,Khilchipur,2030.0,2075.0,2050.0,Madhya Pradesh,Rajgarh
2019-11-15,Wheat,Khilchipur,2040.0,2086.0,2060.0,Madhya Pradesh,Rajgarh
2019-11-16,Wheat,Khilchipur,2030.0,2080.0,2040.0,Madhya Pradesh,Rajgarh
2019-11-19,Wheat,Khilchipur,2031.0,2085.0,2060.0,Madhya Pradesh,Rajgarh
2019-11-20,Wheat,Khilchipur,2040.0,2076.0,2060.0,Madhya Pradesh,Rajgarh
2019-11-21,Wheat,Khilchipur,2030.0,2080.0,2060.0,Madhya Pradesh,Rajgarh
2019-11-22,Wheat,Khilchipur,2040.0,2075.0,2050.0,Madhya Pradesh,Rajgarh
2019-11-23,Wheat,Khilchipur,2030.0,2075.0,2060.0,Madhya Pradesh,Rajgarh
2019-11-24,Wheat,Khilchipur,2030.0,2078.0,2065.0,Madhya Pradesh,Rajgarh
2019-11-26,Wheat,Khilchipur,2030.0,2060.0,2050.0,Madhya Pradesh,Rajgarh
2019-11-27,Wheat,Khilchipur,2030.0,2065.0,2050.0,Madhya Pradesh,Rajgarh
2019-11-28,Wheat,Khilchipur,2010.0,2050.0,2040.0,Madhya Pradesh,Rajgarh
2019-11-29,Wheat,Khilchipur,2030.0,2060.0,2050.0,Madhya Pradesh,Rajgarh
2019-11-30,Wheat,Khilchipur,2010.0,2040.0,2020.0,Madhya Pradesh,Rajgarh
2019-12-03,Wheat,Khilchipur,2000.0,2040.0,2030.0,Madhya Pradesh,Rajgarh
2019-12-04,Wheat,Khilchipur,2010.0,2030.0,2020.0,Madhya Pradesh,Rajgarh
2019-12-05,Wheat,Khilchipur,2010.0,2030.0,2020.0,Madhya Pradesh,Rajgarh
2019-12-06,Wheat,Khilchipur,2015.0,2045.0,2020.0,Madhya Pradesh,Rajgarh
2019-12-07,Wheat,Khilchipur,2015.0,2045.0,2020.0,Madhya Pradesh,Rajgarh
2019-12-10,Wheat,Khilchipur,2010.0,2050.0,2020.0,Madhya Pradesh,Rajgarh
2019-12-11,Wheat,Khilchipur,2010.0,2045.0,2030.0,Madhya Pradesh,Rajgarh
2019-12-12,Wheat,Khilchipur,2010.0,2045.0,2020.0,Madhya Pradesh,Rajgarh
2019-12-13,Wheat,Khilchipur,2050.0,2065.0,2060.0,Madhya Pradesh,Rajgarh
2019-12-14,Wheat,Khilchipur,2060.0,2077.0,2065.0,Madhya Pradesh,Rajgarh
2019-12-17,Wheat,Khilchipur,2070.0,2100.0,2096.0,Madhya Pradesh,Rajgarh
2019-12-18,Wheat,Khilchipur,2110.0,2125.0,2120.0,Madhya Pradesh,Rajgarh
2019-12-19,Wheat,Khilchipur,2110.0,2125.0,2120.0,Madhya Pradesh,Rajgarh
2019-12-20,Wheat,Khilchipur,2100.0,2120.0,2110.0,Madhya Pradesh,Rajgarh
2019-12-21,Wheat,Khilchipur,2100.0,2122.0,2110.0,Madhya Pradesh,Rajgarh
2019-12-22,Wheat,Khilchipur,2100.0,2117.0,2112.0,Madhya Pradesh,Rajgarh
2019-12-24,Wheat,Khilchipur,2110.0,2145.0,2130.0,Madhya Pradesh,Rajgarh
2019-12-25,Wheat,Khilchipur,2100.0,2120.0,2115.0,Madhya Pradesh,Rajgarh
2019-12-26,Wheat,Khilchipur,2110.0,2140.0,2120.0,Madhya Pradesh,Rajgarh
2019-12-27,Wheat,Khilchipur,2140.0,2165.0,2150.0,Madhya Pradesh,Rajgarh
2019-12-28,Wheat,Khilchipur,2130.0,2170.0,2160.0,Madhya Pradesh,Rajgarh
2019-12-29,Wheat,Khilchipur,2150.0,2175.0,2160.0,Madhya Pradesh,Rajgarh
2019-12-31,Wheat,Khilchipur,2150.0,2178.0,2160.0,Madhya Pradesh,Rajgarh
2020-01-03,Wheat,Khilchipur,2201.0,2225.0,2210.0,Madhya Pradesh,Rajgarh
2020-01-04,Wheat,Khilchipur,2200.0,2245.0,2220.0,Madhya Pradesh,Rajgarh
2020-01-05,Wheat,Khilchipur,2000.0,2252.0,2250.0,Madhya Pradesh,Rajgarh
2020-01-07,Wheat,Khilchipur,2200.0,2251.0,2230.0,Madhya Pradesh,Rajgarh
2020-01-09,Wheat,Khilchipur,2223.0,2265.0,2250.0,Madhya Pradesh,Rajgarh
2020-01-10,Wheat,Khilchipur,2215.0,2250.0,2230.0,Madhya Pradesh,Rajgarh
2020-01-11,Wheat,Khilchipur,2200.0,2269.0,2250.0,Madhya Pradesh,Rajgarh
2020-01-14,Wheat,Khilchipur,2202.0,2229.0,2210.0,Madhya Pradesh,Rajgarh
2020-01-17,Wheat,Khilchipur,2200.0,2233.0,2220.0,Madhya Pradesh,Rajgarh
2020-01-18,Wheat,Khilchipur,2190.0,2209.0,2200.0,Madhya Pradesh,Rajgarh
2020-01-19,Wheat,Khilchipur,2133.0,2155.0,2140.0,Madhya Pradesh,Rajgarh
2020-01-21,Wheat,Khilchipur,2080.0,2100.0,2090.0,Madhya Pradesh,Rajgarh
2020-01-22,Wheat,Khilchipur,2030.0,2095.0,2080.0,Madhya Pradesh,Rajgarh
2020-01-23,Wheat,Khilchipur,2080.0,2141.0,2100.0,Madhya Pradesh,Rajgarh
2020-01-24,Wheat,Khilchipur,2076.0,2085.0,2080.0,Madhya Pradesh,Rajgarh
2020-01-25,Wheat,Khilchipur,2060.0,2078.0,2070.0,Madhya Pradesh,Rajgarh
2020-01-28,Wheat,Khilchipur,2060.0,2070.0,2065.0,Madhya Pradesh,Rajgarh
2020-01-29,Wheat,Khilchipur,2060.0,2070.0,2065.0,Madhya Pradesh,Rajgarh
2020-01-31,Wheat,Khilchipur,2039.0,2073.0,2050.0,Madhya Pradesh,Rajgarh
2020-02-04,Wheat,Khilchipur,2074.0,2085.0,2080.0,Madhya Pradesh,Rajgarh
2020-02-05,Wheat,Khilchipur,2081.0,2130.0,2100.0,Madhya Pradesh,Rajgarh
2020-02-06,Wheat,Khilchipur,2093.0,2099.0,2095.0,Madhya Pradesh,Rajgarh
2020-02-07,Wheat,Khilchipur,2090.0,2112.0,2100.0,Madhya Pradesh,Rajgarh
2020-02-08,Wheat,Khilchipur,2090.0,2116.0,2100.0,Madhya Pradesh,Rajgarh
2020-02-11,Wheat,Khilchipur,2069.0,2090.0,2080.0,Madhya Pradesh,Rajgarh
2020-02-12,Wheat,Khilchipur,2070.0,2089.0,2080.0,Madhya Pradesh,Rajgarh
2020-02-13,Wheat,Khilchipur,2070.0,2086.0,2080.0,Madhya Pradesh,Rajgarh
2020-02-14,Wheat,Khilchipur,2070.0,2090.0,2080.0,Madhya Pradesh,Rajgarh
2020-02-15,Wheat,Khilchipur,2070.0,2080.0,2075.0,Madhya Pradesh,Rajgarh
2020-02-18,Wheat,Khilchipur,2041.0,2065.0,2050.0,Madhya Pradesh,Rajgarh
2020-02-19,Wheat,Khilchipur,2039.0,2060.0,2050.0,Madhya Pradesh,Rajgarh
2020-02-20,Wheat,Khilchipur,2049.0,2150.0,2080.0,Madhya Pradesh,Rajgarh
2020-02-22,Wheat,Khilchipur,1996.0,2050.0,2040.0,Madhya Pradesh,Rajgarh
2020-02-23,Wheat,Khilchipur,2000.0,2042.0,2020.0,Madhya Pradesh,Rajgarh
2020-02-25,Wheat,Khilchipur,1950.0,2010.0,2000.0,Madhya Pradesh,Rajgarh
2020-02-26,Wheat,Khilchipur,1893.0,1991.0,1950.0,Madhya Pradesh,Rajgarh
2020-02-27,Wheat,Khilchipur,1871.0,1980.0,1930.0,Madhya Pradesh,Rajgarh
2020-02-28,Wheat,Khilchipur,1863.0,2006.0,1950.0,Madhya Pradesh,Rajgarh
2020-02-29,Wheat,Khilchipur,1966.0,2005.0,2000.0,Madhya Pradesh,Rajgarh
2020-03-04,Wheat,Khilchipur,1595.0,1960.0,1840.0,Madhya Pradesh,Rajgarh
2020-03-05,Wheat,Khilchipur,1339.0,1945.0,1700.0,Madhya Pradesh,Rajgarh
2020-03-06,Wheat,Khilchipur,1345.0,1870.0,1775.0,Madhya Pradesh,Rajgarh
2020-03-07,Wheat,Khilchipur,1440.0,1830.0,1710.0,Madhya Pradesh,Rajgarh
2020-03-11,Wheat,Khilchipur,1465.0,1720.0,1670.0,Madhya Pradesh,Rajgarh
2020-03-12,Wheat,Khilchipur,1320.0,1710.0,1650.0,Madhya Pradesh,Rajgarh
2020-03-13,Wheat,Khilchipur,1650.0,1705.0,1680.0,Madhya Pradesh,Rajgarh
2020-03-17,Wheat,Khilchipur,1650.0,1704.0,1680.0,Madhya Pradesh,Rajgarh
2020-03-18,Wheat,Khilchipur,1445.0,1725.0,1650.0,Madhya Pradesh,Rajgarh
2020-03-19,Wheat,Khilchipur,1636.0,1777.0,1740.0,Madhya Pradesh,Rajgarh
2020-03-20,Wheat,Khilchipur,1700.0,1830.0,1750.0,Madhya Pradesh,Rajgarh
2020-04-20,Wheat,Khilchipur,1925.0,1925.0,1925.0,Madhya Pradesh,Rajgarh
2020-04-21,Wheat,Khilchipur,1650.0,1925.0,1750.0,Madhya Pradesh,Rajgarh
2020-04-22,Wheat,Khilchipur,1615.0,1925.0,1740.0,Madhya Pradesh,Rajgarh
2020-04-23,Wheat,Khilchipur,1625.0,1925.0,1700.0,Madhya Pradesh,Rajgarh
2020-04-24,Wheat,Khilchipur,1625.0,1925.0,1720.0,Madhya Pradesh,Rajgarh
2020-04-25,Wheat,Khilchipur,1655.0,1925.0,1720.0,Madhya Pradesh,Rajgarh
2020-04-26,Wheat,Khilchipur,1600.0,1725.0,1700.0,Madhya Pradesh,Rajgarh
2020-04-27,Wheat,Khilchipur,1925.0,1925.0,1925.0,Madhya Pradesh,Rajgarh
2020-04-28,Wheat,Khilchipur,1625.0,1925.0,1730.0,Madhya Pradesh,Rajgarh
2020-04-30,Wheat,Khilchipur,1605.0,1925.0,1700.0,Madhya Pradesh,Rajgarh
2020-05-05,Wheat,Khilchipur,1575.0,1925.0,1720.0,Madhya Pradesh,Rajgarh
2020-05-06,Wheat,Khilchipur,1644.0,1925.0,1720.0,Madhya Pradesh,Rajgarh
2020-05-07,Wheat,Khilchipur,1580.0,1925.0,1720.0,Madhya Pradesh,Rajgarh
2020-05-08,Wheat,Khilchipur,1600.0,1925.0,1680.0,Madhya Pradesh,Rajgarh
2020-05-09,Wheat,Khilchipur,1500.0,1925.0,1800.0,Madhya Pradesh,Rajgarh
2020-05-11,Wheat,Khilchipur,1925.0,1925.0,1925.0,Madhya Pradesh,Rajgarh
2020-05-12,Wheat,Khilchipur,1655.0,1925.0,1750.0,Madhya Pradesh,Rajgarh
2020-05-13,Wheat,Khilchipur,1650.0,1925.0,1800.0,Madhya Pradesh,Rajgarh
2020-05-14,Wheat,Khilchipur,1660.0,1925.0,1800.0,Madhya Pradesh,Rajgarh
2020-05-15,Wheat,Khilchipur,1634.0,1925.0,1800.0,Madhya Pradesh,Rajgarh
2020-05-16,Wheat,Khilchipur,1670.0,1925.0,1800.0,Madhya Pradesh,Rajgarh
2020-05-18,Wheat,Khilchipur,1925.0,1925.0,1925.0,Madhya Pradesh,Rajgarh
2020-05-19,Wheat,Khilchipur,1650.0,1925.0,1800.0,Madhya Pradesh,Rajgarh
2020-05-21,Wheat,Khilchipur,1660.0,1925.0,1800.0,Madhya Pradesh,Rajgarh
2020-05-22,Wheat,Khilchipur,1650.0,1925.0,1800.0,Madhya Pradesh,Rajgarh
2020-05-23,Wheat,Khilchipur,1925.0,1925.0,1925.0,Madhya Pradesh,Rajgarh
2020-05-25,Wheat,Khilchipur,1925.0,1925.0,1925.0,Madhya Pradesh,Rajgarh
2020-05-26,Wheat,Khilchipur,1925.0,1925.0,1925.0,Madhya Pradesh,Rajgarh
2020-05-27,Wheat,Khilchipur,1710.0,1925.0,1800.0,Madhya Pradesh,Rajgarh
2020-05-28,Wheat,Khilchipur,1707.0,1925.0,1800.0,Madhya Pradesh,Rajgarh
2020-05-29,Wheat,Khilchipur,1700.0,1925.0,1800.0,Madhya Pradesh,Rajgarh
2020-05-30,Wheat,Khilchipur,1700.0,1925.0,1800.0,Madhya Pradesh,Rajgarh
2020-05-31,Wheat,Khilchipur,1925.0,1925.0,1925.0,Madhya Pradesh,Rajgarh
2020-06-02,Wheat,Khilchipur,1651.0,1800.0,1730.0,Madhya Pradesh,Rajgarh
2020-06-03,Wheat,Khilchipur,1670.0,1800.0,1740.0,Madhya Pradesh,Rajgarh
2020-06-04,Wheat,Khilchipur,1683.0,1800.0,1750.0,Madhya Pradesh,Rajgarh
2020-06-05,Wheat,Khilchipur,1680.0,1800.0,1750.0,Madhya Pradesh,Rajgarh
2020-06-06,Wheat,Khilchipur,1650.0,1800.0,1730.0,Madhya Pradesh,Rajgarh
2020-06-09,Wheat,Khilchipur,1620.0,1800.0,1680.0,Madhya Pradesh,Rajgarh
2020-06-10,Wheat,Khilchipur,1585.0,1770.0,1750.0,Madhya Pradesh,Rajgarh
2020-06-11,Wheat,Khilchipur,1650.0,1720.0,1700.0,Madhya Pradesh,Rajgarh
2020-06-12,Wheat,Khilchipur,1615.0,1730.0,1700.0,Madhya Pradesh,Rajgarh
2020-06-13,Wheat,Khilchipur,1600.0,1800.0,1720.0,Madhya Pradesh,Rajgarh
2020-06-16,Wheat,Khilchipur,1585.0,1800.0,1700.0,Madhya Pradesh,Rajgarh
2020-06-17,Wheat,Khilchipur,1618.0,1800.0,1700.0,Madhya Pradesh,Rajgarh
2020-06-18,Wheat,Khilchipur,1614.0,1800.0,1700.0,Madhya Pradesh,Rajgarh
2020-06-19,Wheat,Khilchipur,1646.0,1816.0,1700.0,Madhya Pradesh,Rajgarh
2020-06-20,Wheat,Khilchipur,1664.0,1822.0,1750.0,Madhya Pradesh,Rajgarh
2020-06-23,Wheat,Khilchipur,1700.0,1770.0,1725.0,Madhya Pradesh,Rajgarh
2020-06-24,Wheat,Khilchipur,1700.0,1792.0,1740.0,Madhya Pradesh,Rajgarh
2020-06-25,Wheat,Khilchipur,1740.0,1801.0,1775.0,Madhya Pradesh,Rajgarh
2020-06-26,Wheat,Khilchipur,1720.0,1805.0,1760.0,Madhya Pradesh,Rajgarh
2020-06-27,Wheat,Khilchipur,1720.0,1805.0,1760.0,Madhya Pradesh,Rajgarh
2020-06-30,Wheat,Khilchipur,1750.0,1800.0,1760.0,Madhya Pradesh,Rajgarh
2020-07-02,Wheat,Khilchipur,1700.0,1780.0,1730.0,Madhya Pradesh,Rajgarh
2020-07-03,Wheat,Khilchipur,1688.0,1775.0,1740.0,Madhya Pradesh,Rajgarh
2020-07-04,Wheat,Khilchipur,1688.0,1775.0,1740.0,Madhya Pradesh,Rajgarh
2020-07-07,Wheat,Khilchipur,1690.0,1780.0,1720.0,Madhya Pradesh,Rajgarh
2020-07-08,Wheat,Khilchipur,1695.0,1780.0,1730.0,Madhya Pradesh,Rajgarh
2020-07-09,Wheat,Khilchipur,1680.0,1750.0,1700.0,Madhya Pradesh,Rajgarh
2020-07-10,Wheat,Khilchipur,1677.0,1775.0,1730.0,Madhya Pradesh,Rajgarh
2020-07-11,Wheat,Khilchipur,1700.0,1754.0,1730.0,Madhya Pradesh,Rajgarh
2020-07-14,Wheat,Khilchipur,1690.0,1765.0,1720.0,Madhya Pradesh,Rajgarh
2020-07-15,Wheat,Khilchipur,1650.0,1725.0,1700.0,Madhya Pradesh,Rajgarh
2020-07-16,Wheat,Khilchipur,1687.0,1736.0,1720.0,Madhya Pradesh,Rajgarh
2020-07-17,Wheat,Khilchipur,1680.0,1740.0,1700.0,Madhya Pradesh,Rajgarh
2020-07-18,Wheat,Khilchipur,1650.0,1720.0,1680.0,Madhya Pradesh,Rajgarh
2020-07-21,Wheat,Khilchipur,1650.0,1710.0,1680.0,Madhya Pradesh,Rajgarh
2020-07-22,Wheat,Khilchipur,1650.0,1700.0,1680.0,Madhya Pradesh,Rajgarh
2020-07-23,Wheat,Khilchipur,1515.0,1729.0,1660.0,Madhya Pradesh,Rajgarh
2020-07-24,Wheat,Khilchipur,1681.0,1715.0,1700.0,Madhya Pradesh,Rajgarh
2020-07-25,Wheat,Khilchipur,1670.0,1720.0,1700.0,Madhya Pradesh,Rajgarh
2020-07-28,Wheat,Khilchipur,1687.0,1718.0,1700.0,Madhya Pradesh,Rajgarh
2020-07-29,Wheat,Khilchipur,1655.0,1711.0,1690.0,Madhya Pradesh,Rajgarh
2020-07-30,Wheat,Khilchipur,1650.0,1700.0,1680.0,Madhya Pradesh,Rajgarh
2020-07-31,Wheat,Khilchipur,1650.0,1700.0,1680.0,Madhya Pradesh,Rajgarh
2020-08-05,Wheat,Khilchipur,1670.0,1672.0,1672.0,Madhya Pradesh,Rajgarh
2020-08-06,Wheat,Khilchipur,1685.0,1700.0,1690.0,Madhya Pradesh,Rajgarh
2020-08-08,Wheat,Khilchipur,1650.0,1700.0,1680.0,Madhya Pradesh,Rajgarh
2020-08-11,Wheat,Khilchipur,1650.0,1690.0,1680.0,Madhya Pradesh,Rajgarh
2020-08-13,Wheat,Khilchipur,1650.0,1675.0,1670.0,Madhya Pradesh,Rajgarh
2020-08-14,Wheat,Khilchipur,1660.0,1675.0,1670.0,Madhya Pradesh,Rajgarh
2020-08-18,Wheat,Khilchipur,1600.0,1650.0,1630.0,Madhya Pradesh,Rajgarh
2020-08-19,Wheat,Khilchipur,1615.0,1650.0,1630.0,Madhya Pradesh,Rajgarh
2020-08-20,Wheat,Khilchipur,1590.0,1611.0,1600.0,Madhya Pradesh,Rajgarh
2020-08-21,Wheat,Khilchipur,1420.0,1620.0,1605.0,Madhya Pradesh,Rajgarh
2020-08-25,Wheat,Khilchipur,1520.0,1570.0,1555.0,Madhya Pradesh,Rajgarh
2020-08-26,Wheat,Khilchipur,1540.0,1580.0,1560.0,Madhya Pradesh,Rajgarh
2020-08-27,Wheat,Khilchipur,1523.0,1550.0,1540.0,Madhya Pradesh,Rajgarh
2020-08-28,Wheat,Khilchipur,1540.0,1550.0,1545.0,Madhya Pradesh,Rajgarh
2020-08-29,Wheat,Khilchipur,1540.0,1545.0,1545.0,Madhya Pradesh,Rajgarh
2020-09-08,Wheat,Khilchipur,1560.0,1580.0,1570.0,Madhya Pradesh,Rajgarh
2020-09-11,Wheat,Khilchipur,1517.0,1545.0,1520.0,Madhya Pradesh,Rajgarh
2020-09-12,Wheat,Khilchipur,1520.0,1551.0,1530.0,Madhya Pradesh,Rajgarh
2020-09-15,Wheat,Khilchipur,1500.0,1540.0,1520.0,Madhya Pradesh,Rajgarh
2020-09-16,Wheat,Khilchipur,1490.0,1520.0,1500.0,Madhya Pradesh,Rajgarh
2020-09-17,Wheat,Khilchipur,1450.0,1500.0,1480.0,Madhya Pradesh,Rajgarh
2020-09-18,Wheat,Khilchipur,1450.0,1490.0,1480.0,Madhya Pradesh,Rajgarh
2020-09-19,Wheat,Khilchipur,1469.0,1496.0,1480.0,Madhya Pradesh,Rajgarh
2020-09-22,Wheat,Khilchipur,1481.0,1510.0,1500.0,Madhya Pradesh,Rajgarh
2020-10-14,Wheat,Khilchipur,1450.0,1510.0,1490.0,Madhya Pradesh,Rajgarh
2020-10-15,Wheat,Khilchipur,1430.0,1510.0,1490.0,Madhya Pradesh,Rajgarh
2020-10-16,Wheat,Khilchipur,1460.0,1515.0,1490.0,Madhya Pradesh,Rajgarh
2020-10-17,Wheat,Khilchipur,1489.0,1513.0,1501.0,Madhya Pradesh,Rajgarh
2020-10-20,Wheat,Khilchipur,1490.0,1550.0,1520.0,Madhya Pradesh,Rajgarh
2020-10-21,Wheat,Khilchipur,1520.0,1587.0,1570.0,Madhya Pradesh,Rajgarh
2020-10-22,Wheat,Khilchipur,1540.0,1590.0,1570.0,Madhya Pradesh,Rajgarh
2020-10-23,Wheat,Khilchipur,1520.0,1600.0,1570.0,Madhya Pradesh,Rajgarh
2020-10-28,Wheat,Khilchipur,1520.0,1610.0,1590.0,Madhya Pradesh,Rajgarh
2020-10-29,Wheat,Khilchipur,1590.0,1640.0,1600.0,Madhya Pradesh,Rajgarh
2020-10-30,Wheat,Khilchipur,1570.0,1630.0,1600.0,Madhya Pradesh,Rajgarh
2020-10-31,Wheat,Khilchipur,1560.0,1635.0,1600.0,Madhya Pradesh,Rajgarh
2020-11-06,Wheat,Khilchipur,1520.0,1600.0,1560.0,Madhya Pradesh,Rajgarh
2020-11-18,Wheat,Khilchipur,1520.0,1565.0,1550.0,Madhya Pradesh,Rajgarh
2020-11-19,Wheat,Khilchipur,1520.0,1560.0,1540.0,Madhya Pradesh,Rajgarh
2020-11-20,Wheat,Khilchipur,1490.0,1520.0,1500.0,Madhya Pradesh,Rajgarh
2020-11-24,Wheat,Khilchipur,1450.0,1510.0,1470.0,Madhya Pradesh,Rajgarh
2020-11-25,Wheat,Khilchipur,1450.0,1500.0,1480.0,Madhya Pradesh,Rajgarh
2020-11-26,Wheat,Khilchipur,1450.0,1490.0,1480.0,Madhya Pradesh,Rajgarh
2020-11-27,Wheat,Khilchipur,1450.0,1520.0,1460.0,Madhya Pradesh,Rajgarh
2020-11-28,Wheat,Khilchipur,1480.0,1510.0,1490.0,Madhya Pradesh,Rajgarh
2020-12-17,Wheat,Khilchipur,1480.0,1540.0,1510.0,Madhya Pradesh,Rajgarh
2020-12-18,Wheat,Khilchipur,1490.0,1525.0,1510.0,Madhya Pradesh,Rajgarh
2020-12-19,Wheat,Khilchipur,1490.0,1530.0,1510.0,Madhya Pradesh,Rajgarh
2020-12-22,Wheat,Khilchipur,1490.0,1520.0,1500.0,Madhya Pradesh,Rajgarh
2020-12-23,Wheat,Khilchipur,1500.0,1535.0,1510.0,Madhya Pradesh,Rajgarh
2020-12-24,Wheat,Khilchipur,1500.0,1525.0,1510.0,Madhya Pradesh,Rajgarh
2020-12-25,Wheat,Khilchipur,1500.0,1535.0,1510.0,Madhya Pradesh,Rajgarh
2020-12-29,Wheat,Khilchipur,1500.0,1535.0,1510.0,Madhya Pradesh,Rajgarh
2020-12-30,Wheat,Khilchipur,1550.0,1594.0,1570.0,Madhya Pradesh,Rajgarh
2020-12-31,Wheat,Khilchipur,1520.0,1620.0,1596.0,Madhya Pradesh,Rajgarh
2021-01-05,Wheat,Khilchipur,1640.0,1750.0,1700.0,Madhya Pradesh,Rajgarh
2021-01-06,Wheat,Khilchipur,1720.0,1745.0,1735.0,Madhya Pradesh,Rajgarh
2021-01-07,Wheat,Khilchipur,1700.0,1745.0,1730.0,Madhya Pradesh,Rajgarh
2021-01-08,Wheat,Khilchipur,1710.0,1730.0,1720.0,Madhya Pradesh,Rajgarh
2021-01-09,Wheat,Khilchipur,1400.0,1720.0,1700.0,Madhya Pradesh,Rajgarh
2021-01-12,Wheat,Khilchipur,1690.0,1735.0,1700.0,Madhya Pradesh,Rajgarh
2021-01-13,Wheat,Khilchipur,1680.0,1750.0,1700.0,Madhya Pradesh,Rajgarh
2021-01-15,Wheat,Khilchipur,1750.0,1785.0,1770.0,Madhya Pradesh,Rajgarh
2021-01-16,Wheat,Khilchipur,1750.0,1805.0,1790.0,Madhya Pradesh,Rajgarh
2021-01-19,Wheat,Khilchipur,1750.0,1822.0,1800.0,Madhya Pradesh,Rajgarh
2021-01-20,Wheat,Khilchipur,1770.0,1800.0,1790.0,Madhya Pradesh,Rajgarh
2021-01-21,Wheat,Khilchipur,1750.0,1810.0,1790.0,Madhya Pradesh,Rajgarh
2021-01-22,Wheat,Khilchipur,1750.0,1795.0,1780.0,Madhya Pradesh,Rajgarh
2021-01-23,Wheat,Khilchipur,1700.0,1725.0,1705.0,Madhya Pradesh,Rajgarh
2021-01-27,Wheat,Khilchipur,1650.0,1746.0,1700.0,Madhya Pradesh,Rajgarh
2021-01-28,Wheat,Khilchipur,1620.0,1655.0,1630.0,Madhya Pradesh,Rajgarh
2021-01-29,Wheat,Khilchipur,1441.0,1675.0,1600.0,Madhya Pradesh,Rajgarh
2021-01-30,Wheat,Khilchipur,1640.0,1680.0,1670.0,Madhya Pradesh,Rajgarh
2021-02-02,Wheat,Khilchipur,1620.0,1680.0,1670.0,Madhya Pradesh,Rajgarh
2021-02-03,Wheat,Khilchipur,1650.0,1685.0,1670.0,Madhya Pradesh,Rajgarh
2021-02-04,Wheat,Khilchipur,1620.0,1690.0,1660.0,Madhya Pradesh,Rajgarh
2021-02-05,Wheat,Khilchipur,1650.0,1698.0,1670.0,Madhya Pradesh,Rajgarh
2021-02-09,Wheat,Khilchipur,1620.0,1665.0,1640.0,Madhya Pradesh,Rajgarh
2021-02-10,Wheat,Khilchipur,1585.0,1645.0,1620.0,Madhya Pradesh,Rajgarh
2021-02-11,Wheat,Khilchipur,1620.0,1651.0,1640.0,Madhya Pradesh,Rajgarh
2021-02-12,Wheat,Khilchipur,1595.0,1675.0,1630.0,Madhya Pradesh,Rajgarh
2021-02-13,Wheat,Khilchipur,1600.0,1660.0,1630.0,Madhya Pradesh,Rajgarh
2021-02-17,Wheat,Khilchipur,1600.0,1650.0,1630.0,Madhya Pradesh,Rajgarh
2021-02-18,Wheat,Khilchipur,1600.0,1651.0,1620.0,Madhya Pradesh,Rajgarh
2021-02-19,Wheat,Khilchipur,1590.0,1630.0,1600.0,Madhya Pradesh,Rajgarh
2021-02-20,Wheat,Khilchipur,1600.0,1668.0,1640.0,Madhya Pradesh,Rajgarh
2021-02-23,Wheat,Khilchipur,1600.0,1665.0,1630.0,Madhya Pradesh,Rajgarh
2021-02-24,Wheat,Khilchipur,1600.0,1665.0,1630.0,Madhya Pradesh,Rajgarh
2021-02-25,Wheat,Khilchipur,1600.0,1700.0,1650.0,Madhya Pradesh,Rajgarh
2021-03-02,Wheat,Khilchipur,1650.0,1725.0,1680.0,Madhya Pradesh,Rajgarh
2021-03-03,Wheat,Khilchipur,1590.0,1685.0,1640.0,Madhya Pradesh,Rajgarh
2021-03-04,Wheat,Khilchipur,1620.0,1702.0,1650.0,Madhya Pradesh,Rajgarh
2021-03-05,Wheat,Khilchipur,1620.0,1711.0,1640.0,Madhya Pradesh,Rajgarh
2021-03-06,Wheat,Khilchipur,1600.0,1730.0,1650.0,Madhya Pradesh,Rajgarh
2021-03-09,Wheat,Khilchipur,1650.0,1751.0,1700.0,Madhya Pradesh,Rajgarh
2021-03-10,Wheat,Khilchipur,1650.0,1731.0,1700.0,Madhya Pradesh,Rajgarh
2021-03-12,Wheat,Khilchipur,1622.0,1715.0,1680.0,Madhya Pradesh,Rajgarh
2021-03-13,Wheat,Khilchipur,1350.0,1730.0,1650.0,Madhya Pradesh,Rajgarh
2021-03-17,Wheat,Khilchipur,1560.0,1760.0,1680.0,Madhya Pradesh,Rajgarh
2021-03-18,Wheat,Khilchipur,1598.0,1741.0,1698.0,Madhya Pradesh,Rajgarh
2021-03-19,Wheat,Khilchipur,1580.0,1741.0,1660.0,Madhya Pradesh,Rajgarh
2021-03-20,Wheat,Khilchipur,1500.0,1730.0,1690.0,Madhya Pradesh,Rajgarh
2021-03-23,Wheat,Khilchipur,1530.0,1720.0,1670.0,Madhya Pradesh,Rajgarh
2021-03-24,Wheat,Khilchipur,1400.0,1720.0,1600.0,Madhya Pradesh,Rajgarh
2021-03-25,Wheat,Khilchipur,1450.0,1740.0,1600.0,Madhya Pradesh,Rajgarh
2021-03-26,Wheat,Khilchipur,1450.0,1750.0,1600.0,Madhya Pradesh,Rajgarh
2021-04-05,Wheat,Khilchipur,1975.0,1975.0,1975.0,Madhya Pradesh,Rajgarh
2021-04-06,Wheat,Khilchipur,1700.0,1975.0,1720.0,Madhya Pradesh,Rajgarh
2021-04-07,Wheat,Khilchipur,1701.0,1975.0,1730.0,Madhya Pradesh,Rajgarh
2021-04-08,Wheat,Khilchipur,1650.0,1975.0,1730.0,Madhya Pradesh,Rajgarh
2021-04-09,Wheat,Khilchipur,1650.0,1975.0,1700.0,Madhya Pradesh,Rajgarh
2021-04-12,Wheat,Khilchipur,1975.0,1975.0,1975.0,Madhya Pradesh,Rajgarh
2021-04-13,Wheat,Khilchipur,1975.0,1975.0,1975.0,Madhya Pradesh,Rajgarh
2021-04-14,Wheat,Khilchipur,1975.0,1975.0,1975.0,Madhya Pradesh,Rajgarh
2021-04-15,Wheat,Khilchipur,1750.0,1975.0,1800.0,Madhya Pradesh,Rajgarh
2021-04-16,Wheat,Khilchipur,1770.0,1975.0,1851.0,Madhya Pradesh,Rajgarh
2021-04-19,Wheat,Khilchipur,1975.0,1975.0,1975.0,Madhya Pradesh,Rajgarh
2021-04-20,Wheat,Khilchipur,1975.0,1975.0,1975.0,Madhya Pradesh,Rajgarh
2021-04-21,Wheat,Khilchipur,1975.0,1975.0,1975.0,Madhya Pradesh,Rajgarh
2021-04-22,Wheat,Khilchipur,1975.0,1975.0,1975.0,Madhya Pradesh,Rajgarh
2021-04-23,Wheat,Khilchipur,1975.0,1975.0,1975.0,Madhya Pradesh,Rajgarh
2021-04-26,Wheat,Khilchipur,1975.0,1975.0,1975.0,Madhya Pradesh,Rajgarh
2021-04-27,Wheat,Khilchipur,1975.0,1975.0,1975.0,Madhya Pradesh,Rajgarh
2021-04-28,Wheat,Khilchipur,1975.0,1975.0,1975.0,Madhya Pradesh,Rajgarh
2021-04-29,Wheat,Khilchipur,1725.0,1975.0,1975.0,Madhya Pradesh,Rajgarh
2021-05-04,Wheat,Khilchipur,1975.0,1975.0,1975.0,Madhya Pradesh,Rajgarh
2021-05-05,Wheat,Khilchipur,1975.0,1975.0,1975.0,Madhya Pradesh,Rajgarh
2021-05-06,Wheat,Khilchipur,1975.0,1975.0,1975.0,Madhya Pradesh,Rajgarh
2021-05-10,Wheat,Khilchipur,1975.0,1975.0,1975.0,Madhya Pradesh,Rajgarh
2021-05-11,Wheat,Khilchipur,1975.0,1975.0,1975.0,Madhya Pradesh,Rajgarh
2021-05-12,Wheat,Khilchipur,1975.0,1975.0,1975.0,Madhya Pradesh,Rajgarh
2021-05-13,Wheat,Khilchipur,1975.0,1975.0,1975.0,Madhya Pradesh,Rajgarh
2021-05-14,Wheat,Khilchipur,1975.0,1975.0,1975.0,Madhya Pradesh,Rajgarh
2021-05-17,Wheat,Khilchipur,1975.0,1975.0,1975.0,Madhya Pradesh,Rajgarh
2021-05-18,Wheat,Khilchipur,1700.0,1975.0,1975.0,Madhya Pradesh,Rajgarh
2021-05-20,Wheat,Khilchipur,1975.0,1975.0,1975.0,Madhya Pradesh,Rajgarh
2021-05-21,Wheat,Khilchipur,1975.0,1975.0,1975.0,Madhya Pradesh,Rajgarh
2021-05-22,Wheat,Khilchipur,1720.0,1745.0,1730.0,Madhya Pradesh,Rajgarh
2021-05-24,Wheat,Khilchipur,1975.0,1975.0,1975.0,Madhya Pradesh,Rajgarh
2021-05-25,Wheat,Khilchipur,1600.0,1975.0,1975.0,Madhya Pradesh,Rajgarh
2021-05-27,Wheat,Khilchipur,1720.0,1975.0,1975.0,Madhya Pradesh,Rajgarh
2021-05-28,Wheat,Khilchipur,1720.0,1975.0,1975.0,Madhya Pradesh,Rajgarh
2021-06-03,Wheat,Khilchipur,1700.0,1768.0,1720.0,Madhya Pradesh,Rajgarh
2021-06-04,Wheat,Khilchipur,1700.0,1760.0,1720.0,Madhya Pradesh,Rajgarh
2021-06-05,Wheat,Khilchipur,1700.0,1780.0,1720.0,Madhya Pradesh,Rajgarh
2021-06-08,Wheat,Khilchipur,1670.0,1775.0,1720.0,Madhya Pradesh,Rajgarh
2021-06-09,Wheat,Khilchipur,1600.0,1750.0,1720.0,Madhya Pradesh,Rajgarh
2021-06-10,Wheat,Khilchipur,1611.0,1800.0,1720.0,Madhya Pradesh,Rajgarh
2021-06-11,Wheat,Khilchipur,1600.0,1765.0,1700.0,Madhya Pradesh,Rajgarh
2021-06-12,Wheat,Khilchipur,1600.0,1767.0,1700.0,Madhya Pradesh,Rajgarh
2021-06-15,Wheat,Khilchipur,1620.0,1730.0,1670.0,Madhya Pradesh,Rajgarh
2021-06-16,Wheat,Khilchipur,1670.0,1768.0,1720.0,Madhya Pradesh,Rajgarh
2021-06-17,Wheat,Khilchipur,1650.0,1765.0,1710.0,Madhya Pradesh,Rajgarh
2021-06-18,Wheat,Khilchipur,1650.0,1752.0,1700.0,Madhya Pradesh,Rajgarh
2021-06-19,Wheat,Khilchipur,1650.0,1756.0,1700.0,Madhya Pradesh,Rajgarh
2021-06-22,Wheat,Khilchipur,1650.0,1756.0,1700.0,Madhya Pradesh,Rajgarh
2021-06-23,Wheat,Khilchipur,1650.0,1752.0,1700.0,Madhya Pradesh,Rajgarh
2021-06-24,Wheat,Khilchipur,1650.0,1705.0,1680.0,Madhya Pradesh,Rajgarh
2021-06-25,Wheat,Khilchipur,1650.0,1710.0,1690.0,Madhya Pradesh,Rajgarh
2021-06-26,Wheat,Khilchipur,1650.0,1745.0,1680.0,Madhya Pradesh,Rajgarh
2021-06-29,Wheat,Khilchipur,1640.0,1750.0,1720.0,Madhya Pradesh,Rajgarh
2021-06-30,Wheat,Khilchipur,1650.0,1754.0,1700.0,Madhya Pradesh,Rajgarh
2021-07-03,Wheat,Khilchipur,1650.0,1786.0,1700.0,Madhya Pradesh,Rajgarh
2021-07-07,Wheat,Khilchipur,1680.0,1756.0,1700.0,Madhya Pradesh,Rajgarh
2021-07-08,Wheat,Khilchipur,1670.0,1750.0,1700.0,Madhya Pradesh,Rajgarh
2021-07-09,Wheat,Khilchipur,1645.0,1760.0,1700.0,Madhya Pradesh,Rajgarh
2021-07-10,Wheat,Khilchipur,1579.0,1745.0,1650.0,Madhya Pradesh,Rajgarh
2021-07-13,Wheat,Khilchipur,1650.0,1764.0,1700.0,Madhya Pradesh,Rajgarh
2021-07-14,Wheat,Khilchipur,1730.0,1771.0,1760.0,Madhya Pradesh,Rajgarh
2021-07-15,Wheat,Khilchipur,1720.0,1788.0,1750.0,Madhya Pradesh,Rajgarh
2021-07-16,Wheat,Khilchipur,1740.0,1775.0,1750.0,Madhya Pradesh,Rajgarh
2021-07-17,Wheat,Khilchipur,1745.0,1770.0,1760.0,Madhya Pradesh,Rajgarh
2021-07-20,Wheat,Khilchipur,1700.0,1775.0,1740.0,Madhya Pradesh,Rajgarh
2021-07-21,Wheat,Khilchipur,1700.0,1770.0,1740.0,Madhya Pradesh,Rajgarh
2021-07-23,Wheat,Khilchipur,1720.0,1775.0,1750.0,Madhya Pradesh,Rajgarh
2021-07-24,Wheat,Khilchipur,1700.0,1765.0,1750.0,Madhya Pradesh,Rajgarh
2021-07-27,Wheat,Khilchipur,1740.0,1775.0,1750.0,Madhya Pradesh,Rajgarh
2021-07-28,Wheat,Khilchipur,1740.0,1781.0,1760.0,Madhya Pradesh,Rajgarh
2021-07-29,Wheat,Khilchipur,1740.0,1785.0,1760.0,Madhya Pradesh,Rajgarh
2021-07-30,Wheat,Khilchipur,1750.0,1775.0,1762.0,Madhya Pradesh,Rajgarh
2021-07-31,Wheat,Khilchipur,1750.0,1775.0,1760.0,Madhya Pradesh,Rajgarh
2021-08-10,Wheat,Khilchipur,1740.0,1780.0,1750.0,Madhya Pradesh,Rajgarh
2021-08-11,Wheat,Khilchipur,1700.0,1768.0,1750.0,Madhya Pradesh,Rajgarh
2021-08-12,Wheat,Khilchipur,1700.0,1768.0,1750.0,Madhya Pradesh,Rajgarh
2021-08-13,Wheat,Khilchipur,1720.0,1780.0,1750.0,Madhya Pradesh,Rajgarh
2021-08-14,Wheat,Khilchipur,1700.0,1760.0,1740.0,Madhya Pradesh,Rajgarh
2021-08-17,Wheat,Khilchipur,1650.0,1765.0,1740.0,Madhya Pradesh,Rajgarh
2021-08-18,Wheat,Khilchipur,1700.0,1775.0,1750.0,Madhya Pradesh,Rajgarh
2021-08-19,Wheat,Khilchipur,1700.0,1768.0,1740.0,Madhya Pradesh,Rajgarh
2021-08-21,Wheat,Khilchipur,1750.0,1776.0,1765.0,Madhya Pradesh,Rajgarh
2021-08-31,Wheat,Khilchipur,1720.0,1836.0,1750.0,Madhya Pradesh,Rajgarh
2021-09-01,Wheat,Khilchipur,1750.0,1860.0,1800.0,Madhya Pradesh,Rajgarh
2021-09-02,Wheat,Khilchipur,1800.0,1865.0,1840.0,Madhya Pradesh,Rajgarh
2021-09-03,Wheat,Khilchipur,1800.0,1850.0,1830.0,Madhya Pradesh,Rajgarh
2021-09-04,Wheat,Khilchipur,1800.0,1856.0,1840.0,Madhya Pradesh,Rajgarh
2021-09-07,Wheat,Khilchipur,1850.0,1904.0,1890.0,Madhya Pradesh,Rajgarh
2021-09-08,Wheat,Khilchipur,1885.0,1904.0,1900.0,Madhya Pradesh,Rajgarh
2021-09-09,Wheat,Khilchipur,1870.0,1925.0,1890.0,Madhya Pradesh,Rajgarh
2021-09-10,Wheat,Khilchipur,1925.0,1930.0,1925.0,Madhya Pradesh,Rajgarh
2021-09-11,Wheat,Khilchipur,1900.0,1940.0,1930.0,Madhya Pradesh,Rajgarh
2021-09-14,Wheat,Khilchipur,1874.0,1885.0,1880.0,Madhya Pradesh,Rajgarh
2021-09-15,Wheat,Khilchipur,1840.0,1865.0,1850.0,Madhya Pradesh,Rajgarh
2021-09-16,Wheat,Khilchipur,1820.0,1860.0,1830.0,Madhya Pradesh,Rajgarh
2021-09-17,Wheat,Khilchipur,1875.0,1895.0,1880.0,Madhya Pradesh,Rajgarh
2021-09-18,Wheat,Khilchipur,1880.0,1900.0,1890.0,Madhya Pradesh,Rajgarh
2021-09-21,Wheat,Khilchipur,1840.0,1871.0,1860.0,Madhya Pradesh,Rajgarh
2021-09-22,Wheat,Khilchipur,1860.0,1875.0,1870.0,Madhya Pradesh,Rajgarh
2021-09-23,Wheat,Khilchipur,1850.0,1870.0,1865.0,Madhya Pradesh,Rajgarh
2021-09-24,Wheat,Khilchipur,1842.0,1860.0,1845.0,Madhya Pradesh,Rajgarh
2021-09-25,Wheat,Khilchipur,1825.0,1840.0,1830.0,Madhya Pradesh,Rajgarh
2021-09-28,Wheat,Khilchipur,1825.0,1849.0,1840.0,Madhya Pradesh,Rajgarh
2021-09-29,Wheat,Khilchipur,1840.0,1855.0,1849.0,Madhya Pradesh,Rajgarh
2021-09-30,Wheat,Khilchipur,1836.0,1847.0,1840.0,Madhya Pradesh,Rajgarh
2021-10-07,Wheat,Khilchipur,1845.0,1905.0,1890.0,Madhya Pradesh,Rajgarh
2021-10-08,Wheat,Khilchipur,1880.0,1910.0,1900.0,Madhya Pradesh,Rajgarh
2021-10-09,Wheat,Khilchipur,1890.0,1936.0,1900.0,Madhya Pradesh,Rajgarh
2021-10-12,Wheat,Khilchipur,1880.0,1912.0,1900.0,Madhya Pradesh,Rajgarh
2021-10-13,Wheat,Khilchipur,1880.0,1914.0,1900.0,Madhya Pradesh,Rajgarh
2021-10-16,Wheat,Khilchipur,1900.0,1956.0,1920.0,Madhya Pradesh,Rajgarh
2021-10-21,Wheat,Khilchipur,1900.0,1935.0,1920.0,Madhya Pradesh,Rajgarh
2021-10-22,Wheat,Khilchipur,1900.0,1945.0,1910.0,Madhya Pradesh,Rajgarh
2021-10-23,Wheat,Khilchipur,1880.0,1920.0,1900.0,Madhya Pradesh,Rajgarh
2021-10-26,Wheat,Khilchipur,1780.0,1895.0,1870.0,Madhya Pradesh,Rajgarh
2021-10-27,Wheat,Khilchipur,1830.0,1896.0,1850.0,Madhya Pradesh,Rajgarh
2021-10-28,Wheat,Khilchipur,1820.0,1890.0,1850.0,Madhya Pradesh,Rajgarh
2021-10-29,Wheat,Khilchipur,1850.0,1880.0,1860.0,Madhya Pradesh,Rajgarh
2021-10-30,Wheat,Khilchipur,1860.0,1890.0,1875.0,Madhya Pradesh,Rajgarh
2021-11-09,Wheat,Khilchipur,1890.0,1910.0,1900.0,Madhya Pradesh,Rajgarh
2021-11-10,Wheat,Khilchipur,1875.0,1910.0,1900.0,Madhya Pradesh,Rajgarh
2021-11-11,Wheat,Khilchipur,1860.0,1907.0,1890.0,Madhya Pradesh,Rajgarh
2021-11-12,Wheat,Khilchipur,1860.0,1908.0,1880.0,Madhya Pradesh,Rajgarh
2021-11-13,Wheat,Khilchipur,1880.0,1920.0,1900.0,Madhya Pradesh,Rajgarh
2021-11-16,Wheat,Khilchipur,1915.0,1935.0,1920.0,Madhya Pradesh,Rajgarh
2021-11-17,Wheat,Khilchipur,1915.0,1940.0,1925.0,Madhya Pradesh,Rajgarh
2021-11-18,Wheat,Khilchipur,1890.0,1940.0,1920.0,Madhya Pradesh,Rajgarh
2021-11-19,Wheat,Khilchipur,1900.0,1935.0,1920.0,Madhya Pradesh,Rajgarh
2021-11-20,Wheat,Khilchipur,1880.0,1925.0,1900.0,Madhya Pradesh,Rajgarh
2021-11-23,Wheat,Khilchipur,1875.0,1925.0,1900.0,Madhya Pradesh,Rajgarh
2021-11-24,Wheat,Khilchipur,1875.0,1905.0,1890.0,Madhya Pradesh,Rajgarh
2021-11-25,Wheat,Khilchipur,1860.0,1895.0,1880.0,Madhya Pradesh,Rajgarh
2021-11-26,Wheat,Khilchipur,1855.0,1950.0,1870.0,Madhya Pradesh,Rajgarh
2021-11-27,Wheat,Khilchipur,1870.0,1949.0,1920.0,Madhya Pradesh,Rajgarh
2021-11-30,Wheat,Khilchipur,1850.0,1900.0,1890.0,Madhya Pradesh,Rajgarh
2021-12-03,Wheat,Khilchipur,1900.0,1930.0,1915.0,Madhya Pradesh,Rajgarh
2021-12-04,Wheat,Khilchipur,1626.0,1930.0,1900.0,Madhya Pradesh,Rajgarh
2021-12-07,Wheat,Khilchipur,1860.0,1920.0,1910.0,Madhya Pradesh,Rajgarh
2021-12-08,Wheat,Khilchipur,1870.0,1905.0,1900.0,Madhya Pradesh,Rajgarh
2021-12-09,Wheat,Khilchipur,1860.0,1905.0,1900.0,Madhya Pradesh,Rajgarh
2021-12-10,Wheat,Khilchipur,1860.0,1900.0,1890.0,Madhya Pradesh,Rajgarh
2021-12-11,Wheat,Khilchipur,1860.0,1895.0,1880.0,Madhya Pradesh,Rajgarh
2021-12-14,Wheat,Khilchipur,1875.0,1895.0,1880.0,Madhya Pradesh,Rajgarh
2021-12-15,Wheat,Khilchipur,1870.0,1895.0,1890.0,Madhya Pradesh,Rajgarh
2021-12-16,Wheat,Khilchipur,1850.0,1895.0,1886.0,Madhya Pradesh,Rajgarh
2021-12-17,Wheat,Khilchipur,1850.0,1900.0,1890.0,Madhya Pradesh,Rajgarh
2021-12-18,Wheat,Khilchipur,1875.0,1923.0,1910.0,Madhya Pradesh,Rajgarh
2021-12-21,Wheat,Khilchipur,1880.0,1894.0,1890.0,Madhya Pradesh,Rajgarh
2021-12-22,Wheat,Khilchipur,1880.0,1895.0,1890.0,Madhya Pradesh,Rajgarh
2021-12-23,Wheat,Khilchipur,1880.0,1896.0,1890.0,Madhya Pradesh,Rajgarh
2021-12-24,Wheat,Khilchipur,1875.0,1900.0,1890.0,Madhya Pradesh,Rajgarh
2021-12-25,Wheat,Khilchipur,1880.0,1915.0,1900.0,Madhya Pradesh,Rajgarh
2021-12-29,Wheat,Khilchipur,1875.0,1910.0,1900.0,Madhya Pradesh,Rajgarh
2021-12-30,Wheat,Khilchipur,1880.0,1896.0,1890.0,Madhya Pradesh,Rajgarh
2021-12-31,Wheat,Khilchipur,1890.0,1911.0,1900.0,Madhya Pradesh,Rajgarh
2022-01-01,Wheat,Khilchipur,1865.0,1901.0,1890.0,Madhya Pradesh,Rajgarh
2022-01-04,Wheat,Khilchipur,1900.0,1950.0,1920.0,Madhya Pradesh,Rajgarh
2022-01-05,Wheat,Khilchipur,1890.0,1910.0,1900.0,Madhya Pradesh,Rajgarh
2022-01-06,Wheat,Khilchipur,1895.0,1910.0,1900.0,Madhya Pradesh,Rajgarh
2022-01-07,Wheat,Khilchipur,1897.0,1908.0,1900.0,Madhya Pradesh,Rajgarh
2022-01-08,Wheat,Khilchipur,1900.0,1916.0,1910.0,Madhya Pradesh,Rajgarh
2022-01-11,Wheat,Khilchipur,1910.0,1951.0,1940.0,Madhya Pradesh,Rajgarh
2022-01-12,Wheat,Khilchipur,1900.0,1960.0,1950.0,Madhya Pradesh,Rajgarh
2022-01-13,Wheat,Khilchipur,1920.0,1953.0,1940.0,Madhya Pradesh,Rajgarh
2022-01-15,Wheat,Khilchipur,1920.0,1944.0,1930.0,Madhya Pradesh,Rajgarh
2022-01-18,Wheat,Khilchipur,1950.0,2050.0,2025.0,Madhya Pradesh,Rajgarh
2022-01-19,Wheat,Khilchipur,1930.0,1953.0,1940.0,Madhya Pradesh,Rajgarh
2022-01-20,Wheat,Khilchipur,1950.0,1967.0,1960.0,Madhya Pradesh,Rajgarh
2022-01-21,Wheat,Khilchipur,1900.0,1959.0,1955.0,Madhya Pradesh,Rajgarh
2022-01-22,Wheat,Khilchipur,1940.0,1960.0,1950.0,Madhya Pradesh,Rajgarh
2022-01-25,Wheat,Khilchipur,1900.0,1981.0,1970.0,Madhya Pradesh,Rajgarh
2022-01-27,Wheat,Khilchipur,1940.0,1960.0,1950.0,Madhya Pradesh,Rajgarh
2022-01-28,Wheat,Khilchipur,2000.0,2075.0,2050.0,Madhya Pradesh,Rajgarh
2022-01-29,Wheat,Khilchipur,1955.0,1980.0,1970.0,Madhya Pradesh,Rajgarh
2022-02-02,Wheat,Khilchipur,1890.0,1970.0,1950.0,Madhya Pradesh,Rajgarh
2022-02-03,Wheat,Khilchipur,1940.0,1950.0,1950.0,Madhya Pradesh,Rajgarh
2022-02-04,Wheat,Khilchipur,1885.0,1960.0,1940.0,Madhya Pradesh,Rajgarh
2022-02-08,Wheat,Khilchipur,1900.0,1955.0,1945.0,Madhya Pradesh,Rajgarh
2022-02-09,Wheat,Khilchipur,1918.0,1952.0,1940.0,Madhya Pradesh,Rajgarh
2022-02-10,Wheat,Khilchipur,1936.0,1955.0,1945.0,Madhya Pradesh,Rajgarh
2022-02-11,Wheat,Khilchipur,1940.0,1972.0,1960.0,Madhya Pradesh,Rajgarh
2022-02-12,Wheat,Khilchipur,1925.0,1953.0,1945.0,Madhya Pradesh,Rajgarh
2022-02-17,Wheat,Khilchipur,1900.0,1966.0,1950.0,Madhya Pradesh,Rajgarh
2022-02-18,Wheat,Khilchipur,1910.0,1971.0,1960.0,Madhya Pradesh,Rajgarh
2022-02-19,Wheat,Khilchipur,1930.0,1975.0,1965.0,Madhya Pradesh,Rajgarh
2022-02-22,Wheat,Khilchipur,1930.0,1955.0,1945.0,Madhya Pradesh,Rajgarh
2022-02-24,Wheat,Khilchipur,1967.0,2085.0,2000.0,Madhya Pradesh,Rajgarh
2022-02-25,Wheat,Khilchipur,1900.0,1956.0,1945.0,Madhya Pradesh,Rajgarh
2022-02-28,Wheat,Khilchipur,1936.0,1948.0,1940.0,Madhya Pradesh,Rajgarh
2022-03-02,Wheat,Khilchipur,1895.0,1991.0,1975.0,Madhya Pradesh,Rajgarh
2022-03-03,Wheat,Khilchipur,1935.0,2100.0,2000.0,Madhya Pradesh,Rajgarh
2022-03-04,Wheat,Khilchipur,2059.0,2101.0,2080.0,Madhya Pradesh,Rajgarh
2022-03-05,Wheat,Khilchipur,1996.0,2100.0,2000.0,Madhya Pradesh,Rajgarh
2022-03-08,Wheat,Khilchipur,2050.0,2193.0,2150.0,Madhya Pradesh,Rajgarh
2022-03-09,Wheat,Khilchipur,1950.0,2150.0,2100.0,Madhya Pradesh,Rajgarh
2022-03-10,Wheat,Khilchipur,2065.0,2199.0,2100.0,Madhya Pradesh,Rajgarh
2022-03-15,Wheat,Khilchipur,1800.0,2080.0,2050.0,Madhya Pradesh,Rajgarh
2022-03-17,Wheat,Khilchipur,1950.0,2090.0,2050.0,Madhya Pradesh,Rajgarh
2022-03-19,Wheat,Khilchipur,2000.0,2200.0,2050.0,Madhya Pradesh,Rajgarh
2022-03-23,Wheat,Khilchipur,1750.0,2052.0,2025.0,Madhya Pradesh,Rajgarh
2022-03-24,Wheat,Khilchipur,1700.0,2090.0,2061.0,Madhya Pradesh,Rajgarh
2022-03-25,Wheat,Khilchipur,1800.0,2087.0,2050.0,Madhya Pradesh,Rajgarh
2022-03-26,Wheat,Khilchipur,1900.0,2153.0,2050.0,Madhya Pradesh,Rajgarh
2022-04-01,Wheat,Khilchipur,1950.0,2017.0,1990.0,Madhya Pradesh,Rajgarh
2022-04-02,Wheat,Khilchipur,1935.0,2035.0,2010.0,Madhya Pradesh,Rajgarh
2022-04-03,Wheat,Khilchipur,1955.0,2055.0,2020.0,Madhya Pradesh,Rajgarh
2022-04-06,Wheat,Khilchipur,1851.0,2120.0,1950.0,Madhya Pradesh,Rajgarh
2022-04-07,Wheat,Khilchipur,1800.0,1994.0,1950.0,Madhya Pradesh,Rajgarh
2022-04-08,Wheat,Khilchipur,1825.0,1960.0,1925.0,Madhya Pradesh,Rajgarh
2022-04-12,Wheat,Khilchipur,1850.0,2025.0,2000.0,Madhya Pradesh,Rajgarh
2022-04-13,Wheat,Khilchipur,1800.0,1975.0,1950.0,Madhya Pradesh,Rajgarh
2022-04-14,Wheat,Khilchipur,1850.0,1910.0,1860.0,Madhya Pradesh,Rajgarh
2022-04-19,Wheat,Khilchipur,1955.0,2091.0,2060.0,Madhya Pradesh,Rajgarh
2022-04-20,Wheat,Khilchipur,1950.0,2110.0,2080.0,Madhya Pradesh,Rajgarh
2022-04-21,Wheat,Khilchipur,1933.0,2212.0,2020.0,Madhya Pradesh,Rajgarh
2022-04-22,Wheat,Khilchipur,1970.0,2212.0,2150.0,Madhya Pradesh,Rajgarh
2022-04-23,Wheat,Khilchipur,2000.0,2251.0,2200.0,Madhya Pradesh,Rajgarh
2022-04-26,Wheat,Khilchipur,1950.0,2140.0,2100.0,Madhya Pradesh,Rajgarh
2022-04-27,Wheat,Khilchipur,1950.0,2126.0,2075.0,Madhya Pradesh,Rajgarh
2022-04-28,Wheat,Khilchipur,2050.0,2175.0,2100.0,Madhya Pradesh,Rajgarh
2022-04-29,Wheat,Khilchipur,2050.0,2183.0,2120.0,Madhya Pradesh,Rajgarh
2022-05-04,Wheat,Khilchipur,2000.0,2155.0,2100.0,Madhya Pradesh,Rajgarh
2022-05-05,Wheat,Khilchipur,2000.0,2189.0,2150.0,Madhya Pradesh,Rajgarh
2022-05-11,Wheat,Khilchipur,2000.0,2141.0,2100.0,Madhya Pradesh,Rajgarh
2022-05-12,Wheat,Khilchipur,2048.0,2153.0,2100.0,Madhya Pradesh,Rajgarh
2022-05-13,Wheat,Khilchipur,2060.0,2188.0,2150.0,Madhya Pradesh,Rajgarh
2022-05-14,Wheat,Khilchipur,1996.0,2060.0,2040.0,Madhya Pradesh,Rajgarh
2022-05-17,Wheat,Khilchipur,1970.0,2061.0,2040.0,Madhya Pradesh,Rajgarh
2022-05-18,Wheat,Khilchipur,1960.0,2090.0,2020.0,Madhya Pradesh,Rajgarh
2022-05-19,Wheat,Khilchipur,1970.0,2071.0,2050.0,Madhya Pradesh,Rajgarh
2022-05-20,Wheat,Khilchipur,1900.0,2059.0,2040.0,Madhya Pradesh,Rajgarh
2022-05-21,Wheat,Khilchipur,1950.0,2060.0,2030.0,Madhya Pradesh,Rajgarh
2022-05-22,Wheat,Khilchipur,1960.0,2035.0,1980.0,Madhya Pradesh,Rajgarh
2022-05-24,Wheat,Khilchipur,1950.0,2070.0,2020.0,Madhya Pradesh,Rajgarh
2022-05-25,Wheat,Khilchipur,1866.0,2008.0,1975.0,Madhya Pradesh,Rajgarh
2022-05-26,Wheat,Khilchipur,1780.0,2011.0,2005.0,Madhya Pradesh,Rajgarh
2022-05-27,Wheat,Khilchipur,1775.0,2005.0,1950.0,Madhya Pradesh,Rajgarh
2022-05-28,Wheat,Khilchipur,1856.0,2024.0,1975.0,Madhya Pradesh,Rajgarh
2022-05-31,Wheat,Khilchipur,1870.0,2060.0,2030.0,Madhya Pradesh,Rajgarh
2022-06-01,Wheat,Khilchipur,1773.0,2006.0,1990.0,Madhya Pradesh,Rajgarh
2022-06-02,Wheat,Khilchipur,1818.0,2001.0,1990.0,Madhya Pradesh,Rajgarh
2022-06-03,Wheat,Khilchipur,1863.0,2025.0,2000.0,Madhya Pradesh,Rajgarh
2022-06-07,Wheat,Khilchipur,1825.0,1992.0,1960.0,Madhya Pradesh,Rajgarh
2022-06-08,Wheat,Khilchipur,1835.0,1974.0,1955.0,Madhya Pradesh,Rajgarh
2022-06-09,Wheat,Khilchipur,1900.0,1985.0,1950.0,Madhya Pradesh,Rajgarh
2022-06-10,Wheat,Khilchipur,1825.0,1980.0,1960.0,Madhya Pradesh,Rajgarh
2022-06-11,Wheat,Khilchipur,1835.0,2001.0,1975.0,Madhya Pradesh,Rajgarh
2022-06-14,Wheat,Khilchipur,1812.0,1960.0,1945.0,Madhya Pradesh,Rajgarh
2022-06-15,Wheat,Khilchipur,1810.0,1960.0,1925.0,Madhya Pradesh,Rajgarh
2022-06-16,Wheat,Khilchipur,1811.0,1950.0,1920.0,Madhya Pradesh,Rajgarh
2022-06-17,Wheat,Khilchipur,1810.0,1965.0,1940.0,Madhya Pradesh,Rajgarh
2022-06-18,Wheat,Khilchipur,1726.0,1969.0,1950.0,Madhya Pradesh,Rajgarh
2022-06-21,Wheat,Khilchipur,1794.0,1932.0,1900.0,Madhya Pradesh,Rajgarh
2022-06-22,Wheat,Khilchipur,1809.0,1945.0,1920.0,Madhya Pradesh,Rajgarh
2022-06-23,Wheat,Khilchipur,1848.0,1981.0,1960.0,Madhya Pradesh,Rajgarh
2022-06-28,Wheat,Khilchipur,1940.0,2005.0,1980.0,Madhya Pradesh,Rajgarh
2022-06-29,Wheat,Khilchipur,1896.0,2036.0,2020.0,Madhya Pradesh,Rajgarh
2022-07-02,Wheat,Khilchipur,1960.0,2025.0,2000.0,Madhya Pradesh,Rajgarh
2022-07-05,Wheat,Khilchipur,1945.0,2086.0,2065.0,Madhya Pradesh,Rajgarh
2022-07-06,Wheat,Khilchipur,2000.0,2030.0,2020.0,Madhya Pradesh,Rajgarh
2022-07-07,Wheat,Khilchipur,1975.0,2072.0,2050.0,Madhya Pradesh,Rajgarh
2022-07-08,Wheat,Khilchipur,1900.0,2038.0,2020.0,Madhya Pradesh,Rajgarh
2022-07-09,Wheat,Khilchipur,1930.0,2040.0,2020.0,Madhya Pradesh,Rajgarh
2022-07-19,Wheat,Khilchipur,1960.0,2089.0,2075.0,Madhya Pradesh,Rajgarh
2022-07-21,Wheat,Khilchipur,1985.0,2135.0,2125.0,Madhya Pradesh,Rajgarh
2022-07-22,Wheat,Khilchipur,2025.0,2185.0,2130.0,Madhya Pradesh,Rajgarh
2022-07-23,Wheat,Khilchipur,2076.0,2136.0,2120.0,Madhya Pradesh,Rajgarh
2022-07-26,Wheat,Khilchipur,2039.0,2150.0,2140.0,Madhya Pradesh,Rajgarh
2022-07-27,Wheat,Khilchipur,2050.0,2174.0,2150.0,Madhya Pradesh,Rajgarh
2022-07-29,Wheat,Khilchipur,2124.0,2257.0,2220.0,Madhya Pradesh,Rajgarh
2022-08-02,Wheat,Khilchipur,2125.0,2276.0,2250.0,Madhya Pradesh,Rajgarh
2022-08-03,Wheat,Khilchipur,2100.0,2244.0,2230.0,Madhya Pradesh,Rajgarh
2022-08-04,Wheat,Khilchipur,2100.0,2232.0,2200.0,Madhya Pradesh,Rajgarh
2022-08-05,Wheat,Khilchipur,2135.0,2251.0,2240.0,Madhya Pradesh,Rajgarh
2022-08-06,Wheat,Khilchipur,2235.0,2281.0,2260.0,Madhya Pradesh,Rajgarh
2022-08-09,Wheat,Khilchipur,2190.0,2226.0,2200.0,Madhya Pradesh,Rajgarh
2022-08-10,Wheat,Khilchipur,2170.0,2226.0,2200.0,Madhya Pradesh,Rajgarh
2022-08-13,Wheat,Khilchipur,2100.0,2241.0,2200.0,Madhya Pradesh,Rajgarh
2022-08-17,Wheat,Khilchipur,2240.0,2288.0,2260.0,Madhya Pradesh,Rajgarh
2022-08-18,Wheat,Khilchipur,2171.0,2305.0,2300.0,Madhya Pradesh,Rajgarh
2022-08-20,Wheat,Khilchipur,2145.0,2295.0,2260.0,Madhya Pradesh,Rajgarh
2022-08-24,Wheat,Khilchipur,2294.0,2310.0,2300.0,Madhya Pradesh,Rajgarh
2022-08-25,Wheat,Khilchipur,2298.0,2310.0,2300.0,Madhya Pradesh,Rajgarh
2022-08-26,Wheat,Khilchipur,2123.0,2284.0,2250.0,Madhya Pradesh,Rajgarh
2022-08-29,Wheat,Khilchipur,2205.0,2340.0,2250.0,Madhya Pradesh,Rajgarh
2022-08-31,Wheat,Khilchipur,2155.0,2269.0,2250.0,Madhya Pradesh,Rajgarh
2022-09-01,Wheat,Khilchipur,2100.0,2257.0,2240.0,Madhya Pradesh,Rajgarh
2022-09-02,Wheat,Khilchipur,2115.0,2259.0,2250.0,Madhya Pradesh,Rajgarh
2022-09-03,Wheat,Khilchipur,2200.0,2264.0,2250.0,Madhya Pradesh,Rajgarh
2022-09-06,Wheat,Khilchipur,2111.0,2270.0,2200.0,Madhya Pradesh,Rajgarh
2022-09-07,Wheat,Khilchipur,2124.0,2267.0,2250.0,Madhya Pradesh,Rajgarh
2022-09-08,Wheat,Khilchipur,2110.0,2261.0,2250.0,Madhya Pradesh,Rajgarh
2022-09-09,Wheat,Khilchipur,2176.0,2246.0,2220.0,Madhya Pradesh,Rajgarh
2022-09-11,Wheat,Khilchipur,2230.0,2305.0,2260.0,Madhya Pradesh,Rajgarh
2022-09-13,Wheat,Khilchipur,2115.0,2242.0,2230.0,Madhya Pradesh,Rajgarh
2022-09-14,Wheat,Khilchipur,2200.0,2245.0,2230.0,Madhya Pradesh,Rajgarh
2022-09-15,Wheat,Khilchipur,2105.0,2247.0,2220.0,Madhya Pradesh,Rajgarh
2022-09-16,Wheat,Khilchipur,2220.0,2250.0,2230.0,Madhya Pradesh,Rajgarh
2022-09-17,Wheat,Khilchipur,2190.0,2258.0,2240.0,Madhya Pradesh,Rajgarh
2022-09-19,Wheat,Khilchipur,2290.0,2389.0,2389.0,Madhya Pradesh,Rajgarh
2022-09-20,Wheat,Khilchipur,2045.0,2245.0,2230.0,Madhya Pradesh,Rajgarh
2022-09-21,Wheat,Khilchipur,2120.0,2241.0,2230.0,Madhya Pradesh,Rajgarh
2022-09-22,Wheat,Khilchipur,2206.0,2236.0,2230.0,Madhya Pradesh,Rajgarh
2022-09-23,Wheat,Khilchipur,2205.0,2225.0,2220.0,Madhya Pradesh,Rajgarh
2022-09-24,Wheat,Khilchipur,2110.0,2247.0,2240.0,Madhya Pradesh,Rajgarh
2022-09-27,Wheat,Khilchipur,2131.0,2268.0,2250.0,Madhya Pradesh,Rajgarh
2022-09-28,Wheat,Khilchipur,2150.0,2294.0,2260.0,Madhya Pradesh,Rajgarh
2022-09-29,Wheat,Khilchipur,2240.0,2278.0,2260.0,Madhya Pradesh,Rajgarh
2022-09-30,Wheat,Khilchipur,2160.0,2280.0,2270.0,Madhya Pradesh,Rajgarh
2022-10-01,Wheat,Khilchipur,2189.0,2273.0,2260.0,Madhya Pradesh,Rajgarh
2022-10-03,Wheat,Khilchipur,2250.0,2250.0,2250.0,Madhya Pradesh,Rajgarh
2022-10-07,Wheat,Khilchipur,2216.0,2300.0,2250.0,Madhya Pradesh,Rajgarh
2022-10-08,Wheat,Khilchipur,2216.0,2300.0,2250.0,Madhya Pradesh,Rajgarh
2022-10-09,Wheat,Khilchipur,2150.0,2282.0,2250.0,Madhya Pradesh,Rajgarh
2022-10-11,Wheat,Khilchipur,2100.0,2293.0,2275.0,Madhya Pradesh,Rajgarh
2022-10-12,Wheat,Khilchipur,2150.0,2300.0,2270.0,Madhya Pradesh,Rajgarh
2022-10-13,Wheat,Khilchipur,2175.0,2290.0,2200.0,Madhya Pradesh,Rajgarh
2022-10-14,Wheat,Khilchipur,2150.0,2270.0,2260.0,Madhya Pradesh,Rajgarh
2022-10-15,Wheat,Khilchipur,2225.0,2271.0,2250.0,Madhya Pradesh,Rajgarh
2022-10-18,Wheat,Khilchipur,2235.0,2301.0,2280.0,Madhya Pradesh,Rajgarh
2022-10-19,Wheat,Khilchipur,2000.0,2305.0,2300.0,Madhya Pradesh,Rajgarh
2022-10-20,Wheat,Khilchipur,2100.0,2315.0,2300.0,Madhya Pradesh,Rajgarh
2022-10-21,Wheat,Khilchipur,2200.0,2385.0,2300.0,Madhya Pradesh,Rajgarh
2022-10-28,Wheat,Khilchipur,2280.0,2392.0,2380.0,Madhya Pradesh,Rajgarh
2022-10-29,Wheat,Khilchipur,2390.0,2416.0,2400.0,Madhya Pradesh,Rajgarh
2022-11-01,Wheat,Khilchipur,2340.0,2411.0,2400.0,Madhya Pradesh,Rajgarh
2022-11-02,Wheat,Khilchipur,2200.0,2412.0,2400.0,Madhya Pradesh,Rajgarh
2022-11-03,Wheat,Khilchipur,2320.0,2408.0,2400.0,Madhya Pradesh,Rajgarh
2022-11-04,Wheat,Khilchipur,2365.0,2405.0,2400.0,Madhya Pradesh,Rajgarh
2022-11-05,Wheat,Khilchipur,2200.0,2412.0,2400.0,Madhya Pradesh,Rajgarh
2022-11-09,Wheat,Khilchipur,2450.0,2504.0,2500.0,Madhya Pradesh,Rajgarh
2022-11-11,Wheat,Khilchipur,2250.0,2501.0,2450.0,Madhya Pradesh,Rajgarh
2022-11-12,Wheat,Khilchipur,2450.0,2511.0,2480.0,Madhya Pradesh,Rajgarh
2022-11-14,Wheat,Khilchipur,2180.0,2200.0,2190.0,Madhya Pradesh,Rajgarh
2022-11-16,Wheat,Khilchipur,2350.0,2476.0,2470.0,Madhya Pradesh,Rajgarh
2022-11-17,Wheat,Khilchipur,2330.0,2462.0,2450.0,Madhya Pradesh,Rajgarh
2022-11-18,Wheat,Khilchipur,2380.0,2450.0,2400.0,Madhya Pradesh,Rajgarh
2022-11-19,Wheat,Khilchipur,2372.0,2456.0,2450.0,Madhya Pradesh,Rajgarh
2022-11-22,Wheat,Khilchipur,2385.0,2476.0,2450.0,Madhya Pradesh,Rajgarh
2022-11-24,Wheat,Khilchipur,2380.0,2494.0,2450.0,Madhya Pradesh,Rajgarh
2022-11-25,Wheat,Khilchipur,2375.0,2496.0,2460.0,Madhya Pradesh,Rajgarh
2022-11-26,Wheat,Khilchipur,2400.0,2480.0,2460.0,Madhya Pradesh,Rajgarh
2022-11-29,Wheat,Khilchipur,2440.0,2491.0,2470.0,Madhya Pradesh,Rajgarh
2022-11-30,Wheat,Khilchipur,2390.0,2496.0,2450.0,Madhya Pradesh,Rajgarh
2022-12-01,Wheat,Khilchipur,2375.0,2501.0,2480.0,Madhya Pradesh,Rajgarh
2022-12-02,Wheat,Khilchipur,2400.0,2501.0,2460.0,Madhya Pradesh,Rajgarh
2022-12-03,Wheat,Khilchipur,2450.0,2510.0,2490.0,Madhya Pradesh,Rajgarh
2022-12-06,Wheat,Khilchipur,2450.0,2530.0,2500.0,Madhya Pradesh,Rajgarh
2022-12-07,Wheat,Khilchipur,2500.0,2542.0,2520.0,Madhya Pradesh,Rajgarh
2022-12-08,Wheat,Khilchipur,2500.0,2561.0,2540.0,Madhya Pradesh,Rajgarh
2022-12-09,Wheat,Khilchipur,2500.0,2565.0,2550.0,Madhya Pradesh,Rajgarh
2022-12-12,Wheat,Khilchipur,2500.0,2500.0,2500.0,Madhya Pradesh,Rajgarh
2022-12-13,Wheat,Khilchipur,2490.0,2611.0,2560.0,Madhya Pradesh,Rajgarh
2022-12-15,Wheat,Khilchipur,2535.0,2577.0,2560.0,Madhya Pradesh,Rajgarh
2022-12-16,Wheat,Khilchipur,2550.0,2590.0,2560.0,Madhya Pradesh,Rajgarh
2022-12-17,Wheat,Khilchipur,2500.0,2600.0,2550.0,Madhya Pradesh,Rajgarh
2022-12-20,Wheat,Khilchipur,2590.0,2619.0,2600.0,Madhya Pradesh,Rajgarh
2022-12-21,Wheat,Khilchipur,2590.0,2625.0,2600.0,Madhya Pradesh,Rajgarh
2022-12-22,Wheat,Khilchipur,2600.0,2650.0,2620.0,Madhya Pradesh,Rajgarh
2022-12-24,Wheat,Khilchipur,2600.0,2663.0,2650.0,Madhya Pradesh,Rajgarh
2022-12-27,Wheat,Khilchipur,2550.0,2650.0,2630.0,Madhya Pradesh,Rajgarh
2022-12-28,Wheat,Khilchipur,2600.0,2634.0,2620.0,Madhya Pradesh,Rajgarh
2022-12-29,Wheat,Khilchipur,2530.0,2645.0,2600.0,Madhya Pradesh,Rajgarh
2022-12-30,Wheat,Khilchipur,2307.0,2600.0,2580.0,Madhya Pradesh,Rajgarh
2022-12-31,Wheat,Khilchipur,2580.0,2597.0,2590.0,Madhya Pradesh,Rajgarh
2023-01-03,Wheat,Khilchipur,2601.0,2635.0,2620.0,Madhya Pradesh,Rajgarh
2023-01-05,Wheat,Khilchipur,2500.0,2640.0,2620.0,Madhya Pradesh,Rajgarh
2023-01-06,Wheat,Khilchipur,2450.0,2640.0,2600.0,Madhya Pradesh,Rajgarh
2023-01-07,Wheat,Khilchipur,2600.0,2640.0,2620.0,Madhya Pradesh,Rajgarh
2023-01-10,Wheat,Khilchipur,2590.0,2631.0,2600.0,Madhya Pradesh,Rajgarh
2023-01-12,Wheat,Khilchipur,2585.0,2640.0,2600.0,Madhya Pradesh,Rajgarh
2023-01-13,Wheat,Khilchipur,2600.0,2640.0,2620.0,Madhya Pradesh,Rajgarh
2023-01-17,Wheat,Khilchipur,2650.0,2696.0,2660.0,Madhya Pradesh,Rajgarh
2023-01-18,Wheat,Khilchipur,2599.0,2715.0,2670.0,Madhya Pradesh,Rajgarh
2023-01-19,Wheat,Khilchipur,2600.0,2739.0,2720.0,Madhya Pradesh,Rajgarh
2023-01-20,Wheat,Khilchipur,2570.0,2720.0,2622.0,Madhya Pradesh,Rajgarh
2023-01-24,Wheat,Khilchipur,2800.0,2896.0,2850.0,Madhya Pradesh,Rajgarh
2023-01-25,Wheat,Khilchipur,2868.0,2916.0,2900.0,Madhya Pradesh,Rajgarh
2023-01-27,Wheat,Khilchipur,2700.0,2760.0,2750.0,Madhya Pradesh,Rajgarh
2023-01-28,Wheat,Khilchipur,2486.0,2568.0,2500.0,Madhya Pradesh,Rajgarh
2023-01-31,Wheat,Khilchipur,2517.0,2586.0,2550.0,Madhya Pradesh,Rajgarh
2023-02-01,Wheat,Khilchipur,2625.0,2665.0,2650.0,Madhya Pradesh,Rajgarh
2023-02-02,Wheat,Khilchipur,2550.0,2642.0,2620.0,Madhya Pradesh,Rajgarh
2023-02-03,Wheat,Khilchipur,2550.0,2600.0,2580.0,Madhya Pradesh,Rajgarh
2023-02-04,Wheat,Khilchipur,2500.0,2534.0,2520.0,Madhya Pradesh,Rajgarh
2023-02-07,Wheat,Khilchipur,2400.0,2475.0,2450.0,Madhya Pradesh,Rajgarh
2023-02-08,Wheat,Khilchipur,2400.0,2425.0,2410.0,Madhya Pradesh,Rajgarh
2023-02-09,Wheat,Khilchipur,2350.0,2463.0,2400.0,Madhya Pradesh,Rajgarh
2023-02-10,Wheat,Khilchipur,2425.0,2480.0,2450.0,Madhya Pradesh,Rajgarh
2023-02-11,Wheat,Khilchipur,2255.0,2400.0,2320.0,Madhya Pradesh,Rajgarh
2023-02-14,Wheat,Khilchipur,2100.0,2350.0,2250.0,Madhya Pradesh,Rajgarh
2023-02-15,Wheat,Khilchipur,2180.0,2228.0,2210.0,Madhya Pradesh,Rajgarh
2023-02-16,Wheat,Khilchipur,2200.0,2240.0,2220.0,Madhya Pradesh,Rajgarh
2023-02-17,Wheat,Khilchipur,2150.0,2440.0,2310.0,Madhya Pradesh,Rajgarh
2023-02-18,Wheat,Khilchipur,2205.0,2275.0,2250.0,Madhya Pradesh,Rajgarh
2023-02-20,Wheat,Khilchipur,2000.0,2150.0,2150.0,Madhya Pradesh,Rajgarh
2023-02-21,Wheat,Khilchipur,2000.0,2260.0,2100.0,Madhya Pradesh,Rajgarh
2023-02-22,Wheat,Khilchipur,1930.0,2011.0,2000.0,Madhya Pradesh,Rajgarh
2023-02-23,Wheat,Khilchipur,1950.0,2050.0,2010.0,Madhya Pradesh,Rajgarh
2023-02-24,Wheat,Khilchipur,1900.0,2010.0,1950.0,Madhya Pradesh,Rajgarh
2023-02-25,Wheat,Khilchipur,2000.0,2087.0,2050.0,Madhya Pradesh,Rajgarh
2023-02-28,Wheat,Khilchipur,2025.0,2100.0,2060.0,Madhya Pradesh,Rajgarh
2023-03-01,Wheat,Khilchipur,1900.0,2070.0,2050.0,Madhya Pradesh,Rajgarh
2023-03-02,Wheat,Khilchipur,2000.0,2091.0,2050.0,Madhya Pradesh,Rajgarh
2023-03-03,Wheat,Khilchipur,2000.0,2082.0,2020.0,Madhya Pradesh,Rajgarh
2023-03-04,Wheat,Khilchipur,2000.0,2068.0,2050.0,Madhya Pradesh,Rajgarh
2023-03-06,Wheat,Khilchipur,2070.0,2070.0,2070.0,Madhya Pradesh,Rajgarh
2023-03-07,Wheat,Khilchipur,1970.0,1970.0,1970.0,Madhya Pradesh,Rajgarh
2023-03-09,Wheat,Khilchipur,1900.0,2070.0,2020.0,Madhya Pradesh,Rajgarh
2023-03-11,Wheat,Khilchipur,2034.0,2084.0,2050.0,Madhya Pradesh,Rajgarh
2023-03-13,Wheat,Khilchipur,2010.0,2010.0,2010.0,Madhya Pradesh,Rajgarh
2023-03-14,Wheat,Khilchipur,1600.0,2100.0,2000.0,Madhya Pradesh,Rajgarh
2023-03-15,Wheat,Khilchipur,1380.0,2050.0,2000.0,Madhya Pradesh,Rajgarh
2023-03-16,Wheat,Khilchipur,1400.0,2053.0,2000.0,Madhya Pradesh,Rajgarh
2023-03-17,Wheat,Khilchipur,1755.0,2050.0,2010.0,Madhya Pradesh,Rajgarh
2023-03-19,Wheat,Khilchipur,1950.0,2060.0,2000.0,Madhya Pradesh,Rajgarh
2023-03-20,Wheat,Khilchipur,2000.0,2000.0,2000.0,Madhya Pradesh,Rajgarh
2023-03-21,Wheat,Khilchipur,1745.0,2126.0,2050.0,Madhya Pradesh,Rajgarh
2023-03-22,Wheat,Khilchipur,2050.0,2085.0,2080.0,Madhya Pradesh,Rajgarh
2023-03-23,Wheat,Khilchipur,1800.0,2175.0,2100.0,Madhya Pradesh,Rajgarh
2023-03-24,Wheat,Khilchipur,1700.0,2090.0,2000.0,Madhya Pradesh,Rajgarh
2023-03-25,Wheat,Khilchipur,1750.0,2204.0,2100.0,Madhya Pradesh,Rajgarh
2023-03-27,Wheat,Khilchipur,1700.0,1800.0,1750.0,Madhya Pradesh,Rajgarh
2023-03-28,Wheat,Khilchipur,1700.0,2300.0,2050.0,Madhya Pradesh,Rajgarh
2023-03-30,Wheat,Khilchipur,1600.0,2000.0,1900.0,Madhya Pradesh,Rajgarh
2023-03-31,Wheat,Khilchipur,1900.0,2025.0,2000.0,Madhya Pradesh,Rajgarh
2023-04-01,Wheat,Khilchipur,2000.0,2020.0,2016.0,Madhya Pradesh,Rajgarh
2023-04-02,Wheat,Khilchipur,2000.0,2026.0,2010.0,Madhya Pradesh,Rajgarh
2023-04-04,Wheat,Khilchipur,1800.0,2320.0,2000.0,Madhya Pradesh,Rajgarh
2023-04-05,Wheat,Khilchipur,1951.0,2270.0,2090.0,Madhya Pradesh,Rajgarh
2023-04-06,Wheat,Khilchipur,1800.0,2276.0,2150.0,Madhya Pradesh,Rajgarh
2023-04-08,Wheat,Khilchipur,1830.0,2135.0,2000.0,Madhya Pradesh,Rajgarh
2023-04-11,Wheat,Khilchipur,1870.0,2161.0,2000.0,Madhya Pradesh,Rajgarh
2023-04-12,Wheat,Khilchipur,1900.0,2203.0,2025.0,Madhya Pradesh,Rajgarh
2023-04-13,Wheat,Khilchipur,1881.0,2200.0,2000.0,Madhya Pradesh,Rajgarh
2023-04-14,Wheat,Khilchipur,1868.0,2042.0,2000.0,Madhya Pradesh,Rajgarh
2023-04-15,Wheat,Khilchipur,1959.0,2111.0,2000.0,Madhya Pradesh,Rajgarh
2023-04-18,Wheat,Khilchipur,1980.0,2132.0,2050.0,Madhya Pradesh,Rajgarh
2023-04-19,Wheat,Khilchipur,1990.0,2060.0,2000.0,Madhya Pradesh,Rajgarh
2023-04-21,Wheat,Khilchipur,1975.0,2135.0,2030.0,Madhya Pradesh,Rajgarh
2023-04-22,Wheat,Khilchipur,2050.0,2050.0,2050.0,Madhya Pradesh,Rajgarh
2023-04-23,Wheat,Khilchipur,2000.0,2000.0,2000.0,Madhya Pradesh,Rajgarh
2023-04-24,Wheat,Khilchipur,2050.0,2050.0,2050.0,Madhya Pradesh,Rajgarh
2023-04-25,Wheat,Khilchipur,1950.0,2172.0,2050.0,Madhya Pradesh,Rajgarh
2023-04-26,Wheat,Khilchipur,1960.0,2150.0,2070.0,Madhya Pradesh,Rajgarh
2023-04-27,Wheat,Khilchipur,2046.0,2100.0,2070.0,Madhya Pradesh,Rajgarh
2023-04-28,Wheat,Khilchipur,2050.0,2100.0,2070.0,Madhya Pradesh,Rajgarh
2023-04-29,Wheat,Khilchipur,2050.0,2105.0,2080.0,Madhya Pradesh,Rajgarh
2023-04-30,Wheat,Khilchipur,2000.0,2000.0,2000.0,Madhya Pradesh,Rajgarh
2023-05-02,Wheat,Khilchipur,2046.0,2121.0,2080.0,Madhya Pradesh,Rajgarh
2023-05-03,Wheat,Khilchipur,1970.0,2116.0,2050.0,Madhya Pradesh,Rajgarh
2023-05-04,Wheat,Khilchipur,2000.0,2130.0,2100.0,Madhya Pradesh,Rajgarh
2023-05-05,Wheat,Khilchipur,2000.0,2125.0,2100.0,Madhya Pradesh,Rajgarh
2023-05-06,Wheat,Khilchipur,2050.0,2175.0,2100.0,Madhya Pradesh,Rajgarh
2023-05-07,Wheat,Khilchipur,2100.0,2100.0,2100.0,Madhya Pradesh,Rajgarh
2023-05-08,Wheat,Khilchipur,2000.0,2000.0,2000.0,Madhya Pradesh,Rajgarh
2023-05-10,Wheat,Khilchipur,1870.0,2097.0,2050.0,Madhya Pradesh,Rajgarh
2023-05-11,Wheat,Khilchipur,1985.0,2116.0,2050.0,Madhya Pradesh,Rajgarh
2023-05-12,Wheat,Khilchipur,1984.0,2130.0,2050.0,Madhya Pradesh,Rajgarh
2023-05-13,Wheat,Khilchipur,1970.0,2115.0,2000.0,Madhya Pradesh,Rajgarh
2023-05-14,Wheat,Khilchipur,2005.0,2005.0,2005.0,Madhya Pradesh,Rajgarh
2023-05-15,Wheat,Khilchipur,2150.0,2150.0,2150.0,Madhya Pradesh,Rajgarh
2023-05-16,Wheat,Khilchipur,2100.0,2160.0,2150.0,Madhya Pradesh,Rajgarh
2023-05-17,Wheat,Khilchipur,1900.0,2176.0,2150.0,Madhya Pradesh,Rajgarh
2023-05-18,Wheat,Khilchipur,2000.0,2172.0,2140.0,Madhya Pradesh,Rajgarh
2023-05-19,Wheat,Khilchipur,2140.0,2200.0,2150.0,Madhya Pradesh,Rajgarh
2023-05-20,Wheat,Khilchipur,2061.0,2223.0,2150.0,Madhya Pradesh,Rajgarh
2023-05-23,Wheat,Khilchipur,2088.0,2250.0,2200.0,Madhya Pradesh,Rajgarh
2023-05-24,Wheat,Khilchipur,2082.0,2250.0,2200.0,Madhya Pradesh,Rajgarh
2023-05-25,Wheat,Khilchipur,2031.0,2230.0,2200.0,Madhya Pradesh,Rajgarh
2023-05-26,Wheat,Khilchipur,2100.0,2282.0,2200.0,Madhya Pradesh,Rajgarh
2023-05-27,Wheat,Khilchipur,2075.0,2255.0,2200.0,Madhya Pradesh,Rajgarh
2023-05-28,Wheat,Khilchipur,2200.0,2200.0,2200.0,Madhya Pradesh,Rajgarh
2023-05-30,Wheat,Khilchipur,2075.0,2266.0,2220.0,Madhya Pradesh,Rajgarh
2023-05-31,Wheat,Khilchipur,2081.0,2271.0,2230.0,Madhya Pradesh,Rajgarh
2023-06-01,Wheat,Khilchipur,2080.0,2249.0,2210.0,Madhya Pradesh,Rajgarh
2023-06-02,Wheat,Khilchipur,2200.0,2270.0,2240.0,Madhya Pradesh,Rajgarh
2023-06-03,Wheat,Khilchipur,2170.0,2220.0,2200.0,Madhya Pradesh,Rajgarh
2023-06-06,Wheat,Khilchipur,2200.0,2240.0,2220.0,Madhya Pradesh,Rajgarh
2023-06-07,Wheat,Khilchipur,2065.0,2210.0,2180.0,Madhya Pradesh,Rajgarh
2023-06-08,Wheat,Khilchipur,2120.0,2238.0,2175.0,Madhya Pradesh,Rajgarh
2023-06-09,Wheat,Khilchipur,2150.0,2217.0,2200.0,Madhya Pradesh,Rajgarh
2023-06-10,Wheat,Khilchipur,2180.0,2222.0,2200.0,Madhya Pradesh,Rajgarh
2023-06-13,Wheat,Khilchipur,2089.0,2203.0,2130.0,Madhya Pradesh,Rajgarh
2023-06-14,Wheat,Khilchipur,2100.0,2192.0,2130.0,Madhya Pradesh,Rajgarh
2023-06-15,Wheat,Khilchipur,2070.0,2132.0,2120.0,Madhya Pradesh,Rajgarh
2023-06-16,Wheat,Khilchipur,2100.0,2190.0,2150.0,Madhya Pradesh,Rajgarh
2023-06-17,Wheat,Khilchipur,2074.0,2202.0,2150.0,Madhya Pradesh,Rajgarh
2023-06-18,Wheat,Khilchipur,2150.0,2150.0,2150.0,Madhya Pradesh,Rajgarh
2023-06-19,Wheat,Khilchipur,2120.0,2120.0,2120.0,Madhya Pradesh,Rajgarh
2023-06-20,Wheat,Khilchipur,2191.0,2249.0,2200.0,Madhya Pradesh,Rajgarh
2023-06-21,Wheat,Khilchipur,2100.0,2100.0,2100.0,Madhya Pradesh,Rajgarh
2023-06-29,Wheat,Khilchipur,2200.0,2200.0,2200.0,Madhya Pradesh,Rajgarh
2023-06-30,Wheat,Khilchipur,2200.0,2200.0,2200.0,Madhya Pradesh,Rajgarh
2023-07-01,Wheat,Khilchipur,2200.0,2236.0,2230.0,Madhya Pradesh,Rajgarh
2023-07-04,Wheat,Khilchipur,2110.0,2239.0,2230.0,Madhya Pradesh,Rajgarh
2023-07-05,Wheat,Khilchipur,2149.0,2240.0,2220.0,Madhya Pradesh,Rajgarh
2023-07-06,Wheat,Khilchipur,2150.0,2220.0,2200.0,Madhya Pradesh,Rajgarh
2023-07-07,Wheat,Khilchipur,2120.0,2210.0,2150.0,Madhya Pradesh,Rajgarh
2023-07-08,Wheat,Khilchipur,2150.0,2200.0,2180.0,Madhya Pradesh,Rajgarh
2023-07-09,Wheat,Khilchipur,2125.0,2125.0,2125.0,Madhya Pradesh,Rajgarh
2023-07-10,Wheat,Khilchipur,2125.0,2125.0,2125.0,Madhya Pradesh,Rajgarh
2023-07-11,Wheat,Khilchipur,2150.0,2200.0,2190.0,Madhya Pradesh,Rajgarh
2023-07-12,Wheat,Khilchipur,2099.0,2190.0,2150.0,Madhya Pradesh,Rajgarh
2023-07-13,Wheat,Khilchipur,2100.0,2190.0,2150.0,Madhya Pradesh,Rajgarh
2023-07-15,Wheat,Khilchipur,2193.0,2210.0,2200.0,Madhya Pradesh,Rajgarh
2023-07-18,Wheat,Khilchipur,2137.0,2242.0,2220.0,Madhya Pradesh,Rajgarh
2023-07-19,Wheat,Khilchipur,2200.0,2247.0,2240.0,Madhya Pradesh,Rajgarh
2023-07-20,Wheat,Khilchipur,2150.0,2248.0,2220.0,Madhya Pradesh,Rajgarh
2023-07-21,Wheat,Khilchipur,2150.0,2280.0,2240.0,Madhya Pradesh,Rajgarh
2023-07-22,Wheat,Khilchipur,2220.0,2290.0,2240.0,Madhya Pradesh,Rajgarh
2023-07-25,Wheat,Khilchipur,2220.0,2304.0,2290.0,Madhya Pradesh,Rajgarh
2023-07-26,Wheat,Khilchipur,2290.0,2310.0,2300.0,Madhya Pradesh,Rajgarh
2023-07-27,Wheat,Khilchipur,2140.0,2320.0,2300.0,Madhya Pradesh,Rajgarh
2023-07-28,Wheat,Khilchipur,2300.0,2340.0,2320.0,Madhya Pradesh,Rajgarh
2023-07-29,Wheat,Khilchipur,2300.0,2350.0,2320.0,Madhya Pradesh,Rajgarh
2023-08-01,Wheat,Khilchipur,2200.0,2348.0,2320.0,Madhya Pradesh,Rajgarh
2023-08-02,Wheat,Khilchipur,2300.0,2430.0,2400.0,Madhya Pradesh,Rajgarh
2023-08-04,Wheat,Khilchipur,2400.0,2430.0,2410.0,Madhya Pradesh,Rajgarh
2023-08-05,Wheat,Khilchipur,2400.0,2420.0,2410.0,Madhya Pradesh,Rajgarh
2023-08-06,Wheat,Khilchipur,2200.0,2200.0,2200.0,Madhya Pradesh,Rajgarh
2023-08-07,Wheat,Khilchipur,2200.0,2200.0,2200.0,Madhya Pradesh,Rajgarh
2023-08-08,Wheat,Khilchipur,2350.0,2440.0,2420.0,Madhya Pradesh,Rajgarh
2023-08-09,Wheat,Khilchipur,2125.0,2450.0,2420.0,Madhya Pradesh,Rajgarh
2023-08-10,Wheat,Khilchipur,2300.0,2405.0,2390.0,Madhya Pradesh,Rajgarh
2023-08-11,Wheat,Khilchipur,2320.0,2394.0,2380.0,Madhya Pradesh,Rajgarh
2023-08-12,Wheat,Khilchipur,2300.0,2390.0,2370.0,Madhya Pradesh,Rajgarh
2023-08-16,Wheat,Khilchipur,2300.0,2370.0,2350.0,Madhya Pradesh,Rajgarh
2023-08-17,Wheat,Khilchipur,2320.0,2400.0,2340.0,Madhya Pradesh,Rajgarh
2023-08-18,Wheat,Khilchipur,2300.0,2396.0,2340.0,Madhya Pradesh,Rajgarh
2023-08-19,Wheat,Khilchipur,2250.0,2390.0,2350.0,Madhya Pradesh,Rajgarh
2023-08-21,Wheat,Khilchipur,2200.0,2200.0,2200.0,Madhya Pradesh,Rajgarh
2023-08-22,Wheat,Khilchipur,2320.0,2385.0,2360.0,Madhya Pradesh,Rajgarh
2023-08-23,Wheat,Khilchipur,2300.0,2380.0,2350.0,Madhya Pradesh,Rajgarh
2023-08-24,Wheat,Khilchipur,2350.0,2389.0,2370.0,Madhya Pradesh,Rajgarh
2023-08-26,Wheat,Khilchipur,2350.0,2410.0,2400.0,Madhya Pradesh,Rajgarh
2023-08-31,Wheat,Khilchipur,2330.0,2400.0,2398.0,Madhya Pradesh,Rajgarh
2023-09-01,Wheat,Khilchipur,2300.0,2400.0,2380.0,Madhya Pradesh,Rajgarh
2023-09-02,Wheat,Khilchipur,2300.0,2447.0,2400.0,Madhya Pradesh,Rajgarh
2023-09-03,Wheat,Khilchipur,2400.0,2400.0,2400.0,Madhya Pradesh,Rajgarh
2023-09-22,Wheat,Khilchipur,2375.0,2458.0,2450.0,Madhya Pradesh,Rajgarh
2023-09-23,Wheat,Khilchipur,2350.0,2450.0,2420.0,Madhya Pradesh,Rajgarh
2023-09-24,Wheat,Khilchipur,2400.0,2400.0,2400.0,Madhya Pradesh,Rajgarh
2023-09-25,Wheat,Khilchipur,2400.0,2400.0,2400.0,Madhya Pradesh,Rajgarh
2023-09-28,Wheat,Khilchipur,2396.0,2440.0,2400.0,Madhya Pradesh,Rajgarh
2023-09-30,Wheat,Khilchipur,2295.0,2391.0,2350.0,Madhya Pradesh,Rajgarh
2023-10-03,Wheat,Khilchipur,2320.0,2460.0,2400.0,Madhya Pradesh,Rajgarh
2023-10-05,Wheat,Khilchipur,2300.0,2355.0,2340.0,Madhya Pradesh,Rajgarh
2023-10-07,Wheat,Khilchipur,2260.0,2330.0,2300.0,Madhya Pradesh,Rajgarh
2023-10-10,Wheat,Khilchipur,2300.0,2365.0,2320.0,Madhya Pradesh,Rajgarh
2023-10-11,Wheat,Khilchipur,2375.0,2414.0,2400.0,Madhya Pradesh,Rajgarh
2023-10-12,Wheat,Khilchipur,2380.0,2417.0,2400.0,Madhya Pradesh,Rajgarh
2023-10-13,Wheat,Khilchipur,2380.0,2450.0,2400.0,Madhya Pradesh,Rajgarh
2023-10-17,Wheat,Khilchipur,2400.0,2450.0,2440.0,Madhya Pradesh,Rajgarh
2023-10-18,Wheat,Khilchipur,2400.0,2460.0,2420.0,Madhya Pradesh,Rajgarh
2023-10-19,Wheat,Khilchipur,2420.0,2463.0,2450.0,Madhya Pradesh,Rajgarh
2023-10-20,Wheat,Khilchipur,2440.0,2470.0,2450.0,Madhya Pradesh,Rajgarh
2023-10-21,Wheat,Khilchipur,2410.0,2465.0,2450.0,Madhya Pradesh,Rajgarh
2023-10-25,Wheat,Khilchipur,2400.0,2530.0,2500.0,Madhya Pradesh,Rajgarh
2023-10-26,Wheat,Khilchipur,2500.0,2625.0,2590.0,Madhya Pradesh,Rajgarh
2023-10-27,Wheat,Khilchipur,2600.0,2650.0,2615.0,Madhya Pradesh,Rajgarh
2023-10-31,Wheat,Khilchipur,2500.0,2600.0,2540.0,Madhya Pradesh,Rajgarh
2023-11-02,Wheat,Khilchipur,2500.0,2580.0,2560.0,Madhya Pradesh,Rajgarh
2023-11-03,Wheat,Khilchipur,2440.0,2500.0,2480.0,Madhya Pradesh,Rajgarh
2023-11-04,Wheat,Khilchipur,2440.0,2510.0,2470.0,Madhya Pradesh,Rajgarh
2023-11-07,Wheat,Khilchipur,2420.0,2500.0,2440.0,Madhya Pradesh,Rajgarh
2023-11-08,Wheat,Khilchipur,2420.0,2470.0,2450.0,Madhya Pradesh,Rajgarh
2023-11-09,Wheat,Khilchipur,2400.0,2480.0,2450.0,Madhya Pradesh,Rajgarh
2023-11-18,Wheat,Khilchipur,2440.0,2455.0,2450.0,Madhya Pradesh,Rajgarh
2023-11-21,Wheat,Khilchipur,2500.0,2570.0,2520.0,Madhya Pradesh,Rajgarh
2023-11-22,Wheat,Khilchipur,2520.0,2550.0,2530.0,Madhya Pradesh,Rajgarh
2023-11-23,Wheat,Khilchipur,2500.0,2570.0,2540.0,Madhya Pradesh,Rajgarh
2023-11-24,Wheat,Khilchipur,2450.0,2555.0,2500.0,Madhya Pradesh,Rajgarh
2023-11-25,Wheat,Khilchipur,2450.0,2520.0,2510.0,Madhya Pradesh,Rajgarh
2023-11-28,Wheat,Khilchipur,2520.0,2555.0,2540.0,Madhya Pradesh,Rajgarh
2023-11-30,Wheat,Khilchipur,2510.0,2560.0,2530.0,Madhya Pradesh,Rajgarh
2023-12-01,Wheat,Khilchipur,2500.0,2560.0,2540.0,Madhya Pradesh,Rajgarh
2023-12-05,Wheat,Khilchipur,2450.0,2560.0,2540.0,Madhya Pradesh,Rajgarh
2023-12-06,Wheat,Khilchipur,2450.0,2550.0,2530.0,Madhya Pradesh,Rajgarh
2023-12-07,Wheat,Khilchipur,2450.0,2560.0,2510.0,Madhya Pradesh,Rajgarh
2023-12-08,Wheat,Khilchipur,2480.0,2520.0,2500.0,Madhya Pradesh,Rajgarh
2023-12-09,Wheat,Khilchipur,2480.0,2540.0,2500.0,Madhya Pradesh,Rajgarh
2023-12-12,Wheat,Khilchipur,2450.0,2520.0,2500.0,Madhya Pradesh,Rajgarh
2023-12-13,Wheat,Khilchipur,2450.0,2472.0,2460.0,Madhya Pradesh,Rajgarh
2023-12-14,Wheat,Khilchipur,2440.0,2460.0,2450.0,Madhya Pradesh,Rajgarh
2023-12-15,Wheat,Khilchipur,2440.0,2487.0,2470.0,Madhya Pradesh,Rajgarh
2023-12-16,Wheat,Khilchipur,2450.0,2480.0,2470.0,Madhya Pradesh,Rajgarh
2023-12-19,Wheat,Khilchipur,2420.0,2462.0,2450.0,Madhya Pradesh,Rajgarh
2024-01-05,Wheat,Khilchipur,2495.0,2500.0,2495.0,Madhya Pradesh,Rajgarh
2024-01-09,Wheat,Khilchipur,2592.0,2619.0,2619.0,Madhya Pradesh,Rajgarh
2024-01-11,Wheat,Khilchipur,2608.0,2652.0,2652.0,Madhya Pradesh,Rajgarh
2024-01-12,Wheat,Khilchipur,2637.0,2661.0,2650.0,Madhya Pradesh,Rajgarh
2024-01-13,Wheat,Khilchipur,2630.0,2670.0,2640.0,Madhya Pradesh,Rajgarh
2024-01-16,Wheat,Khilchipur,2599.0,2612.0,2607.0,Madhya Pradesh,Rajgarh
2024-01-17,Wheat,Khilchipur,2555.0,2602.0,2598.0,Madhya Pradesh,Rajgarh
2024-01-20,Wheat,Khilchipur,2578.0,2588.0,2580.0,Madhya Pradesh,Rajgarh
2024-01-23,Wheat,Khilchipur,2575.0,2575.0,2575.0,Madhya Pradesh,Rajgarh
2024-01-24,Wheat,Khilchipur,2537.0,2578.0,2572.0,Madhya Pradesh,Rajgarh
2024-02-02,Wheat,Khilchipur,2475.0,2475.0,2475.0,Madhya Pradesh,Rajgarh
2024-02-07,Wheat,Khilchipur,2455.0,2467.0,2455.0,Madhya Pradesh,Rajgarh
2024-02-16,Wheat,Khilchipur,2427.0,2427.0,2427.0,Madhya Pradesh,Rajgarh
2024-02-17,Wheat,Khilchipur,2424.0,2450.0,2424.0,Madhya Pradesh,Rajgarh
2024-02-20,Wheat,Khilchipur,2400.0,2425.0,2410.0,Madhya Pradesh,Rajgarh
2024-02-21,Wheat,Khilchipur,2416.0,2550.0,2416.0,Madhya Pradesh,Rajgarh
2024-02-22,Wheat,Khilchipur,2300.0,2540.0,2400.0,Madhya Pradesh,Rajgarh
2024-02-23,Wheat,Khilchipur,2378.0,2530.0,2400.0,Madhya Pradesh,Rajgarh
2024-02-27,Wheat,Khilchipur,2240.0,2325.0,2305.0,Madhya Pradesh,Rajgarh
2024-02-29,Wheat,Khilchipur,2275.0,2510.0,2350.0,Madhya Pradesh,Rajgarh
2024-03-01,Wheat,Khilchipur,2230.0,2535.0,2400.0,Madhya Pradesh,Rajgarh
2024-03-02,Wheat,Khilchipur,2283.0,2320.0,2320.0,Madhya Pradesh,Rajgarh
2024-03-02,Wheat,Khilchipur,2220.0,2320.0,2320.0,Madhya Pradesh,Rajgarh
2024-03-05,Wheat,Khilchipur,2268.0,2499.0,2400.0,Madhya Pradesh,Rajgarh
2024-03-05,Wheat,Khilchipur,2290.0,2371.0,2400.0,Madhya Pradesh,Rajgarh
2024-03-06,Wheat,Khilchipur,2356.0,2389.0,2465.0,Madhya Pradesh,Rajgarh
2024-03-06,Wheat,Khilchipur,2200.0,2570.0,2465.0,Madhya Pradesh,Rajgarh
2024-03-07,Wheat,Khilchipur,2305.0,2604.0,2400.0,Madhya Pradesh,Rajgarh
2024-03-07,Wheat,Khilchipur,2389.0,2412.0,2400.0,Madhya Pradesh,Rajgarh
2024-03-09,Wheat,Khilchipur,2325.0,2380.0,2415.0,Madhya Pradesh,Rajgarh
2024-03-09,Wheat,Khilchipur,2300.0,2560.0,2415.0,Madhya Pradesh,Rajgarh
2024-03-10,Wheat,Khilchipur,2273.0,2405.0,2405.0,Madhya Pradesh,Rajgarh
2024-03-12,Wheat,Khilchipur,2321.0,2407.0,2335.0,Madhya Pradesh,Rajgarh
2024-03-12,Wheat,Khilchipur,2281.0,2370.0,2335.0,Madhya Pradesh,Rajgarh
2024-03-13,Wheat,Khilchipur,2324.0,2391.0,2328.0,Madhya Pradesh,Rajgarh
2024-03-13,Wheat,Khilchipur,2000.0,2375.0,2328.0,Madhya Pradesh,Rajgarh
2024-03-14,Wheat,Khilchipur,2100.0,2390.0,2357.0,Madhya Pradesh,Rajgarh
2024-03-14,Wheat,Khilchipur,2330.0,2398.0,2357.0,Madhya Pradesh,Rajgarh
2024-03-15,Wheat,Khilchipur,2300.0,2360.0,2346.0,Madhya Pradesh,Rajgarh
2024-03-15,Wheat,Khilchipur,2337.0,2371.0,2346.0,Madhya Pradesh,Rajgarh
2024-03-16,Wheat,Khilchipur,2300.0,2372.0,2331.0,Madhya Pradesh,Rajgarh
2024-03-16,Wheat,Khilchipur,1900.0,2382.0,2331.0,Madhya Pradesh,Rajgarh
2024-03-17,Wheat,Khilchipur,2325.0,2340.0,2340.0,Madhya Pradesh,Rajgarh
2024-03-19,Wheat,Khilchipur,2225.0,2305.0,2250.0,Madhya Pradesh,Rajgarh
2024-03-19,Wheat,Khilchipur,2229.0,2291.0,2250.0,Madhya Pradesh,Rajgarh
2024-03-20,Wheat,Khilchipur,2249.0,2295.0,2272.0,Madhya Pradesh,Rajgarh
2024-03-20,Wheat,Khilchipur,2060.0,2284.0,2272.0,Madhya Pradesh,Rajgarh
2024-03-21,Wheat,Khilchipur,2250.0,2400.0,2321.0,Madhya Pradesh,Rajgarh
2024-03-21,Wheat,Khilchipur,2200.0,2315.0,2321.0,Madhya Pradesh,Rajgarh
2024-03-22,Wheat,Khilchipur,2176.0,2415.0,2300.0,Madhya Pradesh,Rajgarh
2024-03-22,Wheat,Khilchipur,2275.0,2416.0,2300.0,Madhya Pradesh,Rajgarh
2024-03-23,Wheat,Khilchipur,2275.0,2310.0,2290.0,Madhya Pradesh,Rajgarh
2024-03-24,Wheat,Khilchipur,2290.0,2290.0,2290.0,Madhya Pradesh,Rajgarh
2024-03-26,Wheat,Khilchipur,2202.0,2327.0,2322.0,Madhya Pradesh,Rajgarh
2024-03-27,Wheat,Khilchipur,2289.0,2380.0,2335.0,Madhya Pradesh,Rajgarh
2024-03-27,Wheat,Khilchipur,2165.0,2350.0,2335.0,Madhya Pradesh,Rajgarh
2024-03-28,Wheat,Khilchipur,2169.0,2605.0,2345.0,Madhya Pradesh,Rajgarh
2024-03-28,Wheat,Khilchipur,2151.0,2420.0,2345.0,Madhya Pradesh,Rajgarh
2024-03-31,Wheat,Khilchipur,2310.0,2330.0,2330.0,Madhya Pradesh,Rajgarh
2024-04-01,Wheat,Khilchipur,2290.0,2290.0,2290.0,Madhya Pradesh,Rajgarh
2024-04-02,Wheat,Khilchipur,2295.0,2320.0,2301.0,Madhya Pradesh,Rajgarh
2024-04-02,Wheat,Khilchipur,2240.0,2321.0,2301.0,Madhya Pradesh,Rajgarh
2024-04-03,Wheat,Khilchipur,2286.0,5520.0,2300.0,Madhya Pradesh,Rajgarh
2024-04-03,Wheat,Khilchipur,2152.0,2335.0,2300.0,Madhya Pradesh,Rajgarh
2024-04-04,Wheat,Khilchipur,2262.0,2380.0,2290.0,Madhya Pradesh,Rajgarh
2024-04-04,Wheat,Khilchipur,2165.0,2441.0,2290.0,Madhya Pradesh,Rajgarh
2024-04-04,Wheat,Khilchipur,2425.0,2425.0,2290.0,Madhya Pradesh,Rajgarh
2024-04-06,Wheat,Khilchipur,2292.0,2450.0,2295.0,Madhya Pradesh,Rajgarh
2024-04-06,Wheat,Khilchipur,2169.0,2313.0,2295.0,Madhya Pradesh,Rajgarh
2024-04-13,Wheat,Khilchipur,2198.0,2380.0,2339.0,Madhya Pradesh,Rajgarh
2024-04-13,Wheat,Khilchipur,2336.0,2449.0,2339.0,Madhya Pradesh,Rajgarh
2024-04-16,Wheat,Khilchipur,2320.0,2350.0,2330.0,Madhya Pradesh,Rajgarh
2024-04-16,Wheat,Khilchipur,2339.0,2393.0,2330.0,Madhya Pradesh,Rajgarh
2024-04-17,Wheat,Khilchipur,2303.0,2315.0,2315.0,Madhya Pradesh,Rajgarh
2024-04-18,Wheat,Khilchipur,2300.0,2526.0,2347.0,Madhya Pradesh,Rajgarh
2024-04-18,Wheat,Khilchipur,2323.0,2395.0,2347.0,Madhya Pradesh,Rajgarh
2024-04-19,Wheat,Khilchipur,2369.0,2410.0,2347.0,Madhya Pradesh,Rajgarh
2024-04-19,Wheat,Khilchipur,2340.0,2406.0,2347.0,Madhya Pradesh,Rajgarh
2024-04-20,Wheat,Khilchipur,2349.0,2381.0,2381.0,Madhya Pradesh,Rajgarh
2024-04-20,Wheat,Khilchipur,2340.0,2407.0,2381.0,Madhya Pradesh,Rajgarh
2024-04-24,Wheat,Khilchipur,2326.0,2433.0,2378.0,Madhya Pradesh,Rajgarh
2024-04-24,Wheat,Khilchipur,2369.0,2387.0,2378.0,Madhya Pradesh,Rajgarh
2024-04-25,Wheat,Khilchipur,2237.0,2442.0,2380.0,Madhya Pradesh,Rajgarh
2024-04-26,Wheat,Khilchipur,2325.0,2389.0,2389.0,Madhya Pradesh,Rajgarh
2024-04-27,Wheat,Khilchipur,2394.0,2420.0,2400.0,Madhya Pradesh,Rajgarh
2024-04-27,Wheat,Khilchipur,2399.0,2527.0,2400.0,Madhya Pradesh,Rajgarh
2024-04-30,Wheat,Khilchipur,2300.0,2406.0,2389.0,Madhya Pradesh,Rajgarh
2024-04-30,Wheat,Khilchipur,2384.0,2404.0,2389.0,Madhya Pradesh,Rajgarh
2024-05-01,Wheat,Khilchipur,2396.0,2426.0,2405.0,Madhya Pradesh,Rajgarh
2024-05-01,Wheat,Khilchipur,2324.0,2451.0,2405.0,Madhya Pradesh,Rajgarh
2024-05-02,Wheat,Khilchipur,2387.0,2404.0,2399.0,Madhya Pradesh,Rajgarh
2024-05-03,Wheat,Khilchipur,2341.0,2616.0,2392.0,Madhya Pradesh,Rajgarh
2024-05-03,Wheat,Khilchipur,2385.0,2403.0,2392.0,Madhya Pradesh,Rajgarh
2024-05-04,Wheat,Khilchipur,2383.0,2401.0,2377.0,Madhya Pradesh,Rajgarh
2024-05-04,Wheat,Khilchipur,2323.0,2507.0,2377.0,Madhya Pradesh,Rajgarh
2024-05-09,Wheat,Khilchipur,2300.0,2451.0,2398.0,Madhya Pradesh,Rajgarh
2024-05-09,Wheat,Khilchipur,2387.0,2491.0,2398.0,Madhya Pradesh,Rajgarh
2024-05-10,Wheat,Khilchipur,2394.0,2427.0,2412.0,Madhya Pradesh,Rajgarh
2024-05-10,Wheat,Khilchipur,2328.0,2510.0,2412.0,Madhya Pradesh,Rajgarh
2024-05-11,Wheat,Khilchipur,2405.0,2426.0,2424.0,Madhya Pradesh,Rajgarh
2024-05-11,Wheat,Khilchipur,2408.0,2414.0,2424.0,Madhya Pradesh,Rajgarh
2024-05-14,Wheat,Khilchipur,2378.0,2430.0,2415.0,Madhya Pradesh,Rajgarh
2024-05-15,Wheat,Khilchipur,2391.0,2415.0,2469.0,Madhya Pradesh,Rajgarh
2024-05-15,Wheat,Khilchipur,2370.0,2469.0,2469.0,Madhya Pradesh,Rajgarh
2024-05-16,Wheat,Khilchipur,2379.0,2396.0,2396.0,Madhya Pradesh,Rajgarh
2024-05-16,Wheat,Khilchipur,2380.0,2418.0,2396.0,Madhya Pradesh,Rajgarh
2024-05-17,Wheat,Khilchipur,2396.0,2416.0,2400.0,Madhya Pradesh,Rajgarh
2024-05-18,Wheat,Khilchipur,2418.0,2438.0,2437.0,Madhya Pradesh,Rajgarh
2024-05-21,Wheat,Khilchipur,2450.0,2462.0,2462.0,Madhya Pradesh,Rajgarh
2024-05-21,Wheat,Khilchipur,2438.0,2447.0,2462.0,Madhya Pradesh,Rajgarh
2024-05-22,Wheat,Khilchipur,2444.0,2478.0,2475.0,Madhya Pradesh,Rajgarh
2024-05-22,Wheat,Khilchipur,2451.0,2482.0,2475.0,Madhya Pradesh,Rajgarh
2024-05-23,Wheat,Khilchipur,2490.0,2513.0,2506.0,Madhya Pradesh,Rajgarh
2024-05-24,Wheat,Khilchipur,2470.0,2485.0,2475.0,Madhya Pradesh,Rajgarh
2024-05-25,Wheat,Khilchipur,2468.0,2498.0,2480.0,Madhya Pradesh,Rajgarh
2024-05-28,Wheat,Khilchipur,2497.0,2552.0,2500.0,Madhya Pradesh,Rajgarh
2024-05-28,Wheat,Khilchipur,2410.0,2550.0,2500.0,Madhya Pradesh,Rajgarh
2024-05-29,Wheat,Khilchipur,2498.0,2700.0,2501.0,Madhya Pradesh,Rajgarh
2024-05-29,Wheat,Khilchipur,2498.0,2700.0,2700.0,Madhya Pradesh,Rajgarh
2024-05-29,Wheat,Khilchipur,2424.0,2509.0,2501.0,Madhya Pradesh,Rajgarh
2024-05-30,Wheat,Khilchipur,2487.0,2495.0,2491.0,Madhya Pradesh,Rajgarh
2024-05-30,Wheat,Khilchipur,2487.0,2495.0,2489.0,Madhya Pradesh,Rajgarh
2024-05-31,Wheat,Khilchipur,2448.0,2489.0,2480.0,Madhya Pradesh,Rajgarh
2024-05-31,Wheat,Khilchipur,2467.0,2495.0,2480.0,Madhya Pradesh,Rajgarh
2024-06-01,Wheat,Khilchipur,2400.0,2479.0,2477.0,Madhya Pradesh,Rajgarh
2024-06-05,Wheat,Khilchipur,2400.0,2464.0,2471.0,Madhya Pradesh,Rajgarh
2024-06-05,Wheat,Khilchipur,2464.0,2488.0,2471.0,Madhya Pradesh,Rajgarh
2024-06-06,Wheat,Khilchipur,2470.0,2488.0,2480.0,Madhya Pradesh,Rajgarh
2024-06-07,Wheat,Khilchipur,2472.0,2477.0,2475.0,Madhya Pradesh,Rajgarh
2024-06-08,Wheat,Khilchipur,2490.0,2491.0,2491.0,Madhya Pradesh,Rajgarh
2024-06-11,Wheat,Khilchipur,2494.0,2494.0,2490.0,Madhya Pradesh,Rajgarh
2024-06-11,Wheat,Khilchipur,2486.0,2500.0,2499.0,Madhya Pradesh,Rajgarh
2024-06-12,Wheat,Khilchipur,2474.0,2498.0,2481.0,Madhya Pradesh,Rajgarh
2024-06-13,Wheat,Khilchipur,2437.0,2477.0,2470.0,Madhya Pradesh,Rajgarh
2024-06-13,Wheat,Khilchipur,2469.0,2525.0,2470.0,Madhya Pradesh,Rajgarh
2024-06-14,Wheat,Khilchipur,2472.0,2488.0,2478.0,Madhya Pradesh,Rajgarh
2024-06-15,Wheat,Khilchipur,2470.0,2487.0,2487.0,Madhya Pradesh,Rajgarh
2024-06-18,Wheat,Khilchipur,2468.0,2504.0,2499.0,Madhya Pradesh,Rajgarh
2024-06-18,Wheat,Khilchipur,2449.0,2492.0,2499.0,Madhya Pradesh,Rajgarh
2024-06-19,Wheat,Khilchipur,2473.0,2510.0,2494.0,Madhya Pradesh,Rajgarh
2024-06-19,Wheat,Khilchipur,2500.0,2520.0,2494.0,Madhya Pradesh,Rajgarh
2024-06-20,Wheat,Khilchipur,2450.0,2521.0,2516.0,Madhya Pradesh,Rajgarh
2024-06-20,Wheat,Khilchipur,2526.0,2531.0,2516.0,Madhya Pradesh,Rajgarh
2024-06-21,Wheat,Khilchipur,2500.0,2500.0,2520.0,Madhya Pradesh,Rajgarh
2024-06-21,Wheat,Khilchipur,2515.0,2540.0,2520.0,Madhya Pradesh,Rajgarh
2024-06-22,Wheat,Khilchipur,2496.0,2527.0,2530.0,Madhya Pradesh,Rajgarh
2024-06-22,Wheat,Khilchipur,2500.0,2534.0,2530.0,Madhya Pradesh,Rajgarh
2024-06-23,Wheat,Khilchipur,2490.0,2520.0,2510.0,Madhya Pradesh,Rajgarh
2024-06-25,Wheat,Khilchipur,2494.0,2514.0,2501.0,Madhya Pradesh,Rajgarh
2024-06-25,Wheat,Khilchipur,2490.0,2494.0,2501.0,Madhya Pradesh,Rajgarh
2024-06-26,Wheat,Khilchipur,2502.0,2593.0,2593.0,Madhya Pradesh,Rajgarh
2024-06-27,Wheat,Khilchipur,2500.0,2510.0,2525.0,Madhya Pradesh,Rajgarh
2024-06-27,Wheat,Khilchipur,2525.0,2525.0,2525.0,Madhya Pradesh,Rajgarh
2024-06-27,Wheat,Khilchipur,2485.0,2510.0,2525.0,Madhya Pradesh,Rajgarh
2024-06-28,Wheat,Khilchipur,2477.0,2517.0,2507.0,Madhya Pradesh,Rajgarh
2024-06-29,Wheat,Khilchipur,2490.0,2532.0,2527.0,Madhya Pradesh,Rajgarh
2024-07-02,Wheat,Khilchipur,2377.0,2541.0,2541.0,Madhya Pradesh,Rajgarh
2024-07-06,Wheat,Khilchipur,2513.0,2524.0,2524.0,Madhya Pradesh,Rajgarh
2024-07-16,Wheat,Khilchipur,2526.0,2544.0,2544.0,Madhya Pradesh,Rajgarh
2024-07-17,Wheat,Khilchipur,2551.0,2551.0,2551.0,Madhya Pradesh,Rajgarh
2024-07-19,Wheat,Khilchipur,2561.0,2563.0,2563.0,Madhya Pradesh,Rajgarh
2024-07-23,Wheat,Khilchipur,2542.0,2547.0,2546.0,Madhya Pradesh,Rajgarh
2024-07-24,Wheat,Khilchipur,2530.0,2546.0,2544.0,Madhya Pradesh,Rajgarh
2024-07-26,Wheat,Khilchipur,2545.0,2566.0,2566.0,Madhya Pradesh,Rajgarh
2024-07-30,Wheat,Khilchipur,2504.0,2576.0,2574.0,Madhya Pradesh,Rajgarh
2024-07-31,Wheat,Khilchipur,2536.0,2593.0,2591.0,Madhya Pradesh,Rajgarh
2024-08-02,Wheat,Khilchipur,2577.0,2584.0,2577.0,Madhya Pradesh,Rajgarh
2024-08-03,Wheat,Khilchipur,2579.0,2579.0,2579.0,Madhya Pradesh,Rajgarh
2024-08-06,Wheat,Khilchipur,2582.0,2594.0,2592.0,Madhya Pradesh,Rajgarh
2024-08-06,Wheat,Khilchipur,2592.0,2592.0,2592.0,Madhya Pradesh,Rajgarh
2024-08-06,Wheat,Khilchipur,2556.0,2594.0,2592.0,Madhya Pradesh,Rajgarh
2024-08-07,Wheat,Khilchipur,2596.0,2613.0,2613.0,Madhya Pradesh,Rajgarh
2024-08-07,Wheat,Khilchipur,2602.0,2602.0,2602.0,Madhya Pradesh,Rajgarh
2024-08-08,Wheat,Khilchipur,2609.0,2615.0,2615.0,Madhya Pradesh,Rajgarh
2024-08-08,Wheat,Khilchipur,2612.0,2615.0,2615.0,Madhya Pradesh,Rajgarh
2024-08-09,Wheat,Khilchipur,2605.0,2612.0,2612.0,Madhya Pradesh,Rajgarh
2024-08-09,Wheat,Khilchipur,2595.0,2618.0,2605.0,Madhya Pradesh,Rajgarh
2024-08-13,Wheat,Khilchipur,2613.0,2651.0,2651.0,Madhya Pradesh,Rajgarh
2024-08-14,Wheat,Khilchipur,2629.0,2635.0,2635.0,Madhya Pradesh,Rajgarh
2024-08-14,Wheat,Khilchipur,2574.0,2658.0,2644.0,Madhya Pradesh,Rajgarh
2024-08-16,Wheat,Khilchipur,2567.0,2657.0,2649.0,Madhya Pradesh,Rajgarh
2024-08-17,Wheat,Khilchipur,2621.0,2621.0,2621.0,Madhya Pradesh,Rajgarh
2024-08-17,Wheat,Khilchipur,2600.0,2654.0,2630.0,Madhya Pradesh,Rajgarh
2024-08-20,Wheat,Khilchipur,2624.0,2647.0,2647.0,Madhya Pradesh,Rajgarh
2024-08-20,Wheat,Khilchipur,2640.0,2670.0,2670.0,Madhya Pradesh,Rajgarh
2024-08-21,Wheat,Khilchipur,2610.0,2640.0,2625.0,Madhya Pradesh,Rajgarh
2024-08-21,Wheat,Khilchipur,2595.0,2640.0,2625.0,Madhya Pradesh,Rajgarh
2024-08-22,Wheat,Khilchipur,2610.0,2653.0,2653.0,Madhya Pradesh,Rajgarh
2024-08-22,Wheat,Khilchipur,2610.0,2665.0,2665.0,Madhya Pradesh,Rajgarh
2024-08-23,Wheat,Khilchipur,2626.0,2632.0,2632.0,Madhya Pradesh,Rajgarh
2024-08-24,Wheat,Khilchipur,2610.0,2669.0,2669.0,Madhya Pradesh,Rajgarh
2024-08-27,Wheat,Khilchipur,2630.0,2685.0,2654.0,Madhya Pradesh,Rajgarh
2024-08-27,Wheat,Khilchipur,2630.0,2685.0,2640.0,Madhya Pradesh,Rajgarh
2024-08-28,Wheat,Khilchipur,2636.0,2693.0,2690.0,Madhya Pradesh,Rajgarh
2024-08-28,Wheat,Khilchipur,2648.0,2693.0,2690.0,Madhya Pradesh,Rajgarh
2024-08-29,Wheat,Khilchipur,2627.0,2682.0,2677.0,Madhya Pradesh,Rajgarh
2024-08-29,Wheat,Khilchipur,2679.0,2680.0,2680.0,Madhya Pradesh,Rajgarh
2024-08-29,Wheat,Khilchipur,2599.0,2686.0,2677.0,Madhya Pradesh,Rajgarh
2024-08-30,Wheat,Khilchipur,2666.0,2691.0,2684.0,Madhya Pradesh,Rajgarh
2024-08-30,Wheat,Khilchipur,2639.0,2691.0,2684.0,Madhya Pradesh,Rajgarh
2024-08-31,Wheat,Khilchipur,2658.0,2680.0,2680.0,Madhya Pradesh,Rajgarh
2024-09-03,Wheat,Khilchipur,2658.0,2690.0,2675.0,Madhya Pradesh,Rajgarh
2024-09-04,Wheat,Khilchipur,2656.0,2670.0,2668.0,Madhya Pradesh,Rajgarh
2024-09-05,Wheat,Khilchipur,2677.0,2677.0,2677.0,Madhya Pradesh,Rajgarh
2024-09-05,Wheat,Khilchipur,2660.0,2660.0,2660.0,Madhya Pradesh,Rajgarh
2024-09-05,Wheat,Khilchipur,2660.0,2678.0,2678.0,Madhya Pradesh,Rajgarh
2024-09-06,Wheat,Khilchipur,2646.0,2660.0,2660.0,Madhya Pradesh,Rajgarh
2024-09-06,Wheat,Khilchipur,2629.0,2665.0,2664.0,Madhya Pradesh,Rajgarh
2024-09-10,Wheat,Khilchipur,2638.0,2659.0,2659.0,Madhya Pradesh,Rajgarh
2024-09-10,Wheat,Khilchipur,2505.0,2665.0,2658.0,Madhya Pradesh,Rajgarh
2024-09-11,Wheat,Khilchipur,2640.0,2640.0,2640.0,Madhya Pradesh,Rajgarh
2024-09-12,Wheat,Khilchipur,2625.0,2650.0,2650.0,Madhya Pradesh,Rajgarh
2024-09-13,Wheat,Khilchipur,2585.0,2647.0,2647.0,Madhya Pradesh,Rajgarh
2024-09-13,Wheat,Khilchipur,2585.0,2700.0,2657.0,Madhya Pradesh,Rajgarh
2024-09-13,Wheat,Khilchipur,2655.0,2655.0,2655.0,Madhya Pradesh,Rajgarh
2024-09-14,Wheat,Khilchipur,2626.0,2650.0,2643.0,Madhya Pradesh,Rajgarh
2024-09-17,Wheat,Khilchipur,2589.0,2656.0,2625.0,Madhya Pradesh,Rajgarh
2024-09-19,Wheat,Khilchipur,2614.0,2657.0,2645.0,Madhya Pradesh,Rajgarh
2024-09-19,Wheat,Khilchipur,2614.0,2657.0,2654.0,Madhya Pradesh,Rajgarh
2024-09-19,Wheat,Khilchipur,2656.0,2656.0,2656.0,Madhya Pradesh,Rajgarh
2024-09-20,Wheat,Khilchipur,2645.0,2645.0,2645.0,Madhya Pradesh,Rajgarh
2024-09-20,Wheat,Khilchipur,2585.0,2660.0,2647.0,Madhya Pradesh,Rajgarh
2024-09-21,Wheat,Khilchipur,2650.0,2650.0,2650.0,Madhya Pradesh,Rajgarh
2024-09-24,Wheat,Khilchipur,2645.0,2700.0,2648.0,Madhya Pradesh,Rajgarh
2024-09-24,Wheat,Khilchipur,2666.0,2690.0,2690.0,Madhya Pradesh,Rajgarh
2024-09-25,Wheat,Khilchipur,2513.0,2690.0,2690.0,Madhya Pradesh,Rajgarh
2024-09-25,Wheat,Khilchipur,2664.0,2690.0,2690.0,Madhya Pradesh,Rajgarh
2024-09-25,Wheat,Khilchipur,2676.0,2679.0,2679.0,Madhya Pradesh,Rajgarh
2024-09-26,Wheat,Khilchipur,2630.0,2687.0,2669.0,Madhya Pradesh,Rajgarh
2024-09-26,Wheat,Khilchipur,2670.0,2676.0,2670.0,Madhya Pradesh,Rajgarh
2024-09-27,Wheat,Khilchipur,2625.0,2671.0,2671.0,Madhya Pradesh,Rajgarh
2024-09-27,Wheat,Khilchipur,2640.0,2667.0,2667.0,Madhya Pradesh,Rajgarh
2024-09-28,Wheat,Khilchipur,2598.0,2662.0,2662.0,Madhya Pradesh,Rajgarh
2024-10-01,Wheat,Khilchipur,2619.0,2719.0,2714.0,Madhya Pradesh,Rajgarh
2024-10-03,Wheat,Khilchipur,2640.0,2739.0,2739.0,Madhya Pradesh,Rajgarh
2024-10-03,Wheat,Khilchipur,2725.0,2734.0,2734.0,Madhya Pradesh,Rajgarh
2024-10-04,Wheat,Khilchipur,2725.0,2737.0,2737.0,Madhya Pradesh,Rajgarh
2024-10-04,Wheat,Khilchipur,2715.0,2740.0,2740.0,Madhya Pradesh,Rajgarh
2024-10-05,Wheat,Khilchipur,2700.0,2715.0,2715.0,Madhya Pradesh,Rajgarh
2024-10-08,Wheat,Khilchipur,2665.0,2702.0,2700.0,Madhya Pradesh,Rajgarh
2024-10-10,Wheat,Khilchipur,2700.0,2730.0,2730.0,Madhya Pradesh,Rajgarh
2024-10-15,Wheat,Khilchipur,2750.0,2750.0,2750.0,Madhya Pradesh,Rajgarh
2024-10-15,Wheat,Khilchipur,2705.0,2800.0,2780.0,Madhya Pradesh,Rajgarh
2024-10-16,Wheat,Khilchipur,2755.0,2790.0,2790.0,Madhya Pradesh,Rajgarh
2024-10-16,Wheat,Khilchipur,2790.0,2790.0,2790.0,Madhya Pradesh,Rajgarh
2024-10-16,Wheat,Khilchipur,2719.0,2789.0,2750.0,Madhya Pradesh,Rajgarh
2024-10-19,Wheat,Khilchipur,2747.0,2770.0,2770.0,Madhya Pradesh,Rajgarh
2024-10-22,Wheat,Khilchipur,2751.0,2766.0,2766.0,Madhya Pradesh,Rajgarh
2024-10-23,Wheat,Khilchipur,2750.0,2750.0,2750.0,Madhya Pradesh,Rajgarh
2024-10-23,Wheat,Khilchipur,2750.0,2785.0,2785.0,Madhya Pradesh,Rajgarh
2024-10-24,Wheat,Khilchipur,2770.0,2770.0,2770.0,Madhya Pradesh,Rajgarh
2024-10-25,Wheat,Khilchipur,1769.0,2770.0,2750.0,Madhya Pradesh,Rajgarh
2024-10-25,Wheat,Khilchipur,1769.0,2763.0,2763.0,Madhya Pradesh,Rajgarh
2024-10-26,Wheat,Khilchipur,2700.0,2775.0,2768.0,Madhya Pradesh,Rajgarh
2024-11-02,Wheat,Khilchipur,2700.0,2921.0,2730.0,Madhya Pradesh,Rajgarh
2024-11-05,Wheat,Khilchipur,2809.0,2830.0,2815.0,Madhya Pradesh,Rajgarh
2024-11-06,Wheat,Khilchipur,2815.0,2850.0,2820.0,Madhya Pradesh,Rajgarh
2024-11-07,Wheat,Khilchipur,2831.0,2846.0,2846.0,Madhya Pradesh,Rajgarh
2024-11-07,Wheat,Khilchipur,2810.0,2846.0,2846.0,Madhya Pradesh,Rajgarh
2024-11-09,Wheat,Khilchipur,2851.0,2868.0,2868.0,Madhya Pradesh,Rajgarh
2024-11-09,Wheat,Khilchipur,2270.0,2851.0,2851.0,Madhya Pradesh,Rajgarh
2024-11-14,Wheat,Khilchipur,2800.0,2841.0,2841.0,Madhya Pradesh,Rajgarh
2024-11-16,Wheat,Khilchipur,2820.0,2848.0,2848.0,Madhya Pradesh,Rajgarh
2024-11-19,Wheat,Khilchipur,2750.0,2859.0,2848.0,Madhya Pradesh,Rajgarh
2024-11-19,Wheat,Khilchipur,2250.0,2859.0,2848.0,Madhya Pradesh,Rajgarh
2024-11-20,Wheat,Khilchipur,2789.0,2867.0,2867.0,Madhya Pradesh,Rajgarh
2024-11-22,Wheat,Khilchipur,2850.0,2885.0,2885.0,Madhya Pradesh,Rajgarh
2024-11-22,Wheat,Khilchipur,2800.0,2857.0,2857.0,Madhya Pradesh,Rajgarh
2024-11-23,Wheat,Khilchipur,2817.0,2817.0,2817.0,Madhya Pradesh,Rajgarh
2024-11-26,Wheat,Khilchipur,2710.0,3769.0,3769.0,Madhya Pradesh,Rajgarh
2024-11-27,Wheat,Khilchipur,2720.0,2785.0,2750.0,Madhya Pradesh,Rajgarh
2024-11-27,Wheat,Khilchipur,2720.0,2785.0,2745.0,Madhya Pradesh,Rajgarh
2024-11-27,Wheat,Khilchipur,2719.0,2760.0,2760.0,Madhya Pradesh,Rajgarh
2024-12-03,Wheat,Khilchipur,2706.0,2706.0,2706.0,Madhya Pradesh,Rajgarh
2024-12-03,Wheat,Khilchipur,2728.0,2765.0,2765.0,Madhya Pradesh,Rajgarh
2024-12-03,Wheat,Khilchipur,2706.0,2752.0,2752.0,Madhya Pradesh,Rajgarh
2024-12-04,Wheat,Khilchipur,2726.0,2726.0,2726.0,Madhya Pradesh,Rajgarh
2024-12-04,Wheat,Khilchipur,2764.0,2787.0,2787.0,Madhya Pradesh,Rajgarh
2024-12-04,Wheat,Khilchipur,2700.0,2756.0,2756.0,Madhya Pradesh,Rajgarh
2024-12-05,Wheat,Khilchipur,2778.0,2801.0,2801.0,Madhya Pradesh,Rajgarh
2024-12-06,Wheat,Khilchipur,2820.0,2830.0,2830.0,Madhya Pradesh,Rajgarh
2024-12-06,Wheat,Khilchipur,2780.0,2780.0,2780.0,Madhya Pradesh,Rajgarh
2024-12-06,Wheat,Khilchipur,2770.0,2781.0,2781.0,Madhya Pradesh,Rajgarh
2024-12-07,Wheat,Khilchipur,2831.0,2872.0,2872.0,Madhya Pradesh,Rajgarh
2024-12-11,Wheat,Khilchipur,2828.0,2829.0,2829.0,Madhya Pradesh,Rajgarh
2024-12-11,Wheat,Khilchipur,2841.0,2856.0,2856.0,Madhya Pradesh,Rajgarh
2024-12-12,Wheat,Khilchipur,2846.0,2861.0,2861.0,Madhya Pradesh,Rajgarh
2024-12-13,Wheat,Khilchipur,2875.0,2891.0,2891.0,Madhya Pradesh,Rajgarh
2024-12-14,Wheat,Khilchipur,2840.0,2871.0,2871.0,Madhya Pradesh,Rajgarh
2024-12-17,Wheat,Khilchipur,2901.0,2932.0,2932.0,Madhya Pradesh,Rajgarh
2024-12-18,Wheat,Khilchipur,2865.0,2971.0,2971.0,Madhya Pradesh,Rajgarh
2024-12-19,Wheat,Khilchipur,2926.0,2929.0,2929.0,Madhya Pradesh,Rajgarh
2024-12-19,Wheat,Khilchipur,2878.0,2910.0,2910.0,Madhya Pradesh,Rajgarh
2024-12-20,Wheat,Khilchipur,2905.0,2951.0,2951.0,Madhya Pradesh,Rajgarh
2024-12-21,Wheat,Khilchipur,2905.0,2940.0,2940.0,Madhya Pradesh,Rajgarh
2024-12-26,Wheat,Khilchipur,2890.0,2924.0,2924.0,Madhya Pradesh,Rajgarh
2024-12-26,Wheat,Khilchipur,2945.0,2945.0,2945.0,Madhya Pradesh,Rajgarh
2024-12-31,Wheat,Khilchipur,2990.0,3990.0,3990.0,Madhya Pradesh,Rajgarh
2025-01-02,Wheat,Khilchipur,2955.0,3026.0,2970.0,Madhya Pradesh,Rajgarh
2025-01-02,Wheat,Khilchipur,2966.0,3041.0,3041.0,Madhya Pradesh,Rajgarh
2025-01-03,Wheat,Khilchipur,3015.0,3015.0,3015.0,Madhya Pradesh,Rajgarh
2025-01-03,Wheat,Khilchipur,3035.0,3051.0,3044.0,Madhya Pradesh,Rajgarh
2025-01-04,Wheat,Khilchipur,3038.0,3047.0,3047.0,Madhya Pradesh,Rajgarh
2025-01-04,Wheat,Khilchipur,2980.0,3043.0,2990.0,Madhya Pradesh,Rajgarh
2025-01-09,Wheat,Khilchipur,3070.0,3070.0,3070.0,Madhya Pradesh,Rajgarh
2025-01-09,Wheat,Khilchipur,3055.0,3082.0,3082.0,Madhya Pradesh,Rajgarh
2025-01-16,Wheat,Khilchipur,3000.0,3090.0,3090.0,Madhya Pradesh,Rajgarh
2025-01-17,Wheat,Khilchipur,3032.0,3068.0,3056.0,Madhya Pradesh,Rajgarh
2025-01-18,Wheat,Khilchipur,3020.0,3077.0,3077.0,Madhya Pradesh,Rajgarh
2025-01-21,Wheat,Khilchipur,2670.0,3048.0,3025.0,Madhya Pradesh,Rajgarh
2025-01-22,Wheat,Khilchipur,2999.0,3015.0,3015.0,Madhya Pradesh,Rajgarh
2025-01-23,Wheat,Khilchipur,2951.0,3002.0,3002.0,Madhya Pradesh,Rajgarh
2025-01-24,Wheat,Khilchipur,2951.0,3000.0,3000.0,Madhya Pradesh,Rajgarh
2025-01-25,Wheat,Khilchipur,2944.0,3000.0,3000.0,Madhya Pradesh,Rajgarh
2025-01-25,Wheat,Khilchipur,2944.0,2944.0,2944.0,Madhya Pradesh,Rajgarh
2025-01-29,Wheat,Khilchipur,2951.0,2986.0,2986.0,Madhya Pradesh,Rajgarh
2025-01-30,Wheat,Khilchipur,2957.0,2994.0,2994.0,Madhya Pradesh,Rajgarh
2025-01-31,Wheat,Khilchipur,2945.0,2956.0,2956.0,Madhya Pradesh,Rajgarh
2025-02-01,Wheat,Khilchipur,2895.0,2929.0,2929.0,Madhya Pradesh,Rajgarh
2025-02-04,Wheat,Khilchipur,2844.0,2847.0,2847.0,Madhya Pradesh,Rajgarh
2025-02-06,Wheat,Khilchipur,2876.0,2892.0,2892.0,Madhya Pradesh,Rajgarh
2025-02-09,Wheat,Khilchipur,3000.0,3000.0,3000.0,Madhya Pradesh,Rajgarh
2025-02-11,Wheat,Khilchipur,2840.0,2925.0,2925.0,Madhya Pradesh,Rajgarh
2025-02-15,Wheat,Khilchipur,2980.0,3000.0,3000.0,Madhya Pradesh,Rajgarh
2025-02-18,Wheat,Khilchipur,2720.0,2989.0,2985.0,Madhya Pradesh,Rajgarh
2025-02-19,Wheat,Khilchipur,2979.0,3003.0,3003.0,Madhya Pradesh,Rajgarh
2025-02-20,Wheat,Khilchipur,2829.0,3018.0,3018.0,Madhya Pradesh,Rajgarh
2025-02-21,Wheat,Khilchipur,2640.0,3004.0,2998.0,Madhya Pradesh,Rajgarh
2025-02-22,Wheat,Khilchipur,2401.0,3050.0,3037.0,Madhya Pradesh,Rajgarh
2025-02-25,Wheat,Khilchipur,2500.0,2957.0,2938.0,Madhya Pradesh,Rajgarh
2025-02-27,Wheat,Khilchipur,2792.0,2792.0,2792.0,Madhya Pradesh,Rajgarh
2025-02-27,Wheat,Khilchipur,2450.0,2943.0,2860.0,Madhya Pradesh,Rajgarh
2025-02-28,Wheat,Khilchipur,2305.0,2907.0,2750.0,Madhya Pradesh,Rajgarh
2025-03-01,Wheat,Khilchipur,2275.0,2801.0,2500.0,Madhya Pradesh,Rajgarh
2025-03-01,Wheat,Khilchipur,2520.0,2700.0,2600.0,Madhya Pradesh,Rajgarh
2025-03-04,Wheat,Khilchipur,2115.0,2700.0,2500.0,Madhya Pradesh,Rajgarh
2025-03-05,Wheat,Khilchipur,2370.0,2689.0,2641.0,Madhya Pradesh,Rajgarh
2025-03-05,Wheat,Khilchipur,2255.0,2689.0,2640.0,Madhya Pradesh,Rajgarh
2025-03-05,Wheat,Khilchipur,2500.0,2575.0,2575.0,Madhya Pradesh,Rajgarh
2025-03-06,Wheat,Khilchipur,2550.0,2575.0,2550.0,Madhya Pradesh,Rajgarh
2025-03-06,Wheat,Khilchipur,2339.0,2715.0,2655.0,Madhya Pradesh,Rajgarh
2025-03-07,Wheat,Khilchipur,2258.0,2660.0,2601.0,Madhya Pradesh,Rajgarh
2025-03-08,Wheat,Khilchipur,2400.0,2633.0,2605.0,Madhya Pradesh,Rajgarh
2025-03-08,Wheat,Khilchipur,2495.0,2660.0,2605.0,Madhya Pradesh,Rajgarh
2025-03-08,Wheat,Khilchipur,2300.0,2625.0,2625.0,Madhya Pradesh,Rajgarh
2025-03-09,Wheat,Khilchipur,2550.0,2550.0,2550.0,Madhya Pradesh,Rajgarh
2025-03-11,Wheat,Khilchipur,2160.0,2515.0,2460.0,Madhya Pradesh,Rajgarh
2025-03-11,Wheat,Khilchipur,2100.0,2491.0,2485.0,Madhya Pradesh,Rajgarh
2025-03-11,Wheat,Khilchipur,2200.0,2480.0,2460.0,Madhya Pradesh,Rajgarh
2025-03-11,Wheat,Khilchipur,1805.0,2515.0,2460.0,Madhya Pradesh,Rajgarh
2025-03-12,Wheat,Khilchipur,2434.0,2468.0,2450.0,Madhya Pradesh,Rajgarh
2025-03-12,Wheat,Khilchipur,1995.0,2540.0,2440.0,Madhya Pradesh,Rajgarh
2025-03-12,Wheat,Khilchipur,2500.0,2500.0,2500.0,Madhya Pradesh,Rajgarh
2025-03-12,Wheat,Khilchipur,2300.0,2525.0,2450.0,Madhya Pradesh,Rajgarh
2025-03-13,Wheat,Khilchipur,2475.0,2475.0,2475.0,Madhya Pradesh,Rajgarh
2025-03-13,Wheat,Khilchipur,2133.0,2520.0,2469.0,Madhya Pradesh,Rajgarh
2025-03-15,Wheat,Khilchipur,2100.0,2555.0,2472.0,Madhya Pradesh,Rajgarh
2025-03-15,Wheat,Khilchipur,1810.0,2550.0,2475.0,Madhya Pradesh,Rajgarh
2025-03-15,Wheat,Khilchipur,2446.0,2538.0,2475.0,Madhya Pradesh,Rajgarh
2025-03-16,Wheat,Khilchipur,2450.0,2450.0,2450.0,Madhya Pradesh,Rajgarh
2025-03-17,Wheat,Khilchipur,2345.0,2459.0,2459.0,Madhya Pradesh,Rajgarh
2025-03-17,Wheat,Khilchipur,2400.0,2400.0,2400.0,Madhya Pradesh,Rajgarh
2025-03-18,Wheat,Khilchipur,2331.0,2510.0,2401.0,Madhya Pradesh,Rajgarh
2025-03-18,Wheat,Khilchipur,2005.0,2400.0,2390.0,Madhya Pradesh,Rajgarh
2025-03-18,Wheat,Khilchipur,2201.0,2430.0,2390.0,Madhya Pradesh,Rajgarh
2025-03-18,Wheat,Khilchipur,2100.0,2430.0,2383.0,Madhya Pradesh,Rajgarh
2025-03-18,Wheat,Khilchipur,2005.0,2460.0,2383.0,Madhya Pradesh,Rajgarh
2025-03-18,Wheat,Khilchipur,2300.0,2399.0,2390.0,Madhya Pradesh,Rajgarh
2025-03-19,Wheat,Khilchipur,2400.0,2400.0,2400.0,Madhya Pradesh,Rajgarh
2025-03-20,Wheat,Khilchipur,2145.0,2440.0,2382.0,Madhya Pradesh,Rajgarh
2025-03-20,Wheat,Khilchipur,2200.0,2376.0,2376.0,Madhya Pradesh,Rajgarh
2025-03-20,Wheat,Khilchipur,2360.0,2480.0,2410.0,Madhya Pradesh,Rajgarh
2025-03-20,Wheat,Khilchipur,2145.0,2440.0,2376.0,Madhya Pradesh,Rajgarh
2025-03-20,Wheat,Khilchipur,2375.0,2500.0,2500.0,Madhya Pradesh,Rajgarh
2025-03-21,Wheat,Khilchipur,2231.0,2667.0,2380.0,Madhya Pradesh,Rajgarh
2025-03-21,Wheat,Khilchipur,2100.0,2381.0,2380.0,Madhya Pradesh,Rajgarh
2025-03-21,Wheat,Khilchipur,2256.0,2946.0,2500.0,Madhya Pradesh,Rajgarh
2025-03-21,Wheat,Khilchipur,2500.0,2500.0,2500.0,Madhya Pradesh,Rajgarh
2025-03-21,Wheat,Khilchipur,2268.0,2667.0,2380.0,Madhya Pradesh,Rajgarh
2025-03-22,Wheat,Khilchipur,2261.0,2900.0,2900.0,Madhya Pradesh,Rajgarh
2025-03-22,Wheat,Khilchipur,2100.0,2900.0,2360.0,Madhya Pradesh,Rajgarh
2025-03-22,Wheat,Khilchipur,2390.0,2450.0,2450.0,Madhya Pradesh,Rajgarh
2025-03-22,Wheat,Khilchipur,2340.0,2900.0,2360.0,Madhya Pradesh,Rajgarh
2025-03-22,Wheat,Khilchipur,2235.0,2440.0,2360.0,Madhya Pradesh,Rajgarh
2025-03-22,Wheat,Khilchipur,2145.0,2440.0,2360.0,Madhya Pradesh,Rajgarh
2025-03-23,Wheat,Khilchipur,2350.0,2405.0,2400.0,Madhya Pradesh,Rajgarh
2025-03-23,Wheat,Khilchipur,2400.0,2400.0,2400.0,Madhya Pradesh,Rajgarh
2025-03-25,Wheat,Khilchipur,2251.0,7075.0,2340.0,Madhya Pradesh,Rajgarh
2025-03-25,Wheat,Khilchipur,2251.0,2361.0,2340.0,Madhya Pradesh,Rajgarh
2025-03-25,Wheat,Khilchipur,2250.0,7075.0,2340.0,Madhya Pradesh,Rajgarh
2025-03-25,Wheat,Khilchipur,2260.0,2375.0,2329.0,Madhya Pradesh,Rajgarh
2025-03-25,Wheat,Khilchipur,2306.0,2354.0,2329.0,Madhya Pradesh,Rajgarh
2025-03-26,Wheat,Khilchipur,2336.0,2880.0,2400.0,Madhya Pradesh,Rajgarh
2025-03-26,Wheat,Khilchipur,2325.0,2340.0,2340.0,Madhya Pradesh,Rajgarh
2025-03-26,Wheat,Khilchipur,2270.0,2375.0,2350.0,Madhya Pradesh,Rajgarh
2025-03-26,Wheat,Khilchipur,2400.0,2400.0,2400.0,Madhya Pradesh,Rajgarh
2025-03-26,Wheat,Khilchipur,2155.0,2377.0,2350.0,Madhya Pradesh,Rajgarh
2025-03-27,Wheat,Khilchipur,2355.0,2385.0,2370.0,Madhya Pradesh,Rajgarh
2025-03-27,Wheat,Khilchipur,2339.0,2375.0,2360.0,Madhya Pradesh,Rajgarh
2025-03-27,Wheat,Khilchipur,2215.0,2401.0,2370.0,Madhya Pradesh,Rajgarh
2025-03-27,Wheat,Khilchipur,2364.0,2389.0,2370.0,Madhya Pradesh,Rajgarh
2025-03-27,Wheat,Khilchipur,2850.0,2850.0,2850.0,Madhya Pradesh,Rajgarh
2025-03-28,Wheat,Khilchipur,2353.0,2362.0,2360.0,Madhya Pradesh,Rajgarh
2025-03-28,Wheat,Khilchipur,2275.0,2395.0,2360.0,Madhya Pradesh,Rajgarh
2025-03-28,Wheat,Khilchipur,2300.0,2345.0,2330.0,Madhya Pradesh,Rajgarh
2025-03-28,Wheat,Khilchipur,2330.0,2385.0,2366.0,Madhya Pradesh,Rajgarh
2025-03-29,Wheat,Khilchipur,2315.0,2340.0,2325.0,Madhya Pradesh,Rajgarh
2025-03-30,Wheat,Khilchipur,2600.0,2600.0,2600.0,Madhya Pradesh,Rajgarh
2025-03-31,Wheat,Khilchipur,2320.0,2330.0,2330.0,Madhya Pradesh,Rajgarh
2025-04-01,Wheat,Khilchipur,2275.0,2380.0,2350.0,Madhya Pradesh,Rajgarh
2025-04-01,Wheat,Khilchipur,2350.0,2350.0,2350.0,Madhya Pradesh,Rajgarh
2025-04-02,Wheat,Khilchipur,2314.0,2345.0,2340.0,Madhya Pradesh,Rajgarh
2025-04-02,Wheat,Khilchipur,2248.0,2370.0,2335.0,Madhya Pradesh,Rajgarh
2025-04-02,Wheat,Khilchipur,2225.0,5750.0,2340.0,Madhya Pradesh,Rajgarh
2025-04-02,Wheat,Khilchipur,2314.0,2347.0,2325.0,Madhya Pradesh,Rajgarh
2025-04-02,Wheat,Khilchipur,2225.0,2375.0,2325.0,Madhya Pradesh,Rajgarh
2025-04-02,Wheat,Khilchipur,2350.0,2350.0,2350.0,Madhya Pradesh,Rajgarh
2025-04-03,Wheat,Khilchipur,2255.0,2395.0,2340.0,Madhya Pradesh,Rajgarh
2025-04-03,Wheat,Khilchipur,2329.0,2376.0,2340.0,Madhya Pradesh,Rajgarh
2025-04-03,Wheat,Khilchipur,2320.0,2395.0,2340.0,Madhya Pradesh,Rajgarh
2025-04-03,Wheat,Khilchipur,2245.0,2472.0,2334.0,Madhya Pradesh,Rajgarh
2025-04-04,Wheat,Khilchipur,22.0,2415.0,2325.0,Madhya Pradesh,Rajgarh
2025-04-04,Wheat,Khilchipur,2260.0,2325.0,2325.0,Madhya Pradesh,Rajgarh
2025-04-04,Wheat,Khilchipur,2340.0,2340.0,2340.0,Madhya Pradesh,Rajgarh
2025-04-04,Wheat,Khilchipur,2228.0,2347.0,2325.0,Madhya Pradesh,Rajgarh
2025-04-04,Wheat,Khilchipur,2290.0,2290.0,2290.0,Madhya Pradesh,Rajgarh
2025-04-05,Wheat,Khilchipur,2325.0,2325.0,2325.0,Madhya Pradesh,Rajgarh
2025-04-08,Wheat,Khilchipur,2400.0,2400.0,2400.0,Madhya Pradesh,Rajgarh
2025-04-08,Wheat,Khilchipur,2288.0,2288.0,2288.0,Madhya Pradesh,Rajgarh
2025-04-08,Wheat,Khilchipur,2239.0,2440.0,2370.0,Madhya Pradesh,Rajgarh
2025-04-08,Wheat,Khilchipur,2351.0,2355.0,2351.0,Madhya Pradesh,Rajgarh
2025-04-08,Wheat,Khilchipur,2320.0,2320.0,2320.0,Madhya Pradesh,Rajgarh
2025-04-09,Wheat,Khilchipur,2265.0,2490.0,2400.0,Madhya Pradesh,Rajgarh
2025-04-09,Wheat,Khilchipur,2282.0,2467.0,2400.0,Madhya Pradesh,Rajgarh
2025-04-09,Wheat,Khilchipur,2350.0,2350.0,2350.0,Madhya Pradesh,Rajgarh
2025-04-09,Wheat,Khilchipur,2300.0,2463.0,2400.0,Madhya Pradesh,Rajgarh
2025-04-10,Wheat,Khilchipur,2415.0,2415.0,2415.0,Madhya Pradesh,Rajgarh
2025-04-11,Wheat,Khilchipur,2330.0,2385.0,2380.0,Madhya Pradesh,Rajgarh
2025-04-11,Wheat,Khilchipur,2284.0,2465.0,2380.0,Madhya Pradesh,Rajgarh
2025-04-12,Wheat,Khilchipur,2350.0,2350.0,2350.0,Madhya Pradesh,Rajgarh
2025-04-12,Wheat,Khilchipur,2300.0,2350.0,2350.0,Madhya Pradesh,Rajgarh
2025-04-15,Wheat,Khilchipur,2314.0,4200.0,2400.0,Madhya Pradesh,Rajgarh
2025-04-15,Wheat,Khilchipur,2370.0,2370.0,2370.0,Madhya Pradesh,Rajgarh
2025-04-16,Wheat,Khilchipur,2375.0,2375.0,2375.0,Madhya Pradesh,Rajgarh
2025-04-16,Wheat,Khilchipur,2400.0,2461.0,2430.0,Madhya Pradesh,Rajgarh
2025-04-16,Wheat,Khilchipur,2300.0,2500.0,2430.0,Madhya Pradesh,Rajgarh
2025-04-17,Wheat,Khilchipur,2435.0,2459.0,2444.0,Madhya Pradesh,Rajgarh
2025-04-17,Wheat,Khilchipur,2346.0,2474.0,2435.0,Madhya Pradesh,Rajgarh
2025-04-19,Wheat,Khilchipur,2390.0,2518.0,2461.0,Madhya Pradesh,Rajgarh
2025-04-19,Wheat,Khilchipur,2451.0,2478.0,2478.0,Madhya Pradesh,Rajgarh
2025-04-21,Wheat,Khilchipur,2400.0,2400.0,2400.0,Madhya Pradesh,Rajgarh
2025-04-22,Wheat,Khilchipur,2371.0,2475.0,2455.0,Madhya Pradesh,Rajgarh
2025-04-22,Wheat,Khilchipur,2412.0,2457.0,2455.0,Madhya Pradesh,Rajgarh
2025-04-22,Wheat,Khilchipur,2394.0,2470.0,2455.0,Madhya Pradesh,Rajgarh
2025-04-22,Wheat,Khilchipur,2400.0,2400.0,2400.0,Madhya Pradesh,Rajgarh
2025-04-23,Wheat,Khilchipur,2400.0,2400.0,2400.0,Madhya Pradesh,Rajgarh
2025-04-23,Wheat,Khilchipur,2346.0,2492.0,2440.0,Madhya Pradesh,Rajgarh
2025-04-23,Wheat,Khilchipur,2435.0,2443.0,2443.0,Madhya Pradesh,Rajgarh
2025-04-24,Wheat,Khilchipur,2400.0,2400.0,2400.0,Madhya Pradesh,Rajgarh
2025-04-24,Wheat,Khilchipur,2425.0,2460.0,2430.0,Madhya Pradesh,Rajgarh
2025-04-24,Wheat,Khilchipur,2375.0,2501.0,2430.0,Madhya Pradesh,Rajgarh
2025-04-25,Wheat,Khilchipur,2315.0,2485.0,2440.0,Madhya Pradesh,Rajgarh
2025-04-27,Wheat,Khilchipur,2345.0,2375.0,2360.0,Madhya Pradesh,Rajgarh
2025-04-29,Wheat,Khilchipur,2380.0,2380.0,2380.0,Madhya Pradesh,Rajgarh
2025-04-29,Wheat,Khilchipur,2420.0,2451.0,2439.0,Madhya Pradesh,Rajgarh
2025-04-29,Wheat,Khilchipur,2400.0,2462.0,2415.0,Madhya Pradesh,Rajgarh
2025-04-29,Wheat,Khilchipur,2402.0,2462.0,2439.0,Madhya Pradesh,Rajgarh
2025-04-30,Wheat,Khilchipur,2435.0,2456.0,2456.0,Madhya Pradesh,Rajgarh
2025-05-01,Wheat,Khilchipur,2398.0,2480.0,2445.0,Madhya Pradesh,Rajgarh
2025-05-02,Wheat,Khilchipur,2395.0,2476.0,2448.0,Madhya Pradesh,Rajgarh
2025-05-02,Wheat,Khilchipur,2400.0,2466.0,2466.0,Madhya Pradesh,Rajgarh
2025-05-03,Wheat,Khilchipur,2275.0,2480.0,2457.0,Madhya Pradesh,Rajgarh
2025-05-04,Wheat,Khilchipur,2445.0,2445.0,2445.0,Madhya Pradesh,Rajgarh
2025-05-06,Wheat,Khilchipur,2350.0,2380.0,2380.0,Madhya Pradesh,Rajgarh
2025-05-06,Wheat,Khilchipur,2409.0,2480.0,2466.0,Madhya Pradesh,Rajgarh
2025-05-07,Wheat,Khilchipur,2408.0,2495.0,2471.0,Madhya Pradesh,Rajgarh
2025-05-07,Wheat,Khilchipur,2463.0,2474.0,2471.0,Madhya Pradesh,Rajgarh
2025-05-08,Wheat,Khilchipur,2450.0,2472.0,2472.0,Madhya Pradesh,Rajgarh
2025-05-08,Wheat,Khilchipur,2400.0,2400.0,2400.0,Madhya Pradesh,Rajgarh
2025-05-08,Wheat,Khilchipur,2413.0,2483.0,2475.0,Madhya Pradesh,Rajgarh
2025-05-09,Wheat,Khilchipur,2433.0,2513.0,2488.0,Madhya Pradesh,Rajgarh
2025-05-10,Wheat,Khilchipur,2431.0,2515.0,2500.0,Madhya Pradesh,Rajgarh
2025-05-10,Wheat,Khilchipur,2431.0,2518.0,2500.0,Madhya Pradesh,Rajgarh
2025-05-11,Wheat,Khilchipur,2447.0,2515.0,2510.0,Madhya Pradesh,Rajgarh
2025-05-12,Wheat,Khilchipur,2447.0,2450.0,2450.0,Madhya Pradesh,Rajgarh
2025-05-13,Wheat,Khilchipur,2350.0,2515.0,2490.0,Madhya Pradesh,Rajgarh
2025-05-14,Wheat,Khilchipur,2380.0,2509.0,2480.0,Madhya Pradesh,Rajgarh
2025-05-15,Wheat,Khilchipur,2373.0,2496.0,2470.0,Madhya Pradesh,Rajgarh
2025-05-16,Wheat,Khilchipur,2415.0,2485.0,2485.0,Madhya Pradesh,Rajgarh
2025-05-16,Wheat,Khilchipur,2370.0,6800.0,2475.0,Madhya Pradesh,Rajgarh
2025-05-17,Wheat,Khilchipur,2410.0,2500.0,2490.0,Madhya Pradesh,Rajgarh
2025-05-18,Wheat,Khilchipur,2440.0,2495.0,2480.0,Madhya Pradesh,Rajgarh
2025-05-19,Wheat,Khilchipur,2488.0,2488.0,2488.0,Madhya Pradesh,Rajgarh
2025-05-20,Wheat,Khilchipur,2410.0,2540.0,2506.0,Madhya Pradesh,Rajgarh
2025-05-20,Wheat,Khilchipur,2417.0,2480.0,2480.0,Madhya Pradesh,Rajgarh
2025-05-21,Wheat,Khilchipur,2500.0,2500.0,2500.0,Madhya Pradesh,Rajgarh
2025-05-21,Wheat,Khilchipur,2403.0,2534.0,2493.0,Madhya Pradesh,Rajgarh
2025-05-22,Wheat,Khilchipur,2416.0,2524.0,2508.0,Madhya Pradesh,Rajgarh
2025-05-22,Wheat,Khilchipur,2470.0,2510.0,2508.0,Madhya Pradesh,Rajgarh
2025-05-23,Wheat,Khilchipur,2419.0,2535.0,2518.0,Madhya Pradesh,Rajgarh
2025-05-23,Wheat,Khilchipur,2419.0,2537.0,2518.0,Madhya Pradesh,Rajgarh
2025-05-23,Wheat,Khilchipur,2516.0,2516.0,2516.0,Madhya Pradesh,Rajgarh
2025-05-24,Wheat,Khilchipur,2411.0,2520.0,2505.0,Madhya Pradesh,Rajgarh
2025-05-25,Wheat,Khilchipur,2490.0,2490.0,2490.0,Madhya Pradesh,Rajgarh
2025-05-26,Wheat,Khilchipur,2450.0,2500.0,2500.0,Madhya Pradesh,Rajgarh
2025-05-26,Wheat,Khilchipur,2475.0,2480.0,2480.0,Madhya Pradesh,Rajgarh
2025-05-27,Wheat,Khilchipur,2414.0,2503.0,2488.0,Madhya Pradesh,Rajgarh
2025-05-27,Wheat,Khilchipur,2460.0,2490.0,2488.0,Madhya Pradesh,Rajgarh
2025-05-28,Wheat,Khilchipur,2394.0,2508.0,2474.0,Madhya Pradesh,Rajgarh
2025-05-28,Wheat,Khilchipur,2460.0,2480.0,2474.0,Madhya Pradesh,Rajgarh
2025-05-28,Wheat,Khilchipur,2379.0,2508.0,2474.0,Madhya Pradesh,Rajgarh
2025-05-28,Wheat,Khilchipur,2488.0,2488.0,2488.0,Madhya Pradesh,Rajgarh
2025-05-29,Wheat,Khilchipur,2460.0,2480.0,2475.0,Madhya Pradesh,Rajgarh
2025-05-29,Wheat,Khilchipur,2460.0,2460.0,2460.0,Madhya Pradesh,Rajgarh
2025-05-29,Wheat,Khilchipur,2382.0,2485.0,2475.0,Madhya Pradesh,Rajgarh
2025-05-30,Wheat,Khilchipur,2455.0,2475.0,2468.0,Madhya Pradesh,Rajgarh
2025-05-30,Wheat,Khilchipur,2400.0,2455.0,2455.0,Madhya Pradesh,Rajgarh
2025-05-30,Wheat,Khilchipur,2369.0,2500.0,2468.0,Madhya Pradesh,Rajgarh
2025-05-31,Wheat,Khilchipur,2445.0,2450.0,2450.0,Madhya Pradesh,Rajgarh
2025-05-31,Wheat,Khilchipur,2379.0,2494.0,2469.0,Madhya Pradesh,Rajgarh
2025-06-01,Wheat,Khilchipur,2440.0,2460.0,2440.0,Madhya Pradesh,Rajgarh
2025-06-03,Wheat,Khilchipur,2430.0,2445.0,2445.0,Madhya Pradesh,Rajgarh
2025-06-03,Wheat,Khilchipur,2390.0,2496.0,2483.0,Madhya Pradesh,Rajgarh
2025-06-04,Wheat,Khilchipur,2379.0,2379.0,2379.0,Madhya Pradesh,Rajgarh
2025-06-04,Wheat,Khilchipur,2386.0,2500.0,2475.0,Madhya Pradesh,Rajgarh
2025-06-04,Wheat,Khilchipur,2450.0,2450.0,2450.0,Madhya Pradesh,Rajgarh
2025-06-05,Wheat,Khilchipur,2374.0,2492.0,2479.0,Madhya Pradesh,Rajgarh
2025-06-05,Wheat,Khilchipur,2447.0,2470.0,2470.0,Madhya Pradesh,Rajgarh
2025-06-06,Wheat,Khilchipur,2377.0,2505.0,2485.0,Madhya Pradesh,Rajgarh
2025-06-07,Wheat,Khilchipur,2450.0,2460.0,2450.0,Madhya Pradesh,Rajgarh
2025-06-08,Wheat,Khilchipur,2435.0,2480.0,2440.0,Madhya Pradesh,Rajgarh
2025-06-09,Wheat,Khilchipur,45.0,2430.0,2430.0,Madhya Pradesh,Rajgarh
2025-06-09,Wheat,Khilchipur,2450.0,2455.0,2455.0,Madhya Pradesh,Rajgarh
2025-06-10,Wheat,Khilchipur,2371.0,2496.0,2485.0,Madhya Pradesh,Rajgarh
2025-06-10,Wheat,Khilchipur,2460.0,2470.0,2470.0,Madhya Pradesh,Rajgarh
2025-06-11,Wheat,Khilchipur,2379.0,2501.0,2496.0,Madhya Pradesh,Rajgarh
2025-06-12,Wheat,Khilchipur,2379.0,2495.0,2485.0,Madhya Pradesh,Rajgarh
2025-06-12,Wheat,Khilchipur,2450.0,2450.0,2450.0,Madhya Pradesh,Rajgarh
2025-06-13,Wheat,Khilchipur,2364.0,2484.0,2470.0,Madhya Pradesh,Rajgarh
2025-06-13,Wheat,Khilchipur,2460.0,2460.0,2460.0,Madhya Pradesh,Rajgarh
2025-06-14,Wheat,Khilchipur,2371.0,2371.0,2371.0,Madhya Pradesh,Rajgarh
2025-06-14,Wheat,Khilchipur,2319.0,2478.0,2473.0,Madhya Pradesh,Rajgarh
2025-06-16,Wheat,Khilchipur,2455.0,2455.0,2455.0,Madhya Pradesh,Rajgarh
2025-06-16,Wheat,Khilchipur,2440.0,2440.0,2440.0,Madhya Pradesh,Rajgarh
2025-06-17,Wheat,Khilchipur,2329.0,2475.0,2459.0,Madhya Pradesh,Rajgarh
2025-06-18,Wheat,Khilchipur,2439.0,2439.0,2439.0,Madhya Pradesh,Rajgarh
2025-06-18,Wheat,Khilchipur,2319.0,2555.0,2440.0,Madhya Pradesh,Rajgarh
2025-06-19,Wheat,Khilchipur,2314.0,2439.0,2433.0,Madhya Pradesh,Rajgarh
2025-06-20,Wheat,Khilchipur,2410.0,2410.0,2410.0,Madhya Pradesh,Rajgarh
2025-06-20,Wheat,Khilchipur,2330.0,2451.0,2425.0,Madhya Pradesh,Rajgarh
2025-06-21,Wheat,Khilchipur,2335.0,2464.0,2462.0,Madhya Pradesh,Rajgarh
2025-06-23,Wheat,Khilchipur,2420.0,2420.0,2420.0,Madhya Pradesh,Rajgarh
2025-06-24,Wheat,Khilchipur,2435.0,2480.0,2451.0,Madhya Pradesh,Rajgarh
2025-06-25,Wheat,Khilchipur,2469.0,2508.0,2508.0,Madhya Pradesh,Rajgarh
2025-06-26,Wheat,Khilchipur,2388.0,2522.0,2511.0,Madhya Pradesh,Rajgarh
2025-06-27,Wheat,Khilchipur,2397.0,2535.0,2510.0,Madhya Pradesh,Rajgarh
2025-06-28,Wheat,Khilchipur,2400.0,2533.0,2524.0,Madhya Pradesh,Rajgarh
2025-06-29,Wheat,Khilchipur,2465.0,2475.0,2475.0,Madhya Pradesh,Rajgarh
2025-06-29,Wheat,Khilchipur,2447.0,2447.0,2447.0,Madhya Pradesh,Rajgarh
2025-07-01,Wheat,Khilchipur,2368.0,2512.0,2495.0,Madhya Pradesh,Rajgarh
2025-07-02,Wheat,Khilchipur,2376.0,2503.0,2500.0,Madhya Pradesh,Rajgarh
2025-07-03,Wheat,Khilchipur,2378.0,2503.0,2499.0,Madhya Pradesh,Rajgarh
2025-07-04,Wheat,Khilchipur,2369.0,2501.0,2490.0,Madhya Pradesh,Rajgarh
2025-07-05,Wheat,Khilchipur,2377.0,2495.0,2487.0,Madhya Pradesh,Rajgarh
2025-07-08,Wheat,Khilchipur,2300.0,2488.0,2480.0,Madhya Pradesh,Rajgarh
2025-07-09,Wheat,Khilchipur,1300.0,2477.0,2474.0,Madhya Pradesh,Rajgarh
2025-07-11,Wheat,Khilchipur,2306.0,2498.0,2490.0,Madhya Pradesh,Rajgarh
2025-07-12,Wheat,Khilchipur,2430.0,2493.0,2487.0,Madhya Pradesh,Rajgarh
2025-07-13,Wheat,Khilchipur,2450.0,2520.0,2510.0,Madhya Pradesh,Rajgarh
2025-07-14,Wheat,Khilchipur,2485.0,2495.0,2490.0,Madhya Pradesh,Rajgarh
2025-07-14,Wheat,Khilchipur,2410.0,2410.0,2410.0,Madhya Pradesh,Rajgarh
2025-07-15,Wheat,Khilchipur,2440.0,2519.0,2512.0,Madhya Pradesh,Rajgarh
2025-07-16,Wheat,Khilchipur,2419.0,2531.0,2528.0,Madhya Pradesh,Rajgarh
2025-07-16,Wheat,Khilchipur,2480.0,2480.0,2480.0,Madhya Pradesh,Rajgarh
2025-07-17,Wheat,Khilchipur,2430.0,2543.0,2542.0,Madhya Pradesh,Rajgarh
2025-07-18,Wheat,Khilchipur,2505.0,2556.0,2556.0,Madhya Pradesh,Rajgarh
2025-07-19,Wheat,Khilchipur,2518.0,2563.0,2555.0,Madhya Pradesh,Rajgarh
2025-07-22,Wheat,Khilchipur,2440.0,2565.0,2561.0,Madhya Pradesh,Rajgarh
2025-07-23,Wheat,Khilchipur,2449.0,2574.0,2569.0,Madhya Pradesh,Rajgarh
2025-07-23,Wheat,Khilchipur,2555.0,2555.0,2555.0,Madhya Pradesh,Rajgarh
2025-07-24,Wheat,Khilchipur,2540.0,2540.0,2540.0,Madhya Pradesh,Rajgarh
2025-07-25,Wheat,Khilchipur,2500.0,2615.0,2571.0,Madhya Pradesh,Rajgarh
2025-07-30,Wheat,Khilchipur,2546.0,2649.0,2640.0,Madhya Pradesh,Rajgarh
2025-07-31,Wheat,Khilchipur,2615.0,2642.0,2639.0,Madhya Pradesh,Rajgarh
2025-08-01,Wheat,Khilchipur,2575.0,2665.0,2662.0,Madhya Pradesh,Rajgarh
2025-08-02,Wheat,Khilchipur,2568.0,2653.0,2640.0,Madhya Pradesh,Rajgarh
2025-08-04,Wheat,Khilchipur,2600.0,2600.0,2600.0,Madhya Pradesh,Rajgarh
2025-08-04,Wheat,Khilchipur,2588.0,2591.0,2591.0,Madhya Pradesh,Rajgarh
2025-08-05,Wheat,Khilchipur,2570.0,2660.0,2651.0,Madhya Pradesh,Rajgarh
2025-08-06,Wheat,Khilchipur,2530.0,2649.0,2641.0,Madhya Pradesh,Rajgarh
2025-08-07,Wheat,Khilchipur,2565.0,2647.0,2640.0,Madhya Pradesh,Rajgarh
2025-08-08,Wheat,Khilchipur,2544.0,2645.0,2628.0,Madhya Pradesh,Rajgarh
2025-08-11,Wheat,Khilchipur,2620.0,2625.0,2625.0,Madhya Pradesh,Rajgarh
2025-08-12,Wheat,Khilchipur,2563.0,2657.0,2645.0,Madhya Pradesh,Rajgarh
2025-08-13,Wheat,Khilchipur,2554.0,2650.0,2645.0,Madhya Pradesh,Rajgarh
2025-08-14,Wheat,Khilchipur,2559.0,2647.0,2647.0,Madhya Pradesh,Rajgarh
2025-08-16,Wheat,Khilchipur,2616.0,2616.0,2616.0,Madhya Pradesh,Rajgarh
2025-08-19,Wheat,Khilchipur,2535.0,2631.0,2624.0,Madhya Pradesh,Rajgarh
2025-08-20,Wheat,Khilchipur,2450.0,2621.0,2617.0,Madhya Pradesh,Rajgarh
2025-08-21,Wheat,Khilchipur,2556.0,2619.0,2615.0,Madhya Pradesh,Rajgarh
2025-08-22,Wheat,Khilchipur,2581.0,2618.0,2618.0,Madhya Pradesh,Rajgarh
2025-08-23,Wheat,Khilchipur,2553.0,2619.0,2597.0,Madhya Pradesh,Rajgarh
2025-08-24,Wheat,Khilchipur,2580.0,2600.0,2600.0,Madhya Pradesh,Rajgarh
2025-08-26,Wheat,Khilchipur,2530.0,2615.0,2611.0,Madhya Pradesh,Rajgarh
2025-08-27,Wheat,Khilchipur,2548.0,2595.0,2593.0,Madhya Pradesh,Rajgarh
2025-08-27,Wheat,Khilchipur,2548.0,2595.0,2590.0,Madhya Pradesh,Rajgarh
2025-08-28,Wheat,Khilchipur,2526.0,2599.0,2597.0,Madhya Pradesh,Rajgarh
2025-08-29,Wheat,Khilchipur,2551.0,2598.0,2596.0,Madhya Pradesh,Rajgarh
2025-08-30,Wheat,Khilchipur,2579.0,2599.0,2599.0,Madhya Pradesh,Rajgarh
2025-09-01,Wheat,Khilchipur,2575.0,2580.0,2575.0,Madhya Pradesh,Rajgarh
2025-09-02,Wheat,Khilchipur,2512.0,2601.0,2594.0,Madhya Pradesh,Rajgarh
2025-09-03,Wheat,Khilchipur,2565.0,2604.0,2592.0,Madhya Pradesh,Rajgarh
2025-09-04,Wheat,Khilchipur,2518.0,2630.0,2620.0,Madhya Pradesh,Rajgarh
2025-09-09,Wheat,Khilchipur,2520.0,2619.0,2614.0,Madhya Pradesh,Rajgarh
2025-09-09,Wheat,Khilchipur,2536.0,2617.0,2613.0,Madhya Pradesh,Rajgarh
2025-09-10,Wheat,Khilchipur,2527.0,2609.0,2604.0,Madhya Pradesh,Rajgarh
2025-09-11,Wheat,Khilchipur,2517.0,2601.0,2580.0,Madhya Pradesh,Rajgarh
2025-09-12,Wheat,Khilchipur,2484.0,2595.0,2575.0,Madhya Pradesh,Rajgarh
2025-09-13,Wheat,Khilchipur,2499.0,2579.0,2570.0,Madhya Pradesh,Rajgarh
2025-09-14,Wheat,Khilchipur,2600.0,2600.0,2600.0,Madhya Pradesh,Rajgarh
2025-09-15,Wheat,Khilchipur,2525.0,2540.0,2530.0,Madhya Pradesh,Rajgarh
2025-09-16,Wheat,Khilchipur,2470.0,2600.0,2555.0,Madhya Pradesh,Rajgarh
2025-09-17,Wheat,Khilchipur,2477.0,2551.0,2543.0,Madhya Pradesh,Rajgarh
2025-09-17,Wheat,Khilchipur,2477.0,2549.0,2543.0,Madhya Pradesh,Rajgarh
2025-09-17,Wheat,Khilchipur,2510.0,2510.0,2510.0,Madhya Pradesh,Rajgarh
2025-09-18,Wheat,Khilchipur,2475.0,2548.0,2543.0,Madhya Pradesh,Rajgarh
2025-09-19,Wheat,Khilchipur,2475.0,2544.0,2532.0,Madhya Pradesh,Rajgarh
2025-09-20,Wheat,Khilchipur,2439.0,2532.0,2500.0,Madhya Pradesh,Rajgarh
2025-09-22,Wheat,Khilchipur,2510.0,2510.0,2510.0,Madhya Pradesh,Rajgarh
2025-09-23,Wheat,Khilchipur,2510.0,2510.0,2510.0,Madhya Pradesh,Rajgarh
2025-09-23,Wheat,Khilchipur,2445.0,2530.0,2512.0,Madhya Pradesh,Rajgarh
2025-09-24,Wheat,Khilchipur,2478.0,2548.0,2542.0,Madhya Pradesh,Rajgarh
2025-09-24,Wheat,Khilchipur,2450.0,2480.0,2480.0,Madhya Pradesh,Rajgarh
2025-09-25,Wheat,Khilchipur,2410.0,2546.0,2540.0,Madhya Pradesh,Rajgarh
2025-09-25,Wheat,Khilchipur,2480.0,2480.0,2480.0,Madhya Pradesh,Rajgarh
2025-09-27,Wheat,Khilchipur,2500.0,2521.0,2516.0,Madhya Pradesh,Rajgarh
2025-09-28,Wheat,Khilchipur,2474.0,2517.0,2517.0,Madhya Pradesh,Rajgarh
2025-09-30,Wheat,Khilchipur,2450.0,2500.0,2460.0,Madhya Pradesh,Rajgarh
2025-10-01,Wheat,Khilchipur,2500.0,2500.0,2500.0,Madhya Pradesh,Rajgarh
2025-10-03,Wheat,Khilchipur,2459.0,2528.0,2525.0,Madhya Pradesh,Rajgarh
2025-10-03,Wheat,Khilchipur,2470.0,2480.0,2480.0,Madhya Pradesh,Rajgarh
2025-10-04,Wheat,Khilchipur,2438.0,2531.0,2509.0,Madhya Pradesh,Rajgarh
2025-10-04,Wheat,Khilchipur,2480.0,2485.0,2485.0,Madhya Pradesh,Rajgarh
2025-10-05,Wheat,Khilchipur,2425.0,2494.0,2450.0,Madhya Pradesh,Rajgarh
2025-10-05,Wheat,Khilchipur,2499.0,2525.0,2500.0,Madhya Pradesh,Rajgarh
2025-10-06,Wheat,Khilchipur,2450.0,2500.0,2500.0,Madhya Pradesh,Rajgarh
2025-10-07,Wheat,Khilchipur,2441.0,2493.0,2480.0,Madhya Pradesh,Rajgarh
2025-10-07,Wheat,Khilchipur,2441.0,2488.0,2480.0,Madhya Pradesh,Rajgarh
2025-10-08,Wheat,Khilchipur,2400.0,2460.0,2460.0,Madhya Pradesh,Rajgarh
2025-10-08,Wheat,Khilchipur,2428.0,2477.0,2474.0,Madhya Pradesh,Rajgarh
2025-10-08,Wheat,Khilchipur,2428.0,2477.0,2475.0,Madhya Pradesh,Rajgarh
2025-10-09,Wheat,Khilchipur,2410.0,2489.0,2479.0,Madhya Pradesh,Rajgarh
2025-10-09,Wheat,Khilchipur,2470.0,2470.0,2470.0,Madhya Pradesh,Rajgarh
2025-10-10,Wheat,Khilchipur,4168.0,4168.0,4168.0,Madhya Pradesh,Rajgarh
2025-10-12,Wheat,Khilchipur,2425.0,2490.0,2425.0,Madhya Pradesh,Rajgarh
2025-10-13,Wheat,Khilchipur,2425.0,2425.0,2425.0,Madhya Pradesh,Rajgarh
2025-10-14,Wheat,Khilchipur,2440.0,2473.0,2460.0,Madhya Pradesh,Rajgarh
2025-10-15,Wheat,Khilchipur,2401.0,2493.0,2482.0,Madhya Pradesh,Rajgarh
2025-10-15,Wheat,Khilchipur,2425.0,2425.0,2425.0,Madhya Pradesh,Rajgarh
2025-10-16,Wheat,Khilchipur,2400.0,2490.0,2485.0,Madhya Pradesh,Rajgarh
2025-10-17,Wheat,Khilchipur,2415.0,2488.0,2483.0,Madhya Pradesh,Rajgarh
2025-10-18,Wheat,Khilchipur,2475.0,2475.0,2475.0,Madhya Pradesh,Rajgarh
2025-10-19,Wheat,Khilchipur,2425.0,2425.0,2425.0,Madhya Pradesh,Rajgarh
2025-10-22,Wheat,Khilchipur,2480.0,2485.0,2485.0,Madhya Pradesh,Rajgarh
2025-10-23,Wheat,Khilchipur,2431.0,2493.0,2485.0,Madhya Pradesh,Rajgarh
2025-10-23,Wheat,Khilchipur,2430.0,2471.0,2471.0,Madhya Pradesh,Rajgarh
2025-10-24,Wheat,Khilchipur,2425.0,2425.0,2425.0,Madhya Pradesh,Rajgarh
2025-10-26,Wheat,Khilchipur,2425.0,2430.0,2425.0,Madhya Pradesh,Rajgarh
2025-10-26,Wheat,Khilchipur,2425.0,2488.0,2425.0,Madhya Pradesh,Rajgarh
2025-10-27,Wheat,Khilchipur,2475.0,2482.0,2482.0,Madhya Pradesh,Rajgarh
2025-10-28,Wheat,Khilchipur,2411.0,2496.0,2495.0,Madhya Pradesh,Rajgarh
2025-10-28,Wheat,Khilchipur,2395.0,2425.0,2425.0,Madhya Pradesh,Rajgarh
2025-10-29,Wheat,Khilchipur,2400.0,2494.0,2480.0,Madhya Pradesh,Rajgarh
2025-10-29,Wheat,Khilchipur,2425.0,2450.0,2425.0,Madhya Pradesh,Rajgarh
2025-10-30,Wheat,Khilchipur,2400.0,2460.0,2460.0,Madhya Pradesh,Rajgarh
2025-10-31,Wheat,Khilchipur,2350.0,2460.0,2425.0,Madhya Pradesh,Rajgarh
2025-10-31,Wheat,Khilchipur,2400.0,2425.0,2425.0,Madhya Pradesh,Rajgarh
2025-11-01,Wheat,Khilchipur,2400.0,2410.0,2400.0,Madhya Pradesh,Rajgarh
2025-11-02,Wheat,Khilchipur,2480.0,2482.0,2482.0,Madhya Pradesh,Rajgarh
2025-11-03,Wheat,Khilchipur,2425.0,2425.0,2425.0,Madhya Pradesh,Rajgarh
2025-11-04,Wheat,Khilchipur,2450.0,2450.0,2450.0,Madhya Pradesh,Rajgarh
